2026-09-09 14:39:06.754  INFO [background-preinit] [trace:NONE] o.h.validator.internal.util.Version      : HV000001: Hibernate Validator 8.0.2.Final
2026-09-09 14:39:06.971  INFO [restartedMain] [trace:NONE] c.d.E.EmployeeManagmentApplication       : Starting EmployeeManagmentApplication using Java 21.0.8 with PID 21980 (C:\Datansh Project\employee_management_backend_java\EmployeeManagment\EmployeeManagment\target\classes started by panka in C:\Datansh Project\employee_management_backend_java\EmployeeManagment)
2026-09-09 14:39:06.973 DEBUG [restartedMain] [trace:NONE] c.d.E.EmployeeManagmentApplication       : Running with Spring Boot v3.4.3, Spring v6.2.3
2026-09-09 14:39:06.977  INFO [restartedMain] [trace:NONE] c.d.E.EmployeeManagmentApplication       : No active profile set, falling back to 1 default profile: "default"
2026-09-09 14:39:07.166  INFO [restartedMain] [trace:NONE] .e.DevToolsPropertyDefaultsPostProcessor : Devtools property defaults active! Set 'spring.devtools.add-properties' to 'false' to disable
2026-09-09 14:39:07.166  INFO [restartedMain] [trace:NONE] .e.DevToolsPropertyDefaultsPostProcessor : For additional web related logging consider setting the 'logging.level.web' property to 'DEBUG'
2026-09-09 14:39:11.223  INFO [restartedMain] [trace:NONE] .s.d.r.c.RepositoryConfigurationDelegate : Multiple Spring Data modules found, entering strict repository configuration mode
2026-09-09 14:39:11.227  INFO [restartedMain] [trace:NONE] .s.d.r.c.RepositoryConfigurationDelegate : Bootstrapping Spring Data JPA repositories in DEFAULT mode.
2026-09-09 14:39:11.690  INFO [restartedMain] [trace:NONE] .s.d.r.c.RepositoryConfigurationDelegate : Finished Spring Data repository scanning in 444 ms. Found 30 JPA repository interfaces.
2026-09-09 14:39:11.736  INFO [restartedMain] [trace:NONE] .s.d.r.c.RepositoryConfigurationDelegate : Multiple Spring Data modules found, entering strict repository configuration mode
2026-09-09 14:39:11.737  INFO [restartedMain] [trace:NONE] .s.d.r.c.RepositoryConfigurationDelegate : Bootstrapping Spring Data Redis repositories in DEFAULT mode.
2026-09-09 14:39:11.787  INFO [restartedMain] [trace:NONE] .RepositoryConfigurationExtensionSupport : Spring Data Redis - Could not safely identify store assignment for repository candidate interface com.datansh.EmployeeManagment.repository.AddressRepository; If you want this repository to be a Redis repository, consider annotating your entities with one of these annotations: org.springframework.data.redis.core.RedisHash (preferred), or consider extending one of the following types with your repository: org.springframework.data.keyvalue.repository.KeyValueRepository
2026-09-09 14:39:11.787  INFO [restartedMain] [trace:NONE] .RepositoryConfigurationExtensionSupport : Spring Data Redis - Could not safely identify store assignment for repository candidate interface com.datansh.EmployeeManagment.repository.AnnouncementRepository; If you want this repository to be a Redis repository, consider annotating your entities with one of these annotations: org.springframework.data.redis.core.RedisHash (preferred), or consider extending one of the following types with your repository: org.springframework.data.keyvalue.repository.KeyValueRepository
2026-09-09 14:39:11.789  INFO [restartedMain] [trace:NONE] .RepositoryConfigurationExtensionSupport : Spring Data Redis - Could not safely identify store assignment for repository candidate interface com.datansh.EmployeeManagment.repository.AttendanceRepository; If you want this repository to be a Redis repository, consider annotating your entities with one of these annotations: org.springframework.data.redis.core.RedisHash (preferred), or consider extending one of the following types with your repository: org.springframework.data.keyvalue.repository.KeyValueRepository
2026-09-09 14:39:11.789  INFO [restartedMain] [trace:NONE] .RepositoryConfigurationExtensionSupport : Spring Data Redis - Could not safely identify store assignment for repository candidate interface com.datansh.EmployeeManagment.repository.AuditLogRepository; If you want this repository to be a Redis repository, consider annotating your entities with one of these annotations: org.springframework.data.redis.core.RedisHash (preferred), or consider extending one of the following types with your repository: org.springframework.data.keyvalue.repository.KeyValueRepository
2026-09-09 14:39:11.789  INFO [restartedMain] [trace:NONE] .RepositoryConfigurationExtensionSupport : Spring Data Redis - Could not safely identify store assignment for repository candidate interface com.datansh.EmployeeManagment.repository.BankDetailRepository; If you want this repository to be a Redis repository, consider annotating your entities with one of these annotations: org.springframework.data.redis.core.RedisHash (preferred), or consider extending one of the following types with your repository: org.springframework.data.keyvalue.repository.KeyValueRepository
2026-09-09 14:39:11.790  INFO [restartedMain] [trace:NONE] .RepositoryConfigurationExtensionSupport : Spring Data Redis - Could not safely identify store assignment for repository candidate interface com.datansh.EmployeeManagment.repository.DepartmentRepository; If you want this repository to be a Redis repository, consider annotating your entities with one of these annotations: org.springframework.data.redis.core.RedisHash (preferred), or consider extending one of the following types with your repository: org.springframework.data.keyvalue.repository.KeyValueRepository
2026-09-09 14:39:11.790  INFO [restartedMain] [trace:NONE] .RepositoryConfigurationExtensionSupport : Spring Data Redis - Could not safely identify store assignment for repository candidate interface com.datansh.EmployeeManagment.repository.DesignationRepository; If you want this repository to be a Redis repository, consider annotating your entities with one of these annotations: org.springframework.data.redis.core.RedisHash (preferred), or consider extending one of the following types with your repository: org.springframework.data.keyvalue.repository.KeyValueRepository
2026-09-09 14:39:11.790  INFO [restartedMain] [trace:NONE] .RepositoryConfigurationExtensionSupport : Spring Data Redis - Could not safely identify store assignment for repository candidate interface com.datansh.EmployeeManagment.repository.EmailVerificationRepository; If you want this repository to be a Redis repository, consider annotating your entities with one of these annotations: org.springframework.data.redis.core.RedisHash (preferred), or consider extending one of the following types with your repository: org.springframework.data.keyvalue.repository.KeyValueRepository
2026-09-09 14:39:11.790  INFO [restartedMain] [trace:NONE] .RepositoryConfigurationExtensionSupport : Spring Data Redis - Could not safely identify store assignment for repository candidate interface com.datansh.EmployeeManagment.repository.EmergencyContactRepository; If you want this repository to be a Redis repository, consider annotating your entities with one of these annotations: org.springframework.data.redis.core.RedisHash (preferred), or consider extending one of the following types with your repository: org.springframework.data.keyvalue.repository.KeyValueRepository
2026-09-09 14:39:11.790  INFO [restartedMain] [trace:NONE] .RepositoryConfigurationExtensionSupport : Spring Data Redis - Could not safely identify store assignment for repository candidate interface com.datansh.EmployeeManagment.repository.EmployeeAddressRepository; If you want this repository to be a Redis repository, consider annotating your entities with one of these annotations: org.springframework.data.redis.core.RedisHash (preferred), or consider extending one of the following types with your repository: org.springframework.data.keyvalue.repository.KeyValueRepository
2026-09-09 14:39:11.792  INFO [restartedMain] [trace:NONE] .RepositoryConfigurationExtensionSupport : Spring Data Redis - Could not safely identify store assignment for repository candidate interface com.datansh.EmployeeManagment.repository.EmployeeDocumentRepository; If you want this repository to be a Redis repository, consider annotating your entities with one of these annotations: org.springframework.data.redis.core.RedisHash (preferred), or consider extending one of the following types with your repository: org.springframework.data.keyvalue.repository.KeyValueRepository
2026-09-09 14:39:11.792  INFO [restartedMain] [trace:NONE] .RepositoryConfigurationExtensionSupport : Spring Data Redis - Could not safely identify store assignment for repository candidate interface com.datansh.EmployeeManagment.repository.EmployeeLeaveBalanceRepository; If you want this repository to be a Redis repository, consider annotating your entities with one of these annotations: org.springframework.data.redis.core.RedisHash (preferred), or consider extending one of the following types with your repository: org.springframework.data.keyvalue.repository.KeyValueRepository
2026-09-09 14:39:11.792  INFO [restartedMain] [trace:NONE] .RepositoryConfigurationExtensionSupport : Spring Data Redis - Could not safely identify store assignment for repository candidate interface com.datansh.EmployeeManagment.repository.EmployeeRepository; If you want this repository to be a Redis repository, consider annotating your entities with one of these annotations: org.springframework.data.redis.core.RedisHash (preferred), or consider extending one of the following types with your repository: org.springframework.data.keyvalue.repository.KeyValueRepository
2026-09-09 14:39:11.793  INFO [restartedMain] [trace:NONE] .RepositoryConfigurationExtensionSupport : Spring Data Redis - Could not safely identify store assignment for repository candidate interface com.datansh.EmployeeManagment.repository.HolidayRepository; If you want this repository to be a Redis repository, consider annotating your entities with one of these annotations: org.springframework.data.redis.core.RedisHash (preferred), or consider extending one of the following types with your repository: org.springframework.data.keyvalue.repository.KeyValueRepository
2026-09-09 14:39:11.793  INFO [restartedMain] [trace:NONE] .RepositoryConfigurationExtensionSupport : Spring Data Redis - Could not safely identify store assignment for repository candidate interface com.datansh.EmployeeManagment.repository.LeaveApprovalHistoryRepository; If you want this repository to be a Redis repository, consider annotating your entities with one of these annotations: org.springframework.data.redis.core.RedisHash (preferred), or consider extending one of the following types with your repository: org.springframework.data.keyvalue.repository.KeyValueRepository
2026-09-09 14:39:11.793  INFO [restartedMain] [trace:NONE] .RepositoryConfigurationExtensionSupport : Spring Data Redis - Could not safely identify store assignment for repository candidate interface com.datansh.EmployeeManagment.repository.LeaveRequestRepository; If you want this repository to be a Redis repository, consider annotating your entities with one of these annotations: org.springframework.data.redis.core.RedisHash (preferred), or consider extending one of the following types with your repository: org.springframework.data.keyvalue.repository.KeyValueRepository
2026-09-09 14:39:11.795  INFO [restartedMain] [trace:NONE] .RepositoryConfigurationExtensionSupport : Spring Data Redis - Could not safely identify store assignment for repository candidate interface com.datansh.EmployeeManagment.repository.LeaveTypeRepository; If you want this repository to be a Redis repository, consider annotating your entities with one of these annotations: org.springframework.data.redis.core.RedisHash (preferred), or consider extending one of the following types with your repository: org.springframework.data.keyvalue.repository.KeyValueRepository
2026-09-09 14:39:11.795  INFO [restartedMain] [trace:NONE] .RepositoryConfigurationExtensionSupport : Spring Data Redis - Could not safely identify store assignment for repository candidate interface com.datansh.EmployeeManagment.repository.NotificationRecipientRepository; If you want this repository to be a Redis repository, consider annotating your entities with one of these annotations: org.springframework.data.redis.core.RedisHash (preferred), or consider extending one of the following types with your repository: org.springframework.data.keyvalue.repository.KeyValueRepository
2026-09-09 14:39:11.795  INFO [restartedMain] [trace:NONE] .RepositoryConfigurationExtensionSupport : Spring Data Redis - Could not safely identify store assignment for repository candidate interface com.datansh.EmployeeManagment.repository.NotificationRepository; If you want this repository to be a Redis repository, consider annotating your entities with one of these annotations: org.springframework.data.redis.core.RedisHash (preferred), or consider extending one of the following types with your repository: org.springframework.data.keyvalue.repository.KeyValueRepository
2026-09-09 14:39:11.795  INFO [restartedMain] [trace:NONE] .RepositoryConfigurationExtensionSupport : Spring Data Redis - Could not safely identify store assignment for repository candidate interface com.datansh.EmployeeManagment.repository.PayrollRunRepository; If you want this repository to be a Redis repository, consider annotating your entities with one of these annotations: org.springframework.data.redis.core.RedisHash (preferred), or consider extending one of the following types with your repository: org.springframework.data.keyvalue.repository.KeyValueRepository
2026-09-09 14:39:11.797  INFO [restartedMain] [trace:NONE] .RepositoryConfigurationExtensionSupport : Spring Data Redis - Could not safely identify store assignment for repository candidate interface com.datansh.EmployeeManagment.repository.PerformanceReviewRepository; If you want this repository to be a Redis repository, consider annotating your entities with one of these annotations: org.springframework.data.redis.core.RedisHash (preferred), or consider extending one of the following types with your repository: org.springframework.data.keyvalue.repository.KeyValueRepository
2026-09-09 14:39:11.799  INFO [restartedMain] [trace:NONE] .RepositoryConfigurationExtensionSupport : Spring Data Redis - Could not safely identify store assignment for repository candidate interface com.datansh.EmployeeManagment.repository.PermissionRepository; If you want this repository to be a Redis repository, consider annotating your entities with one of these annotations: org.springframework.data.redis.core.RedisHash (preferred), or consider extending one of the following types with your repository: org.springframework.data.keyvalue.repository.KeyValueRepository
2026-09-09 14:39:11.799  INFO [restartedMain] [trace:NONE] .RepositoryConfigurationExtensionSupport : Spring Data Redis - Could not safely identify store assignment for repository candidate interface com.datansh.EmployeeManagment.repository.ProjectMemberRepository; If you want this repository to be a Redis repository, consider annotating your entities with one of these annotations: org.springframework.data.redis.core.RedisHash (preferred), or consider extending one of the following types with your repository: org.springframework.data.keyvalue.repository.KeyValueRepository
2026-09-09 14:39:11.799  INFO [restartedMain] [trace:NONE] .RepositoryConfigurationExtensionSupport : Spring Data Redis - Could not safely identify store assignment for repository candidate interface com.datansh.EmployeeManagment.repository.ProjectRepository; If you want this repository to be a Redis repository, consider annotating your entities with one of these annotations: org.springframework.data.redis.core.RedisHash (preferred), or consider extending one of the following types with your repository: org.springframework.data.keyvalue.repository.KeyValueRepository
2026-09-09 14:39:11.801  INFO [restartedMain] [trace:NONE] .RepositoryConfigurationExtensionSupport : Spring Data Redis - Could not safely identify store assignment for repository candidate interface com.datansh.EmployeeManagment.repository.RolePermissionRepository; If you want this repository to be a Redis repository, consider annotating your entities with one of these annotations: org.springframework.data.redis.core.RedisHash (preferred), or consider extending one of the following types with your repository: org.springframework.data.keyvalue.repository.KeyValueRepository
2026-09-09 14:39:11.801  INFO [restartedMain] [trace:NONE] .RepositoryConfigurationExtensionSupport : Spring Data Redis - Could not safely identify store assignment for repository candidate interface com.datansh.EmployeeManagment.repository.RoleRepository; If you want this repository to be a Redis repository, consider annotating your entities with one of these annotations: org.springframework.data.redis.core.RedisHash (preferred), or consider extending one of the following types with your repository: org.springframework.data.keyvalue.repository.KeyValueRepository
2026-09-09 14:39:11.801  INFO [restartedMain] [trace:NONE] .RepositoryConfigurationExtensionSupport : Spring Data Redis - Could not safely identify store assignment for repository candidate interface com.datansh.EmployeeManagment.repository.SalaryComponentRepository; If you want this repository to be a Redis repository, consider annotating your entities with one of these annotations: org.springframework.data.redis.core.RedisHash (preferred), or consider extending one of the following types with your repository: org.springframework.data.keyvalue.repository.KeyValueRepository
2026-09-09 14:39:11.801  INFO [restartedMain] [trace:NONE] .RepositoryConfigurationExtensionSupport : Spring Data Redis - Could not safely identify store assignment for repository candidate interface com.datansh.EmployeeManagment.repository.SalaryRepository; If you want this repository to be a Redis repository, consider annotating your entities with one of these annotations: org.springframework.data.redis.core.RedisHash (preferred), or consider extending one of the following types with your repository: org.springframework.data.keyvalue.repository.KeyValueRepository
2026-09-09 14:39:11.801  INFO [restartedMain] [trace:NONE] .RepositoryConfigurationExtensionSupport : Spring Data Redis - Could not safely identify store assignment for repository candidate interface com.datansh.EmployeeManagment.repository.UserRepository; If you want this repository to be a Redis repository, consider annotating your entities with one of these annotations: org.springframework.data.redis.core.RedisHash (preferred), or consider extending one of the following types with your repository: org.springframework.data.keyvalue.repository.KeyValueRepository
2026-09-09 14:39:11.803  INFO [restartedMain] [trace:NONE] .RepositoryConfigurationExtensionSupport : Spring Data Redis - Could not safely identify store assignment for repository candidate interface com.datansh.EmployeeManagment.repository.UserRoleRepository; If you want this repository to be a Redis repository, consider annotating your entities with one of these annotations: org.springframework.data.redis.core.RedisHash (preferred), or consider extending one of the following types with your repository: org.springframework.data.keyvalue.repository.KeyValueRepository
2026-09-09 14:39:11.803  INFO [restartedMain] [trace:NONE] .s.d.r.c.RepositoryConfigurationDelegate : Finished Spring Data repository scanning in 37 ms. Found 0 Redis repository interfaces.
2026-09-09 14:39:13.667  INFO [restartedMain] [trace:NONE] o.s.b.w.embedded.tomcat.TomcatWebServer  : Tomcat initialized with port 8080 (http)
2026-09-09 14:39:13.692  INFO [restartedMain] [trace:NONE] o.a.coyote.http11.Http11NioProtocol      : Initializing ProtocolHandler ["http-nio-8080"]
2026-09-09 14:39:13.693  INFO [restartedMain] [trace:NONE] o.apache.catalina.core.StandardService   : Starting service [Tomcat]
2026-09-09 14:39:13.693  INFO [restartedMain] [trace:NONE] o.apache.catalina.core.StandardEngine    : Starting Servlet engine: [Apache Tomcat/10.1.36]
2026-09-09 14:39:13.794  INFO [restartedMain] [trace:NONE] o.a.c.c.C.[Tomcat].[localhost].[/]       : Initializing Spring embedded WebApplicationContext
2026-09-09 14:39:13.794  INFO [restartedMain] [trace:NONE] w.s.c.ServletWebServerApplicationContext : Root WebApplicationContext: initialization completed in 6624 ms
2026-09-09 14:39:14.371  INFO [restartedMain] [trace:NONE] com.zaxxer.hikari.HikariDataSource       : HikariPool-1 - Starting...
2026-09-09 14:39:14.783  INFO [restartedMain] [trace:NONE] com.zaxxer.hikari.pool.HikariPool        : HikariPool-1 - Added connection org.postgresql.jdbc.PgConnection@5ce016c3
2026-09-09 14:39:14.785  INFO [restartedMain] [trace:NONE] com.zaxxer.hikari.HikariDataSource       : HikariPool-1 - Start completed.
2026-09-09 14:39:14.848  INFO [restartedMain] [trace:NONE] org.flywaydb.core.FlywayExecutor         : Database: jdbc:postgresql://localhost:5432/employee_management (PostgreSQL 18.6)
2026-09-09 14:39:14.894  WARN [restartedMain] [trace:NONE] o.f.c.internal.database.base.Database    : Flyway upgrade recommended: PostgreSQL 18.6 is newer than this version of Flyway and support has not been tested. The latest supported version of PostgreSQL is 17.
2026-09-09 14:39:15.054  INFO [restartedMain] [trace:NONE] o.f.core.internal.command.DbValidate     : Successfully validated 6 migrations (execution time 00:00.118s)
2026-09-09 14:39:15.102  INFO [restartedMain] [trace:NONE] o.f.core.internal.command.DbMigrate      : Current version of schema "public": 5
2026-09-09 14:39:15.113  INFO [restartedMain] [trace:NONE] o.f.core.internal.command.DbMigrate      : Schema "public" is up to date. No migration necessary.
2026-09-09 14:39:15.445  INFO [restartedMain] [trace:NONE] o.hibernate.jpa.internal.util.LogHelper  : HHH000204: Processing PersistenceUnitInfo [name: default]
2026-09-09 14:39:15.645  INFO [restartedMain] [trace:NONE] org.hibernate.Version                    : HHH000412: Hibernate ORM core version 6.6.8.Final
2026-09-09 14:39:15.754  INFO [restartedMain] [trace:NONE] o.h.c.internal.RegionFactoryInitiator    : HHH000026: Second-level cache disabled
2026-09-09 14:39:17.171  INFO [restartedMain] [trace:NONE] o.s.o.j.p.SpringPersistenceUnitInfo      : No LoadTimeWeaver setup: ignoring JPA class transformer
2026-09-09 14:39:17.354  WARN [restartedMain] [trace:NONE] org.hibernate.orm.deprecation            : HHH90000025: PostgreSQLDialect does not need to be specified explicitly using 'hibernate.dialect' (remove the property setting and it will be selected by default)
2026-09-09 14:39:17.424  INFO [restartedMain] [trace:NONE] org.hibernate.orm.connections.pooling    : HHH10001005: Database info:
	Database JDBC URL [Connecting through datasource 'HikariDataSource (HikariPool-1)']
	Database driver: undefined/unknown
	Database version: 18.6
	Autocommit mode: undefined/unknown
	Isolation level: undefined/unknown
	Minimum pool size: undefined/unknown
	Maximum pool size: undefined/unknown
2026-09-09 14:39:24.722  INFO [restartedMain] [trace:NONE] o.h.e.t.j.p.i.JtaPlatformInitiator       : HHH000489: No JTA platform available (set 'hibernate.transaction.jta.platform' to enable JTA platform integration)
2026-09-09 14:39:24.953  INFO [restartedMain] [trace:NONE] j.LocalContainerEntityManagerFactoryBean : Initialized JPA EntityManagerFactory for persistence unit 'default'
2026-09-09 14:39:25.597  INFO [restartedMain] [trace:NONE] o.s.d.j.r.query.QueryEnhancerFactory     : Hibernate is in classpath; If applicable, HQL parser will be used.
2026-09-09 14:39:26.745 DEBUG [restartedMain] [trace:NONE] c.d.E.security.JwtAuthenticationFilter   : Filter 'jwtAuthenticationFilter' configured for use
2026-09-09 14:39:26.745 DEBUG [restartedMain] [trace:NONE] c.d.E.security.RequestLoggingFilter      : Filter 'requestLoggingFilter' configured for use
2026-09-09 14:39:29.502  WARN [restartedMain] [trace:NONE] r$InitializeUserDetailsManagerConfigurer : Global AuthenticationManager configured with an AuthenticationProvider bean. UserDetailsService beans will not be used by Spring Security for automatically configuring username/password login. Consider removing the AuthenticationProvider bean. Alternatively, consider using the UserDetailsService in a manually instantiated DaoAuthenticationProvider. If the current configuration is intentional, to turn off this warning, increase the logging level of 'org.springframework.security.config.annotation.authentication.configuration.InitializeUserDetailsBeanManagerConfigurer' to ERROR
2026-09-09 14:39:30.401  INFO [restartedMain] [trace:NONE] o.s.b.d.a.OptionalLiveReloadServer       : LiveReload server is running on port 35729
2026-09-09 14:39:30.429  INFO [restartedMain] [trace:NONE] o.a.coyote.http11.Http11NioProtocol      : Starting ProtocolHandler ["http-nio-8080"]
2026-09-09 14:39:30.452  INFO [restartedMain] [trace:NONE] o.s.b.w.embedded.tomcat.TomcatWebServer  : Tomcat started on port 8080 (http) with context path '/'
2026-09-09 14:39:30.470  INFO [restartedMain] [trace:NONE] c.d.E.EmployeeManagmentApplication       : Started EmployeeManagmentApplication in 26.016 seconds (process running for 34.556)
2026-09-09 14:39:30.485  INFO [restartedMain] [trace:NONE] c.d.E.util.DataInitializer               : Checking and seeding employee records...
2026-09-09 14:39:31.142  INFO [restartedMain] [trace:NONE] c.d.E.util.DataInitializer               : Database employee verification completed.
2026-09-09 14:39:31.167  INFO [restartedMain] [trace:NONE] c.d.E.config.RolePermissionSyncRunner    : [RBAC SYNC] Synchronizing Role Permissions with business rules...
2026-09-09 14:39:33.060  INFO [restartedMain] [trace:NONE] c.d.E.config.RolePermissionSyncRunner    : [RBAC SYNC] Role permissions successfully aligned with Python source of truth.
2026-09-09 14:39:34.658  INFO [http-nio-8080-exec-1] [trace:NONE] o.a.c.c.C.[Tomcat].[localhost].[/]       : Initializing Spring DispatcherServlet 'dispatcherServlet'
2026-09-09 14:39:34.667  INFO [http-nio-8080-exec-1] [trace:a4925c06] c.d.E.security.RequestLoggingFilter      : [HTTP IN]  GET /health from IP 0:0:0:0:0:0:0:1
2026-09-09 14:39:34.820  INFO [http-nio-8080-exec-1] [trace:a4925c06] c.d.E.security.RequestLoggingFilter      : [HTTP OUT] GET /health -> 200 (153ms)
2026-09-09 14:39:47.493  INFO [http-nio-8080-exec-2] [trace:e0ede994] c.d.E.security.RequestLoggingFilter      : [HTTP IN]  GET /health from IP 0:0:0:0:0:0:0:1
2026-09-09 14:39:47.497  INFO [http-nio-8080-exec-2] [trace:e0ede994] c.d.E.security.RequestLoggingFilter      : [HTTP OUT] GET /health -> 200 (4ms)
2026-09-09 14:39:47.507  INFO [http-nio-8080-exec-4] [trace:699d1b6f] c.d.E.security.RequestLoggingFilter      : [HTTP IN]  OPTIONS /employees/search?limit=100 from IP 0:0:0:0:0:0:0:1
2026-09-09 14:39:47.508  INFO [http-nio-8080-exec-3] [trace:d744a609] c.d.E.security.RequestLoggingFilter      : [HTTP IN]  OPTIONS /departments from IP 0:0:0:0:0:0:0:1
2026-09-09 14:39:47.512  INFO [http-nio-8080-exec-5] [trace:cd4be975] c.d.E.security.RequestLoggingFilter      : [HTTP IN]  OPTIONS /attendance/records?limit=100 from IP 0:0:0:0:0:0:0:1
2026-09-09 14:39:47.513  INFO [http-nio-8080-exec-6] [trace:062907a1] c.d.E.security.RequestLoggingFilter      : [HTTP IN]  OPTIONS /leaves/requests?limit=100 from IP 0:0:0:0:0:0:0:1
2026-09-09 14:39:47.514  INFO [http-nio-8080-exec-9] [trace:b3943eec] c.d.E.security.RequestLoggingFilter      : [HTTP IN]  OPTIONS /leaves/balances/me from IP 0:0:0:0:0:0:0:1
2026-09-09 14:39:47.514  INFO [http-nio-8080-exec-8] [trace:07fe5d25] c.d.E.security.RequestLoggingFilter      : [HTTP IN]  OPTIONS /projects from IP 0:0:0:0:0:0:0:1
2026-09-09 14:39:47.516  INFO [http-nio-8080-exec-4] [trace:699d1b6f] c.d.E.security.RequestLoggingFilter      : [HTTP OUT] OPTIONS /employees/search?limit=100 -> 200 (9ms)
2026-09-09 14:39:47.516  INFO [http-nio-8080-exec-5] [trace:cd4be975] c.d.E.security.RequestLoggingFilter      : [HTTP OUT] OPTIONS /attendance/records?limit=100 -> 200 (4ms)
2026-09-09 14:39:47.517  INFO [http-nio-8080-exec-6] [trace:062907a1] c.d.E.security.RequestLoggingFilter      : [HTTP OUT] OPTIONS /leaves/requests?limit=100 -> 200 (4ms)
2026-09-09 14:39:47.517  INFO [http-nio-8080-exec-9] [trace:b3943eec] c.d.E.security.RequestLoggingFilter      : [HTTP OUT] OPTIONS /leaves/balances/me -> 200 (3ms)
2026-09-09 14:39:47.519  INFO [http-nio-8080-exec-3] [trace:d744a609] c.d.E.security.RequestLoggingFilter      : [HTTP OUT] OPTIONS /departments -> 200 (11ms)
2026-09-09 14:39:47.520  INFO [http-nio-8080-exec-8] [trace:07fe5d25] c.d.E.security.RequestLoggingFilter      : [HTTP OUT] OPTIONS /projects -> 200 (6ms)
2026-09-09 14:39:47.522  INFO [http-nio-8080-exec-10] [trace:e77cd0c4] c.d.E.security.RequestLoggingFilter      : [HTTP IN]  OPTIONS /reviews? from IP 0:0:0:0:0:0:0:1
2026-09-09 14:39:47.522  INFO [http-nio-8080-exec-7] [trace:e14ba4b2] c.d.E.security.RequestLoggingFilter      : [HTTP IN]  OPTIONS /announcements from IP 0:0:0:0:0:0:0:1
2026-09-09 14:39:47.528  INFO [http-nio-8080-exec-2] [trace:fb1c5e38] c.d.E.security.RequestLoggingFilter      : [HTTP IN]  OPTIONS /payroll/runs?limit=100 from IP 0:0:0:0:0:0:0:1
2026-09-09 14:39:47.525  INFO [http-nio-8080-exec-1] [trace:8316c5b1] c.d.E.security.RequestLoggingFilter      : [HTTP IN]  OPTIONS /auth/pending-users from IP 0:0:0:0:0:0:0:1
2026-09-09 14:39:47.530  INFO [http-nio-8080-exec-10] [trace:e77cd0c4] c.d.E.security.RequestLoggingFilter      : [HTTP OUT] OPTIONS /reviews? -> 200 (8ms)
2026-09-09 14:39:47.530  INFO [http-nio-8080-exec-7] [trace:e14ba4b2] c.d.E.security.RequestLoggingFilter      : [HTTP OUT] OPTIONS /announcements -> 200 (8ms)
2026-09-09 14:39:47.531  INFO [http-nio-8080-exec-1] [trace:8316c5b1] c.d.E.security.RequestLoggingFilter      : [HTTP OUT] OPTIONS /auth/pending-users -> 200 (6ms)
2026-09-09 14:39:47.531  INFO [http-nio-8080-exec-2] [trace:fb1c5e38] c.d.E.security.RequestLoggingFilter      : [HTTP OUT] OPTIONS /payroll/runs?limit=100 -> 200 (3ms)
2026-09-09 14:39:47.532  INFO [http-nio-8080-exec-8] [trace:6375c732] c.d.E.security.RequestLoggingFilter      : [HTTP IN]  GET /leaves/balances/me from IP 0:0:0:0:0:0:0:1
2026-09-09 14:39:47.532  INFO [http-nio-8080-exec-4] [trace:d82e5fe1] c.d.E.security.RequestLoggingFilter      : [HTTP IN]  GET /employees/search?limit=100 from IP 0:0:0:0:0:0:0:1
2026-09-09 14:39:47.539  INFO [http-nio-8080-exec-5] [trace:afa47018] c.d.E.security.RequestLoggingFilter      : [HTTP IN]  GET /leaves/requests?limit=100 from IP 0:0:0:0:0:0:0:1
2026-09-09 14:39:47.539  INFO [http-nio-8080-exec-3] [trace:4f08b182] c.d.E.security.RequestLoggingFilter      : [HTTP IN]  GET /projects from IP 0:0:0:0:0:0:0:1
2026-09-09 14:39:47.540  INFO [http-nio-8080-exec-9] [trace:ee847d98] c.d.E.security.RequestLoggingFilter      : [HTTP IN]  GET /attendance/records?limit=100 from IP 0:0:0:0:0:0:0:1
2026-09-09 14:39:47.540  INFO [http-nio-8080-exec-6] [trace:c678ade1] c.d.E.security.RequestLoggingFilter      : [HTTP IN]  GET /departments from IP 0:0:0:0:0:0:0:1
2026-09-09 14:39:47.800  WARN [http-nio-8080-exec-3] [trace:4f08b182] c.d.E.security.RequestLoggingFilter      : [HTTP OUT] GET /projects -> 401 (261ms)
2026-09-09 14:39:47.800  WARN [http-nio-8080-exec-9] [trace:ee847d98] c.d.E.security.RequestLoggingFilter      : [HTTP OUT] GET /attendance/records?limit=100 -> 401 (260ms)
2026-09-09 14:39:47.800  WARN [http-nio-8080-exec-6] [trace:c678ade1] c.d.E.security.RequestLoggingFilter      : [HTTP OUT] GET /departments -> 401 (260ms)
2026-09-09 14:39:47.800  WARN [http-nio-8080-exec-5] [trace:afa47018] c.d.E.security.RequestLoggingFilter      : [HTTP OUT] GET /leaves/requests?limit=100 -> 401 (261ms)
2026-09-09 14:39:47.800  WARN [http-nio-8080-exec-4] [trace:d82e5fe1] c.d.E.security.RequestLoggingFilter      : [HTTP OUT] GET /employees/search?limit=100 -> 401 (268ms)
2026-09-09 14:39:47.800  WARN [http-nio-8080-exec-8] [trace:6375c732] c.d.E.security.RequestLoggingFilter      : [HTTP OUT] GET /leaves/balances/me -> 401 (268ms)
2026-09-09 14:39:47.800  INFO [http-nio-8080-exec-7] [trace:02547fb5] c.d.E.security.RequestLoggingFilter      : [HTTP IN]  GET /reviews? from IP 0:0:0:0:0:0:0:1
2026-09-09 14:39:47.807  INFO [http-nio-8080-exec-10] [trace:3059f1bd] c.d.E.security.RequestLoggingFilter      : [HTTP IN]  GET /announcements from IP 0:0:0:0:0:0:0:1
2026-09-09 14:39:47.807  INFO [http-nio-8080-exec-1] [trace:b3069efb] c.d.E.security.RequestLoggingFilter      : [HTTP IN]  GET /auth/pending-users from IP 0:0:0:0:0:0:0:1
2026-09-09 14:39:47.807  INFO [http-nio-8080-exec-2] [trace:c4a573dd] c.d.E.security.RequestLoggingFilter      : [HTTP IN]  GET /payroll/runs?limit=100 from IP 0:0:0:0:0:0:0:1
2026-09-09 14:39:47.814  INFO [http-nio-8080-exec-3] [trace:afc0ae28] c.d.E.security.RequestLoggingFilter      : [HTTP IN]  OPTIONS /auth/refresh from IP 0:0:0:0:0:0:0:1
2026-09-09 14:39:47.814  WARN [http-nio-8080-exec-7] [trace:02547fb5] c.d.E.security.RequestLoggingFilter      : [HTTP OUT] GET /reviews? -> 401 (14ms)
2026-09-09 14:39:47.814  WARN [http-nio-8080-exec-2] [trace:c4a573dd] c.d.E.security.RequestLoggingFilter      : [HTTP OUT] GET /payroll/runs?limit=100 -> 401 (7ms)
2026-09-09 14:39:47.814  WARN [http-nio-8080-exec-10] [trace:3059f1bd] c.d.E.security.RequestLoggingFilter      : [HTTP OUT] GET /announcements -> 401 (7ms)
2026-09-09 14:39:47.814  WARN [http-nio-8080-exec-1] [trace:b3069efb] c.d.E.security.RequestLoggingFilter      : [HTTP OUT] GET /auth/pending-users -> 401 (7ms)
2026-09-09 14:39:47.814  INFO [http-nio-8080-exec-6] [trace:dc17b87b] c.d.E.security.RequestLoggingFilter      : [HTTP IN]  OPTIONS /auth/refresh from IP 0:0:0:0:0:0:0:1
2026-09-09 14:39:47.816  INFO [http-nio-8080-exec-9] [trace:7e43e3d5] c.d.E.security.RequestLoggingFilter      : [HTTP IN]  OPTIONS /auth/refresh from IP 0:0:0:0:0:0:0:1
2026-09-09 14:39:47.818  INFO [http-nio-8080-exec-4] [trace:6490e660] c.d.E.security.RequestLoggingFilter      : [HTTP IN]  OPTIONS /auth/refresh from IP 0:0:0:0:0:0:0:1
2026-09-09 14:39:47.818  INFO [http-nio-8080-exec-5] [trace:d73d4ae9] c.d.E.security.RequestLoggingFilter      : [HTTP IN]  OPTIONS /auth/refresh from IP 0:0:0:0:0:0:0:1
2026-09-09 14:39:47.818  INFO [http-nio-8080-exec-8] [trace:864e78fa] c.d.E.security.RequestLoggingFilter      : [HTTP IN]  OPTIONS /auth/refresh from IP 0:0:0:0:0:0:0:1
2026-09-09 14:39:47.818  INFO [http-nio-8080-exec-3] [trace:afc0ae28] c.d.E.security.RequestLoggingFilter      : [HTTP OUT] OPTIONS /auth/refresh -> 200 (4ms)
2026-09-09 14:39:47.818  INFO [http-nio-8080-exec-6] [trace:dc17b87b] c.d.E.security.RequestLoggingFilter      : [HTTP OUT] OPTIONS /auth/refresh -> 200 (4ms)
2026-09-09 14:39:47.818  INFO [http-nio-8080-exec-5] [trace:d73d4ae9] c.d.E.security.RequestLoggingFilter      : [HTTP OUT] OPTIONS /auth/refresh -> 200 (0ms)
2026-09-09 14:39:47.818  INFO [http-nio-8080-exec-9] [trace:7e43e3d5] c.d.E.security.RequestLoggingFilter      : [HTTP OUT] OPTIONS /auth/refresh -> 200 (2ms)
2026-09-09 14:39:47.818  INFO [http-nio-8080-exec-4] [trace:6490e660] c.d.E.security.RequestLoggingFilter      : [HTTP OUT] OPTIONS /auth/refresh -> 200 (0ms)
2026-09-09 14:39:47.818  INFO [http-nio-8080-exec-8] [trace:864e78fa] c.d.E.security.RequestLoggingFilter      : [HTTP OUT] OPTIONS /auth/refresh -> 200 (0ms)
2026-09-09 14:39:47.822  INFO [http-nio-8080-exec-7] [trace:f3f570c3] c.d.E.security.RequestLoggingFilter      : [HTTP IN]  OPTIONS /auth/refresh from IP 0:0:0:0:0:0:0:1
2026-09-09 14:39:47.822  INFO [http-nio-8080-exec-2] [trace:0cbd1564] c.d.E.security.RequestLoggingFilter      : [HTTP IN]  OPTIONS /auth/refresh from IP 0:0:0:0:0:0:0:1
2026-09-09 14:39:47.822  INFO [http-nio-8080-exec-7] [trace:f3f570c3] c.d.E.security.RequestLoggingFilter      : [HTTP OUT] OPTIONS /auth/refresh -> 200 (0ms)
2026-09-09 14:39:47.822  INFO [http-nio-8080-exec-10] [trace:bcf13d96] c.d.E.security.RequestLoggingFilter      : [HTTP IN]  OPTIONS /auth/refresh from IP 0:0:0:0:0:0:0:1
2026-09-09 14:39:47.822  INFO [http-nio-8080-exec-1] [trace:ecfb9cf9] c.d.E.security.RequestLoggingFilter      : [HTTP IN]  OPTIONS /auth/refresh from IP 0:0:0:0:0:0:0:1
2026-09-09 14:39:47.822  INFO [http-nio-8080-exec-2] [trace:0cbd1564] c.d.E.security.RequestLoggingFilter      : [HTTP OUT] OPTIONS /auth/refresh -> 200 (0ms)
2026-09-09 14:39:47.826  INFO [http-nio-8080-exec-1] [trace:ecfb9cf9] c.d.E.security.RequestLoggingFilter      : [HTTP OUT] OPTIONS /auth/refresh -> 200 (4ms)
2026-09-09 14:39:47.826  INFO [http-nio-8080-exec-10] [trace:bcf13d96] c.d.E.security.RequestLoggingFilter      : [HTTP OUT] OPTIONS /auth/refresh -> 200 (4ms)
2026-09-09 14:39:47.828  INFO [http-nio-8080-exec-2] [trace:1c900cb1] c.d.E.security.RequestLoggingFilter      : [HTTP IN]  POST /auth/refresh from IP 0:0:0:0:0:0:0:1
2026-09-09 14:39:47.828  INFO [http-nio-8080-exec-10] [trace:965fa7ca] c.d.E.security.RequestLoggingFilter      : [HTTP IN]  POST /auth/refresh from IP 0:0:0:0:0:0:0:1
2026-09-09 14:39:47.828  INFO [http-nio-8080-exec-6] [trace:087f4cdf] c.d.E.security.RequestLoggingFilter      : [HTTP IN]  POST /auth/refresh from IP 0:0:0:0:0:0:0:1
2026-09-09 14:39:47.828  INFO [http-nio-8080-exec-5] [trace:d851404f] c.d.E.security.RequestLoggingFilter      : [HTTP IN]  POST /auth/refresh from IP 0:0:0:0:0:0:0:1
2026-09-09 14:39:47.828  INFO [http-nio-8080-exec-1] [trace:633a5b6c] c.d.E.security.RequestLoggingFilter      : [HTTP IN]  POST /auth/refresh from IP 0:0:0:0:0:0:0:1
2026-09-09 14:39:47.828  INFO [http-nio-8080-exec-9] [trace:a50ea9b9] c.d.E.security.RequestLoggingFilter      : [HTTP IN]  POST /auth/refresh from IP 0:0:0:0:0:0:0:1
2026-09-09 14:39:48.031  WARN [http-nio-8080-exec-6] [trace:087f4cdf] c.d.E.service.AuthService                : [AUTH] Token refresh failed - invalid or expired refresh token
2026-09-09 14:39:48.031  WARN [http-nio-8080-exec-1] [trace:633a5b6c] c.d.E.service.AuthService                : [AUTH] Token refresh failed - invalid or expired refresh token
2026-09-09 14:39:48.031  WARN [http-nio-8080-exec-2] [trace:1c900cb1] c.d.E.service.AuthService                : [AUTH] Token refresh failed - invalid or expired refresh token
2026-09-09 14:39:48.031  WARN [http-nio-8080-exec-5] [trace:d851404f] c.d.E.service.AuthService                : [AUTH] Token refresh failed - invalid or expired refresh token
2026-09-09 14:39:48.033  WARN [http-nio-8080-exec-10] [trace:965fa7ca] c.d.E.service.AuthService                : [AUTH] Token refresh failed - invalid or expired refresh token
2026-09-09 14:39:48.038  WARN [http-nio-8080-exec-9] [trace:a50ea9b9] c.d.E.service.AuthService                : [AUTH] Token refresh failed - invalid or expired refresh token
2026-09-09 14:39:48.038  WARN [http-nio-8080-exec-2] [trace:1c900cb1] c.d.E.exception.GlobalExceptionHandler   : [BAD REQUEST] 400: Invalid or expired refresh token
2026-09-09 14:39:48.038  WARN [http-nio-8080-exec-1] [trace:633a5b6c] c.d.E.exception.GlobalExceptionHandler   : [BAD REQUEST] 400: Invalid or expired refresh token
2026-09-09 14:39:48.054  WARN [http-nio-8080-exec-5] [trace:d851404f] c.d.E.exception.GlobalExceptionHandler   : [BAD REQUEST] 400: Invalid or expired refresh token
2026-09-09 14:39:48.054  WARN [http-nio-8080-exec-10] [trace:965fa7ca] c.d.E.exception.GlobalExceptionHandler   : [BAD REQUEST] 400: Invalid or expired refresh token
2026-09-09 14:39:48.054  WARN [http-nio-8080-exec-9] [trace:a50ea9b9] c.d.E.exception.GlobalExceptionHandler   : [BAD REQUEST] 400: Invalid or expired refresh token
2026-09-09 14:39:48.054  WARN [http-nio-8080-exec-6] [trace:087f4cdf] c.d.E.exception.GlobalExceptionHandler   : [BAD REQUEST] 400: Invalid or expired refresh token
2026-09-09 14:39:48.089  WARN [http-nio-8080-exec-10] [trace:965fa7ca] .m.m.a.ExceptionHandlerExceptionResolver : Resolved [com.datansh.EmployeeManagment.exception.BadRequestException: Invalid or expired refresh token]
2026-09-09 14:39:48.089  WARN [http-nio-8080-exec-1] [trace:633a5b6c] .m.m.a.ExceptionHandlerExceptionResolver : Resolved [com.datansh.EmployeeManagment.exception.BadRequestException: Invalid or expired refresh token]
2026-09-09 14:39:48.089  WARN [http-nio-8080-exec-1] [trace:633a5b6c] c.d.E.security.RequestLoggingFilter      : [HTTP OUT] POST /auth/refresh -> 400 (261ms)
2026-09-09 14:39:48.091  WARN [http-nio-8080-exec-9] [trace:a50ea9b9] .m.m.a.ExceptionHandlerExceptionResolver : Resolved [com.datansh.EmployeeManagment.exception.BadRequestException: Invalid or expired refresh token]
2026-09-09 14:39:48.091  WARN [http-nio-8080-exec-9] [trace:a50ea9b9] c.d.E.security.RequestLoggingFilter      : [HTTP OUT] POST /auth/refresh -> 400 (263ms)
2026-09-09 14:39:48.091  WARN [http-nio-8080-exec-5] [trace:d851404f] .m.m.a.ExceptionHandlerExceptionResolver : Resolved [com.datansh.EmployeeManagment.exception.BadRequestException: Invalid or expired refresh token]
2026-09-09 14:39:48.091  WARN [http-nio-8080-exec-2] [trace:1c900cb1] .m.m.a.ExceptionHandlerExceptionResolver : Resolved [com.datansh.EmployeeManagment.exception.BadRequestException: Invalid or expired refresh token]
2026-09-09 14:39:48.091  INFO [http-nio-8080-exec-7] [trace:6fcc8c69] c.d.E.security.RequestLoggingFilter      : [HTTP IN]  POST /auth/refresh from IP 0:0:0:0:0:0:0:1
2026-09-09 14:39:48.091  WARN [http-nio-8080-exec-6] [trace:087f4cdf] .m.m.a.ExceptionHandlerExceptionResolver : Resolved [com.datansh.EmployeeManagment.exception.BadRequestException: Invalid or expired refresh token]
2026-09-09 14:39:48.091  WARN [http-nio-8080-exec-2] [trace:1c900cb1] c.d.E.security.RequestLoggingFilter      : [HTTP OUT] POST /auth/refresh -> 400 (263ms)
2026-09-09 14:39:48.091  WARN [http-nio-8080-exec-6] [trace:087f4cdf] c.d.E.security.RequestLoggingFilter      : [HTTP OUT] POST /auth/refresh -> 400 (263ms)
2026-09-09 14:39:48.091  WARN [http-nio-8080-exec-10] [trace:965fa7ca] c.d.E.security.RequestLoggingFilter      : [HTTP OUT] POST /auth/refresh -> 400 (263ms)
2026-09-09 14:39:48.098  INFO [http-nio-8080-exec-3] [trace:948ad3ca] c.d.E.security.RequestLoggingFilter      : [HTTP IN]  POST /auth/refresh from IP 0:0:0:0:0:0:0:1
2026-09-09 14:39:48.098  WARN [http-nio-8080-exec-5] [trace:d851404f] c.d.E.security.RequestLoggingFilter      : [HTTP OUT] POST /auth/refresh -> 400 (270ms)
2026-09-09 14:39:48.101  INFO [http-nio-8080-exec-8] [trace:99968b99] c.d.E.security.RequestLoggingFilter      : [HTTP IN]  POST /auth/refresh from IP 0:0:0:0:0:0:0:1
2026-09-09 14:39:48.101  INFO [http-nio-8080-exec-4] [trace:11b999fd] c.d.E.security.RequestLoggingFilter      : [HTTP IN]  POST /auth/refresh from IP 0:0:0:0:0:0:0:1
2026-09-09 14:39:48.106  WARN [http-nio-8080-exec-7] [trace:6fcc8c69] c.d.E.service.AuthService                : [AUTH] Token refresh failed - invalid or expired refresh token
2026-09-09 14:39:48.117  WARN [http-nio-8080-exec-7] [trace:6fcc8c69] c.d.E.exception.GlobalExceptionHandler   : [BAD REQUEST] 400: Invalid or expired refresh token
2026-09-09 14:39:48.122  WARN [http-nio-8080-exec-3] [trace:948ad3ca] c.d.E.service.AuthService                : [AUTH] Token refresh failed - invalid or expired refresh token
2026-09-09 14:39:48.122  WARN [http-nio-8080-exec-4] [trace:11b999fd] c.d.E.service.AuthService                : [AUTH] Token refresh failed - invalid or expired refresh token
2026-09-09 14:39:48.122  WARN [http-nio-8080-exec-4] [trace:11b999fd] c.d.E.exception.GlobalExceptionHandler   : [BAD REQUEST] 400: Invalid or expired refresh token
2026-09-09 14:39:48.122  WARN [http-nio-8080-exec-3] [trace:948ad3ca] c.d.E.exception.GlobalExceptionHandler   : [BAD REQUEST] 400: Invalid or expired refresh token
2026-09-09 14:39:48.122  WARN [http-nio-8080-exec-7] [trace:6fcc8c69] .m.m.a.ExceptionHandlerExceptionResolver : Resolved [com.datansh.EmployeeManagment.exception.BadRequestException: Invalid or expired refresh token]
2026-09-09 14:39:48.122  WARN [http-nio-8080-exec-7] [trace:6fcc8c69] c.d.E.security.RequestLoggingFilter      : [HTTP OUT] POST /auth/refresh -> 400 (31ms)
2026-09-09 14:39:48.122  WARN [http-nio-8080-exec-4] [trace:11b999fd] .m.m.a.ExceptionHandlerExceptionResolver : Resolved [com.datansh.EmployeeManagment.exception.BadRequestException: Invalid or expired refresh token]
2026-09-09 14:39:48.122  WARN [http-nio-8080-exec-4] [trace:11b999fd] c.d.E.security.RequestLoggingFilter      : [HTTP OUT] POST /auth/refresh -> 400 (21ms)
2026-09-09 14:39:48.122  WARN [http-nio-8080-exec-3] [trace:948ad3ca] .m.m.a.ExceptionHandlerExceptionResolver : Resolved [com.datansh.EmployeeManagment.exception.BadRequestException: Invalid or expired refresh token]
2026-09-09 14:39:48.122  WARN [http-nio-8080-exec-8] [trace:99968b99] c.d.E.service.AuthService                : [AUTH] Token refresh failed - invalid or expired refresh token
2026-09-09 14:39:48.122  WARN [http-nio-8080-exec-3] [trace:948ad3ca] c.d.E.security.RequestLoggingFilter      : [HTTP OUT] POST /auth/refresh -> 400 (24ms)
2026-09-09 14:39:48.133  WARN [http-nio-8080-exec-8] [trace:99968b99] c.d.E.exception.GlobalExceptionHandler   : [BAD REQUEST] 400: Invalid or expired refresh token
2026-09-09 14:39:48.133  WARN [http-nio-8080-exec-8] [trace:99968b99] .m.m.a.ExceptionHandlerExceptionResolver : Resolved [com.datansh.EmployeeManagment.exception.BadRequestException: Invalid or expired refresh token]
2026-09-09 14:39:48.133  WARN [http-nio-8080-exec-8] [trace:99968b99] c.d.E.security.RequestLoggingFilter      : [HTTP OUT] POST /auth/refresh -> 400 (32ms)
2026-09-09 14:39:49.484  INFO [http-nio-8080-exec-1] [trace:331415e9] c.d.E.security.RequestLoggingFilter      : [HTTP IN]  GET /auth/pending-users from IP 0:0:0:0:0:0:0:1
2026-09-09 14:39:49.484  WARN [http-nio-8080-exec-1] [trace:331415e9] c.d.E.security.RequestLoggingFilter      : [HTTP OUT] GET /auth/pending-users -> 401 (0ms)
2026-09-09 14:40:05.778  INFO [http-nio-8080-exec-9] [trace:dc7ad924] c.d.E.security.RequestLoggingFilter      : [HTTP IN]  OPTIONS /auth/login from IP 0:0:0:0:0:0:0:1
2026-09-09 14:40:05.778  INFO [http-nio-8080-exec-9] [trace:dc7ad924] c.d.E.security.RequestLoggingFilter      : [HTTP OUT] OPTIONS /auth/login -> 200 (0ms)
2026-09-09 14:40:05.785  INFO [http-nio-8080-exec-10] [trace:96918277] c.d.E.security.RequestLoggingFilter      : [HTTP IN]  POST /auth/login from IP 0:0:0:0:0:0:0:1
2026-09-09 14:40:06.477  INFO [http-nio-8080-exec-10] [trace:96918277] c.d.E.service.AuthService                : [AUTH] User authenticated successfully: userId=1, publicId=6f482b97-1f38-46d0-a12b-a393d0f5e445, email=admin@company.com
2026-09-09 14:40:06.685  INFO [http-nio-8080-exec-10] [trace:96918277] c.d.E.security.RequestLoggingFilter      : [HTTP OUT] POST /auth/login -> 200 (900ms)
2026-09-09 14:40:06.892  INFO [http-nio-8080-exec-6] [trace:873f7144] c.d.E.security.RequestLoggingFilter      : [HTTP IN]  OPTIONS /auth/me from IP 0:0:0:0:0:0:0:1
2026-09-09 14:40:06.896  INFO [http-nio-8080-exec-6] [trace:873f7144] c.d.E.security.RequestLoggingFilter      : [HTTP OUT] OPTIONS /auth/me -> 200 (4ms)
2026-09-09 14:40:06.896  INFO [http-nio-8080-exec-5] [trace:c403b397] c.d.E.security.RequestLoggingFilter      : [HTTP IN]  OPTIONS /auth/me from IP 0:0:0:0:0:0:0:1
2026-09-09 14:40:06.896  INFO [http-nio-8080-exec-7] [trace:b5f227ae] c.d.E.security.RequestLoggingFilter      : [HTTP IN]  GET /health from IP 0:0:0:0:0:0:0:1
2026-09-09 14:40:06.896  INFO [http-nio-8080-exec-2] [trace:78cfa8cd] c.d.E.security.RequestLoggingFilter      : [HTTP IN]  OPTIONS /auth/me from IP 0:0:0:0:0:0:0:1
2026-09-09 14:40:06.896  INFO [http-nio-8080-exec-4] [trace:1484292c] c.d.E.security.RequestLoggingFilter      : [HTTP IN]  GET /announcements from IP 0:0:0:0:0:0:0:1
2026-09-09 14:40:06.896  INFO [http-nio-8080-exec-3] [trace:b0b1d10b] c.d.E.security.RequestLoggingFilter      : [HTTP IN]  OPTIONS /auth/me from IP 0:0:0:0:0:0:0:1
2026-09-09 14:40:06.896  INFO [http-nio-8080-exec-2] [trace:78cfa8cd] c.d.E.security.RequestLoggingFilter      : [HTTP OUT] OPTIONS /auth/me -> 200 (0ms)
2026-09-09 14:40:06.896  INFO [http-nio-8080-exec-3] [trace:b0b1d10b] c.d.E.security.RequestLoggingFilter      : [HTTP OUT] OPTIONS /auth/me -> 200 (0ms)
2026-09-09 14:40:06.896  INFO [http-nio-8080-exec-5] [trace:c403b397] c.d.E.security.RequestLoggingFilter      : [HTTP OUT] OPTIONS /auth/me -> 200 (0ms)
2026-09-09 14:40:06.903  INFO [http-nio-8080-exec-7] [trace:b5f227ae] c.d.E.security.RequestLoggingFilter      : [HTTP OUT] GET /health -> 200 (7ms)
2026-09-09 14:40:06.905  INFO [http-nio-8080-exec-1] [trace:34aa7869] c.d.E.security.RequestLoggingFilter      : [HTTP IN]  GET /auth/me from IP 0:0:0:0:0:0:0:1
2026-09-09 14:40:06.905  INFO [http-nio-8080-exec-8] [trace:ccc278b2] c.d.E.security.RequestLoggingFilter      : [HTTP IN]  GET /health from IP 0:0:0:0:0:0:0:1
2026-09-09 14:40:06.908  INFO [http-nio-8080-exec-9] [trace:541f1155] c.d.E.security.RequestLoggingFilter      : [HTTP IN]  GET /auth/pending-users from IP 0:0:0:0:0:0:0:1
2026-09-09 14:40:06.910  INFO [http-nio-8080-exec-8] [trace:ccc278b2] c.d.E.security.RequestLoggingFilter      : [HTTP OUT] GET /health -> 200 (5ms)
2026-09-09 14:40:06.910  INFO [http-nio-8080-exec-10] [trace:d9203390] c.d.E.security.RequestLoggingFilter      : [HTTP IN]  GET /health from IP 0:0:0:0:0:0:0:1
2026-09-09 14:40:06.921  INFO [http-nio-8080-exec-10] [trace:d9203390] c.d.E.security.RequestLoggingFilter      : [HTTP OUT] GET /health -> 200 (11ms)
2026-09-09 14:40:07.196  INFO [http-nio-8080-exec-6] [trace:d38c5bae] c.d.E.security.RequestLoggingFilter      : [HTTP IN]  GET /employees/search?limit=100 from IP 0:0:0:0:0:0:0:1
2026-09-09 14:40:07.196  INFO [http-nio-8080-exec-3] [trace:756c2e3b] c.d.E.security.RequestLoggingFilter      : [HTTP IN]  GET /departments from IP 0:0:0:0:0:0:0:1
2026-09-09 14:40:07.196  INFO [http-nio-8080-exec-5] [trace:8c80719a] c.d.E.security.RequestLoggingFilter      : [HTTP IN]  GET /attendance/records?limit=100 from IP 0:0:0:0:0:0:0:1
2026-09-09 14:40:07.579  INFO [http-nio-8080-exec-1] [trace:34aa7869] c.d.E.security.RequestLoggingFilter      : [HTTP OUT] GET /auth/me -> 200 (674ms)
2026-09-09 14:40:07.622  INFO [http-nio-8080-exec-2] [trace:8a34f0a6] c.d.E.security.RequestLoggingFilter      : [HTTP IN]  GET /leaves/requests?limit=100 from IP 0:0:0:0:0:0:0:1
2026-09-09 14:40:08.027  INFO [http-nio-8080-exec-4] [trace:1484292c] c.d.E.security.RequestLoggingFilter      : [HTTP OUT] GET /announcements -> 200 (1131ms)
2026-09-09 14:40:08.027  INFO [http-nio-8080-exec-7] [trace:375c4867] c.d.E.security.RequestLoggingFilter      : [HTTP IN]  GET /leaves/balances/me from IP 0:0:0:0:0:0:0:1
2026-09-09 14:40:08.263  INFO [http-nio-8080-exec-6] [trace:d38c5bae] c.d.E.security.RequestLoggingFilter      : [HTTP OUT] GET /employees/search?limit=100 -> 200 (1067ms)
2026-09-09 14:40:08.265  INFO [http-nio-8080-exec-8] [trace:f604b441] c.d.E.security.RequestLoggingFilter      : [HTTP IN]  GET /projects from IP 0:0:0:0:0:0:0:1
2026-09-09 14:40:08.294  INFO [http-nio-8080-exec-7] [trace:375c4867] c.d.E.security.RequestLoggingFilter      : [HTTP OUT] GET /leaves/balances/me -> 200 (267ms)
2026-09-09 14:40:08.309  INFO [http-nio-8080-exec-10] [trace:924cd0f3] c.d.E.security.RequestLoggingFilter      : [HTTP IN]  GET /reviews? from IP 0:0:0:0:0:0:0:1
2026-09-09 14:40:08.392  INFO [http-nio-8080-exec-2] [trace:8a34f0a6] c.d.E.security.RequestLoggingFilter      : [HTTP OUT] GET /leaves/requests?limit=100 -> 200 (770ms)
2026-09-09 14:40:08.394  INFO [http-nio-8080-exec-1] [trace:6ea84162] c.d.E.security.RequestLoggingFilter      : [HTTP IN]  GET /payroll/runs?limit=100 from IP 0:0:0:0:0:0:0:1
2026-09-09 14:40:08.404  INFO [http-nio-8080-exec-5] [trace:8c80719a] c.d.E.security.RequestLoggingFilter      : [HTTP OUT] GET /attendance/records?limit=100 -> 200 (1208ms)
2026-09-09 14:40:08.404  INFO [http-nio-8080-exec-4] [trace:e4e3b224] c.d.E.security.RequestLoggingFilter      : [HTTP IN]  GET /auth/me from IP 0:0:0:0:0:0:0:1
2026-09-09 14:40:08.443  INFO [http-nio-8080-exec-4] [trace:e4e3b224] c.d.E.security.RequestLoggingFilter      : [HTTP OUT] GET /auth/me -> 200 (39ms)
2026-09-09 14:40:08.443  INFO [http-nio-8080-exec-6] [trace:1f2ab85f] c.d.E.security.RequestLoggingFilter      : [HTTP IN]  GET /announcements from IP 0:0:0:0:0:0:0:1
2026-09-09 14:40:08.468  INFO [http-nio-8080-exec-10] [trace:924cd0f3] c.d.E.security.RequestLoggingFilter      : [HTTP OUT] GET /reviews? -> 200 (159ms)
2026-09-09 14:40:08.468  INFO [http-nio-8080-exec-7] [trace:56220a54] c.d.E.security.RequestLoggingFilter      : [HTTP IN]  GET /employees/search?limit=100 from IP 0:0:0:0:0:0:0:1
2026-09-09 14:40:08.528  INFO [http-nio-8080-exec-6] [trace:1f2ab85f] c.d.E.security.RequestLoggingFilter      : [HTTP OUT] GET /announcements -> 200 (85ms)
2026-09-09 14:40:08.551  INFO [http-nio-8080-exec-2] [trace:d3ea8644] c.d.E.security.RequestLoggingFilter      : [HTTP IN]  GET /leaves/balances/me from IP 0:0:0:0:0:0:0:1
2026-09-09 14:40:08.579  INFO [http-nio-8080-exec-9] [trace:541f1155] c.d.E.security.RequestLoggingFilter      : [HTTP OUT] GET /auth/pending-users -> 200 (1671ms)
2026-09-09 14:40:08.593  INFO [http-nio-8080-exec-8] [trace:f604b441] c.d.E.security.RequestLoggingFilter      : [HTTP OUT] GET /projects -> 200 (328ms)
2026-09-09 14:40:08.603  INFO [http-nio-8080-exec-5] [trace:22fa8280] c.d.E.security.RequestLoggingFilter      : [HTTP IN]  GET /leaves/requests?limit=100 from IP 0:0:0:0:0:0:0:1
2026-09-09 14:40:08.605  INFO [http-nio-8080-exec-4] [trace:fe9f4f6f] c.d.E.security.RequestLoggingFilter      : [HTTP IN]  GET /attendance/records?limit=100 from IP 0:0:0:0:0:0:0:1
2026-09-09 14:40:08.631  INFO [http-nio-8080-exec-2] [trace:d3ea8644] c.d.E.security.RequestLoggingFilter      : [HTTP OUT] GET /leaves/balances/me -> 200 (80ms)
2026-09-09 14:40:08.641  INFO [http-nio-8080-exec-10] [trace:fd7a34d2] c.d.E.security.RequestLoggingFilter      : [HTTP IN]  GET /auth/me from IP 0:0:0:0:0:0:0:1
2026-09-09 14:40:08.677  INFO [http-nio-8080-exec-7] [trace:56220a54] c.d.E.security.RequestLoggingFilter      : [HTTP OUT] GET /employees/search?limit=100 -> 200 (209ms)
2026-09-09 14:40:08.685  INFO [http-nio-8080-exec-6] [trace:36393a66] c.d.E.security.RequestLoggingFilter      : [HTTP IN]  GET /reviews? from IP 0:0:0:0:0:0:0:1
2026-09-09 14:40:08.685  INFO [http-nio-8080-exec-10] [trace:fd7a34d2] c.d.E.security.RequestLoggingFilter      : [HTTP OUT] GET /auth/me -> 200 (44ms)
2026-09-09 14:40:08.860  INFO [http-nio-8080-exec-9] [trace:b1eafd10] c.d.E.security.RequestLoggingFilter      : [HTTP IN]  GET /announcements from IP 0:0:0:0:0:0:0:1
2026-09-09 14:40:08.868  INFO [http-nio-8080-exec-5] [trace:22fa8280] c.d.E.security.RequestLoggingFilter      : [HTTP OUT] GET /leaves/requests?limit=100 -> 200 (265ms)
2026-09-09 14:40:08.878  INFO [http-nio-8080-exec-8] [trace:0c1a1aea] c.d.E.security.RequestLoggingFilter      : [HTTP IN]  GET /auth/pending-users from IP 0:0:0:0:0:0:0:1
2026-09-09 14:40:08.958  INFO [http-nio-8080-exec-9] [trace:b1eafd10] c.d.E.security.RequestLoggingFilter      : [HTTP OUT] GET /announcements -> 200 (98ms)
2026-09-09 14:40:08.958  INFO [http-nio-8080-exec-2] [trace:56ba7c62] c.d.E.security.RequestLoggingFilter      : [HTTP IN]  GET /projects from IP 0:0:0:0:0:0:0:1
2026-09-09 14:40:08.958  INFO [http-nio-8080-exec-6] [trace:36393a66] c.d.E.security.RequestLoggingFilter      : [HTTP OUT] GET /reviews? -> 200 (273ms)
2026-09-09 14:40:08.958  INFO [http-nio-8080-exec-7] [trace:12f0e5c8] c.d.E.security.RequestLoggingFilter      : [HTTP IN]  GET /leaves/balances/me from IP 0:0:0:0:0:0:0:1
2026-09-09 14:40:08.990  INFO [http-nio-8080-exec-4] [trace:fe9f4f6f] c.d.E.security.RequestLoggingFilter      : [HTTP OUT] GET /attendance/records?limit=100 -> 200 (385ms)
2026-09-09 14:40:09.003  INFO [http-nio-8080-exec-10] [trace:f2417a3d] c.d.E.security.RequestLoggingFilter      : [HTTP IN]  GET /employees/search?limit=100 from IP 0:0:0:0:0:0:0:1
2026-09-09 14:40:09.021  INFO [http-nio-8080-exec-7] [trace:12f0e5c8] c.d.E.security.RequestLoggingFilter      : [HTTP OUT] GET /leaves/balances/me -> 200 (63ms)
2026-09-09 14:40:09.027  INFO [http-nio-8080-exec-1] [trace:6ea84162] c.d.E.security.RequestLoggingFilter      : [HTTP OUT] GET /payroll/runs?limit=100 -> 200 (633ms)
2026-09-09 14:40:09.027  INFO [http-nio-8080-exec-5] [trace:0e33d5af] c.d.E.security.RequestLoggingFilter      : [HTTP IN]  GET /leaves/requests?limit=100 from IP 0:0:0:0:0:0:0:1
2026-09-09 14:40:09.027  INFO [http-nio-8080-exec-9] [trace:fb5433ef] c.d.E.security.RequestLoggingFilter      : [HTTP IN]  GET /auth/me from IP 0:0:0:0:0:0:0:1
2026-09-09 14:40:09.037  INFO [http-nio-8080-exec-2] [trace:56ba7c62] c.d.E.security.RequestLoggingFilter      : [HTTP OUT] GET /projects -> 200 (79ms)
2026-09-09 14:40:09.037  INFO [http-nio-8080-exec-6] [trace:97a3291a] c.d.E.security.RequestLoggingFilter      : [HTTP IN]  GET /announcements from IP 0:0:0:0:0:0:0:1
2026-09-09 14:40:09.155  INFO [http-nio-8080-exec-9] [trace:fb5433ef] c.d.E.security.RequestLoggingFilter      : [HTTP OUT] GET /auth/me -> 200 (128ms)
2026-09-09 14:40:09.155  INFO [http-nio-8080-exec-4] [trace:4fbcd7d4] c.d.E.security.RequestLoggingFilter      : [HTTP IN]  GET /reviews? from IP 0:0:0:0:0:0:0:1
2026-09-09 14:40:09.155  INFO [http-nio-8080-exec-6] [trace:97a3291a] c.d.E.security.RequestLoggingFilter      : [HTTP OUT] GET /announcements -> 200 (118ms)
2026-09-09 14:40:09.155  INFO [http-nio-8080-exec-1] [trace:ec3e69e0] c.d.E.security.RequestLoggingFilter      : [HTTP IN]  GET /attendance/records?limit=100 from IP 0:0:0:0:0:0:0:1
2026-09-09 14:40:09.179  INFO [http-nio-8080-exec-5] [trace:0e33d5af] c.d.E.security.RequestLoggingFilter      : [HTTP OUT] GET /leaves/requests?limit=100 -> 200 (152ms)
2026-09-09 14:40:09.190  INFO [http-nio-8080-exec-7] [trace:29137a70] c.d.E.security.RequestLoggingFilter      : [HTTP IN]  GET /payroll/runs?limit=100 from IP 0:0:0:0:0:0:0:1
2026-09-09 14:40:09.206  INFO [http-nio-8080-exec-10] [trace:f2417a3d] c.d.E.security.RequestLoggingFilter      : [HTTP OUT] GET /employees/search?limit=100 -> 200 (203ms)
2026-09-09 14:40:09.222  INFO [http-nio-8080-exec-2] [trace:6b4a708e] c.d.E.security.RequestLoggingFilter      : [HTTP IN]  GET /leaves/balances/me from IP 0:0:0:0:0:0:0:1
2026-09-09 14:40:09.296  INFO [http-nio-8080-exec-4] [trace:4fbcd7d4] c.d.E.security.RequestLoggingFilter      : [HTTP OUT] GET /reviews? -> 200 (141ms)
2026-09-09 14:40:09.301  INFO [http-nio-8080-exec-9] [trace:ee697de6] c.d.E.security.RequestLoggingFilter      : [HTTP IN]  GET /projects from IP 0:0:0:0:0:0:0:1
2026-09-09 14:40:09.305  INFO [http-nio-8080-exec-2] [trace:6b4a708e] c.d.E.security.RequestLoggingFilter      : [HTTP OUT] GET /leaves/balances/me -> 200 (83ms)
2026-09-09 14:40:09.310  INFO [http-nio-8080-exec-6] [trace:6eb08fbc] c.d.E.security.RequestLoggingFilter      : [HTTP IN]  GET /auth/me from IP 0:0:0:0:0:0:0:1
2026-09-09 14:40:09.410  INFO [http-nio-8080-exec-9] [trace:ee697de6] c.d.E.security.RequestLoggingFilter      : [HTTP OUT] GET /projects -> 200 (109ms)
2026-09-09 14:40:09.436  INFO [http-nio-8080-exec-6] [trace:6eb08fbc] c.d.E.security.RequestLoggingFilter      : [HTTP OUT] GET /auth/me -> 200 (126ms)
2026-09-09 14:40:09.460  INFO [http-nio-8080-exec-10] [trace:761d96d6] c.d.E.security.RequestLoggingFilter      : [HTTP IN]  GET /leaves/requests?limit=100 from IP 0:0:0:0:0:0:0:1
2026-09-09 14:40:09.460  INFO [http-nio-8080-exec-5] [trace:24c87595] c.d.E.security.RequestLoggingFilter      : [HTTP IN]  GET /announcements from IP 0:0:0:0:0:0:0:1
2026-09-09 14:40:09.485  INFO [http-nio-8080-exec-1] [trace:ec3e69e0] c.d.E.security.RequestLoggingFilter      : [HTTP OUT] GET /attendance/records?limit=100 -> 200 (330ms)
2026-09-09 14:40:09.492  INFO [http-nio-8080-exec-1] [trace:b3c7a44b] c.d.E.security.RequestLoggingFilter      : [HTTP IN]  GET /employees/search?limit=100 from IP 0:0:0:0:0:0:0:1
2026-09-09 14:40:09.550  INFO [http-nio-8080-exec-5] [trace:24c87595] c.d.E.security.RequestLoggingFilter      : [HTTP OUT] GET /announcements -> 200 (90ms)
2026-09-09 14:40:09.550  INFO [http-nio-8080-exec-8] [trace:0c1a1aea] c.d.E.security.RequestLoggingFilter      : [HTTP OUT] GET /auth/pending-users -> 200 (672ms)
2026-09-09 14:40:09.550  INFO [http-nio-8080-exec-4] [trace:19be3f43] c.d.E.security.RequestLoggingFilter      : [HTTP IN]  GET /reviews? from IP 0:0:0:0:0:0:0:1
2026-09-09 14:40:09.550  INFO [http-nio-8080-exec-2] [trace:0e53feda] c.d.E.security.RequestLoggingFilter      : [HTTP IN]  GET /leaves/balances/me from IP 0:0:0:0:0:0:0:1
2026-09-09 14:40:09.633  INFO [http-nio-8080-exec-10] [trace:761d96d6] c.d.E.security.RequestLoggingFilter      : [HTTP OUT] GET /leaves/requests?limit=100 -> 200 (173ms)
2026-09-09 14:40:09.649  INFO [http-nio-8080-exec-6] [trace:d8b311d1] c.d.E.security.RequestLoggingFilter      : [HTTP IN]  GET /attendance/records?limit=100 from IP 0:0:0:0:0:0:0:1
2026-09-09 14:40:09.665  INFO [http-nio-8080-exec-1] [trace:b3c7a44b] c.d.E.security.RequestLoggingFilter      : [HTTP OUT] GET /employees/search?limit=100 -> 200 (173ms)
2026-09-09 14:40:09.681  INFO [http-nio-8080-exec-9] [trace:815ef9a1] c.d.E.security.RequestLoggingFilter      : [HTTP IN]  GET /projects from IP 0:0:0:0:0:0:0:1
2026-09-09 14:40:09.808  INFO [http-nio-8080-exec-4] [trace:19be3f43] c.d.E.security.RequestLoggingFilter      : [HTTP OUT] GET /reviews? -> 200 (258ms)
2026-09-09 14:40:09.849  INFO [http-nio-8080-exec-4] [trace:5c5e60b2] c.d.E.security.RequestLoggingFilter      : [HTTP IN]  GET /auth/me from IP 0:0:0:0:0:0:0:1
2026-09-09 14:40:09.876  INFO [http-nio-8080-exec-2] [trace:0e53feda] c.d.E.security.RequestLoggingFilter      : [HTTP OUT] GET /leaves/balances/me -> 200 (326ms)
2026-09-09 14:40:09.881  INFO [http-nio-8080-exec-4] [trace:5c5e60b2] c.d.E.security.RequestLoggingFilter      : [HTTP OUT] GET /auth/me -> 200 (32ms)
2026-09-09 14:40:09.881  INFO [http-nio-8080-exec-7] [trace:29137a70] c.d.E.security.RequestLoggingFilter      : [HTTP OUT] GET /payroll/runs?limit=100 -> 200 (691ms)
2026-09-09 14:40:09.881  INFO [http-nio-8080-exec-5] [trace:a6253a66] c.d.E.security.RequestLoggingFilter      : [HTTP IN]  GET /auth/pending-users from IP 0:0:0:0:0:0:0:1
2026-09-09 14:40:09.895  INFO [http-nio-8080-exec-10] [trace:15c6db38] c.d.E.security.RequestLoggingFilter      : [HTTP IN]  GET /leaves/requests?limit=100 from IP 0:0:0:0:0:0:0:1
2026-09-09 14:40:09.897  INFO [http-nio-8080-exec-9] [trace:815ef9a1] c.d.E.security.RequestLoggingFilter      : [HTTP OUT] GET /projects -> 200 (216ms)
2026-09-09 14:40:09.895  INFO [http-nio-8080-exec-8] [trace:7f3eb565] c.d.E.security.RequestLoggingFilter      : [HTTP IN]  GET /announcements from IP 0:0:0:0:0:0:0:1
2026-09-09 14:40:09.909  INFO [http-nio-8080-exec-1] [trace:660a9f7d] c.d.E.security.RequestLoggingFilter      : [HTTP IN]  GET /employees/search?limit=100 from IP 0:0:0:0:0:0:0:1
2026-09-09 14:40:09.920  INFO [http-nio-8080-exec-6] [trace:d8b311d1] c.d.E.security.RequestLoggingFilter      : [HTTP OUT] GET /attendance/records?limit=100 -> 200 (271ms)
2026-09-09 14:40:09.936  INFO [http-nio-8080-exec-2] [trace:fd0131f1] c.d.E.security.RequestLoggingFilter      : [HTTP IN]  GET /reviews? from IP 0:0:0:0:0:0:0:1
2026-09-09 14:40:09.936  INFO [http-nio-8080-exec-8] [trace:7f3eb565] c.d.E.security.RequestLoggingFilter      : [HTTP OUT] GET /announcements -> 200 (41ms)
2026-09-09 14:40:09.950  INFO [http-nio-8080-exec-4] [trace:510ebdd7] c.d.E.security.RequestLoggingFilter      : [HTTP IN]  GET /payroll/runs?limit=100 from IP 0:0:0:0:0:0:0:1
2026-09-09 14:40:09.950  INFO [http-nio-8080-exec-10] [trace:15c6db38] c.d.E.security.RequestLoggingFilter      : [HTTP OUT] GET /leaves/requests?limit=100 -> 200 (55ms)
2026-09-09 14:40:09.950  INFO [http-nio-8080-exec-7] [trace:07dfde66] c.d.E.security.RequestLoggingFilter      : [HTTP IN]  GET /leaves/balances/me from IP 0:0:0:0:0:0:0:1
2026-09-09 14:40:09.966  INFO [http-nio-8080-exec-1] [trace:660a9f7d] c.d.E.security.RequestLoggingFilter      : [HTTP OUT] GET /employees/search?limit=100 -> 200 (57ms)
2026-09-09 14:40:09.966  INFO [http-nio-8080-exec-1] [trace:397bce09] c.d.E.security.RequestLoggingFilter      : [HTTP IN]  GET /projects from IP 0:0:0:0:0:0:0:1
2026-09-09 14:40:09.998  INFO [http-nio-8080-exec-7] [trace:07dfde66] c.d.E.security.RequestLoggingFilter      : [HTTP OUT] GET /leaves/balances/me -> 200 (48ms)
2026-09-09 14:40:10.006  INFO [http-nio-8080-exec-9] [trace:6057cd7d] c.d.E.security.RequestLoggingFilter      : [HTTP IN]  GET /attendance/records?limit=100 from IP 0:0:0:0:0:0:0:1
2026-09-09 14:40:10.032  INFO [http-nio-8080-exec-1] [trace:397bce09] c.d.E.security.RequestLoggingFilter      : [HTTP OUT] GET /projects -> 200 (66ms)
2026-09-09 14:40:10.040  INFO [http-nio-8080-exec-6] [trace:1d16633e] c.d.E.security.RequestLoggingFilter      : [HTTP IN]  GET /announcements from IP 0:0:0:0:0:0:0:1
2026-09-09 14:40:10.063  INFO [http-nio-8080-exec-6] [trace:1d16633e] c.d.E.security.RequestLoggingFilter      : [HTTP OUT] GET /announcements -> 200 (23ms)
2026-09-09 14:40:10.063  INFO [http-nio-8080-exec-4] [trace:510ebdd7] c.d.E.security.RequestLoggingFilter      : [HTTP OUT] GET /payroll/runs?limit=100 -> 200 (113ms)
2026-09-09 14:40:10.063  INFO [http-nio-8080-exec-8] [trace:c0b3859a] c.d.E.security.RequestLoggingFilter      : [HTTP IN]  GET /leaves/requests?limit=100 from IP 0:0:0:0:0:0:0:1
2026-09-09 14:40:10.063  INFO [http-nio-8080-exec-10] [trace:9d57a244] c.d.E.security.RequestLoggingFilter      : [HTTP IN]  GET /employees/search?limit=100 from IP 0:0:0:0:0:0:0:1
2026-09-09 14:40:10.079  INFO [http-nio-8080-exec-9] [trace:6057cd7d] c.d.E.security.RequestLoggingFilter      : [HTTP OUT] GET /attendance/records?limit=100 -> 200 (73ms)
2026-09-09 14:40:10.079  INFO [http-nio-8080-exec-7] [trace:06efd3f8] c.d.E.security.RequestLoggingFilter      : [HTTP IN]  GET /leaves/balances/me from IP 0:0:0:0:0:0:0:1
2026-09-09 14:40:10.079  INFO [http-nio-8080-exec-2] [trace:fd0131f1] c.d.E.security.RequestLoggingFilter      : [HTTP OUT] GET /reviews? -> 200 (143ms)
2026-09-09 14:40:10.079  INFO [http-nio-8080-exec-1] [trace:24cc31d3] c.d.E.security.RequestLoggingFilter      : [HTTP IN]  GET /projects from IP 0:0:0:0:0:0:0:1
2026-09-09 14:40:10.106  INFO [http-nio-8080-exec-7] [trace:06efd3f8] c.d.E.security.RequestLoggingFilter      : [HTTP OUT] GET /leaves/balances/me -> 200 (27ms)
2026-09-09 14:40:10.111  INFO [http-nio-8080-exec-6] [trace:28ad76bb] c.d.E.security.RequestLoggingFilter      : [HTTP IN]  GET /announcements from IP 0:0:0:0:0:0:0:1
2026-09-09 14:40:10.122  INFO [http-nio-8080-exec-10] [trace:9d57a244] c.d.E.security.RequestLoggingFilter      : [HTTP OUT] GET /employees/search?limit=100 -> 200 (59ms)
2026-09-09 14:40:10.127  INFO [http-nio-8080-exec-8] [trace:c0b3859a] c.d.E.security.RequestLoggingFilter      : [HTTP OUT] GET /leaves/requests?limit=100 -> 200 (64ms)
2026-09-09 14:40:10.143  INFO [http-nio-8080-exec-9] [trace:cf02304e] c.d.E.security.RequestLoggingFilter      : [HTTP IN]  GET /attendance/records?limit=100 from IP 0:0:0:0:0:0:0:1
2026-09-09 14:40:10.143  INFO [http-nio-8080-exec-4] [trace:d4eb03cc] c.d.E.security.RequestLoggingFilter      : [HTTP IN]  GET /payroll/runs?limit=100 from IP 0:0:0:0:0:0:0:1
2026-09-09 14:40:10.143  INFO [http-nio-8080-exec-1] [trace:24cc31d3] c.d.E.security.RequestLoggingFilter      : [HTTP OUT] GET /projects -> 200 (64ms)
2026-09-09 14:40:10.158  INFO [http-nio-8080-exec-1] [trace:865de58c] c.d.E.security.RequestLoggingFilter      : [HTTP IN]  GET /reviews? from IP 0:0:0:0:0:0:0:1
2026-09-09 14:40:10.220  INFO [http-nio-8080-exec-6] [trace:28ad76bb] c.d.E.security.RequestLoggingFilter      : [HTTP OUT] GET /announcements -> 200 (109ms)
2026-09-09 14:40:10.238  INFO [http-nio-8080-exec-9] [trace:cf02304e] c.d.E.security.RequestLoggingFilter      : [HTTP OUT] GET /attendance/records?limit=100 -> 200 (95ms)
2026-09-09 14:40:10.238  INFO [http-nio-8080-exec-2] [trace:55e56edc] c.d.E.security.RequestLoggingFilter      : [HTTP IN]  GET /employees/search?limit=100 from IP 0:0:0:0:0:0:0:1
2026-09-09 14:40:10.238  INFO [http-nio-8080-exec-7] [trace:51239d40] c.d.E.security.RequestLoggingFilter      : [HTTP IN]  GET /leaves/requests?limit=100 from IP 0:0:0:0:0:0:0:1
2026-09-09 14:40:10.246  INFO [http-nio-8080-exec-1] [trace:865de58c] c.d.E.security.RequestLoggingFilter      : [HTTP OUT] GET /reviews? -> 200 (88ms)
2026-09-09 14:40:10.256  INFO [http-nio-8080-exec-8] [trace:f1082175] c.d.E.security.RequestLoggingFilter      : [HTTP IN]  GET /projects from IP 0:0:0:0:0:0:0:1
2026-09-09 14:40:10.351  INFO [http-nio-8080-exec-8] [trace:f1082175] c.d.E.security.RequestLoggingFilter      : [HTTP OUT] GET /projects -> 200 (95ms)
2026-09-09 14:40:10.364  INFO [http-nio-8080-exec-10] [trace:68e965f3] c.d.E.security.RequestLoggingFilter      : [HTTP IN]  GET /announcements from IP 0:0:0:0:0:0:0:1
2026-09-09 14:40:10.382  INFO [http-nio-8080-exec-2] [trace:55e56edc] c.d.E.security.RequestLoggingFilter      : [HTTP OUT] GET /employees/search?limit=100 -> 200 (144ms)
2026-09-09 14:40:10.418  INFO [http-nio-8080-exec-6] [trace:bf115833] c.d.E.security.RequestLoggingFilter      : [HTTP IN]  GET /attendance/records?limit=100 from IP 0:0:0:0:0:0:0:1
2026-09-09 14:40:10.419  INFO [http-nio-8080-exec-7] [trace:51239d40] c.d.E.security.RequestLoggingFilter      : [HTTP OUT] GET /leaves/requests?limit=100 -> 200 (181ms)
2026-09-09 14:40:10.428  INFO [http-nio-8080-exec-9] [trace:f4f62c2c] c.d.E.security.RequestLoggingFilter      : [HTTP IN]  GET /reviews? from IP 0:0:0:0:0:0:0:1
2026-09-09 14:40:10.446  INFO [http-nio-8080-exec-5] [trace:a6253a66] c.d.E.security.RequestLoggingFilter      : [HTTP OUT] GET /auth/pending-users -> 200 (565ms)
2026-09-09 14:40:10.453  INFO [http-nio-8080-exec-1] [trace:dba56b1a] c.d.E.security.RequestLoggingFilter      : [HTTP IN]  GET /auth/pending-users from IP 0:0:0:0:0:0:0:1
2026-09-09 14:40:10.453  INFO [http-nio-8080-exec-10] [trace:68e965f3] c.d.E.security.RequestLoggingFilter      : [HTTP OUT] GET /announcements -> 200 (89ms)
2026-09-09 14:40:10.480  INFO [http-nio-8080-exec-8] [trace:e3cf7db2] c.d.E.security.RequestLoggingFilter      : [HTTP IN]  GET /payroll/runs?limit=100 from IP 0:0:0:0:0:0:0:1
2026-09-09 14:40:10.485  INFO [http-nio-8080-exec-4] [trace:d4eb03cc] c.d.E.security.RequestLoggingFilter      : [HTTP OUT] GET /payroll/runs?limit=100 -> 200 (342ms)
2026-09-09 14:40:10.490  INFO [http-nio-8080-exec-6] [trace:bf115833] c.d.E.security.RequestLoggingFilter      : [HTTP OUT] GET /attendance/records?limit=100 -> 200 (72ms)
2026-09-09 14:40:10.492  INFO [http-nio-8080-exec-9] [trace:f4f62c2c] c.d.E.security.RequestLoggingFilter      : [HTTP OUT] GET /reviews? -> 200 (64ms)
2026-09-09 14:40:10.581  INFO [http-nio-8080-exec-2] [trace:5c534118] c.d.E.security.RequestLoggingFilter      : [HTTP IN]  GET /payroll/runs?limit=100 from IP 0:0:0:0:0:0:0:1
2026-09-09 14:40:10.581  INFO [http-nio-8080-exec-8] [trace:e3cf7db2] c.d.E.security.RequestLoggingFilter      : [HTTP OUT] GET /payroll/runs?limit=100 -> 200 (101ms)
2026-09-09 14:40:10.750  INFO [http-nio-8080-exec-1] [trace:dba56b1a] c.d.E.security.RequestLoggingFilter      : [HTTP OUT] GET /auth/pending-users -> 200 (297ms)
2026-09-09 14:40:10.755  INFO [http-nio-8080-exec-7] [trace:4d350833] c.d.E.security.RequestLoggingFilter      : [HTTP IN]  GET /auth/pending-users from IP 0:0:0:0:0:0:0:1
2026-09-09 14:40:10.791  INFO [http-nio-8080-exec-5] [trace:ed678c7c] c.d.E.security.RequestLoggingFilter      : [HTTP IN]  GET /payroll/runs?limit=100 from IP 0:0:0:0:0:0:0:1
2026-09-09 14:40:10.791  INFO [http-nio-8080-exec-2] [trace:5c534118] c.d.E.security.RequestLoggingFilter      : [HTTP OUT] GET /payroll/runs?limit=100 -> 200 (210ms)
2026-09-09 14:40:10.872  INFO [http-nio-8080-exec-5] [trace:ed678c7c] c.d.E.security.RequestLoggingFilter      : [HTTP OUT] GET /payroll/runs?limit=100 -> 200 (81ms)
2026-09-09 14:40:11.054  INFO [http-nio-8080-exec-7] [trace:4d350833] c.d.E.security.RequestLoggingFilter      : [HTTP OUT] GET /auth/pending-users -> 200 (299ms)
2026-09-09 14:40:11.096  INFO [http-nio-8080-exec-10] [trace:d0272361] c.d.E.security.RequestLoggingFilter      : [HTTP IN]  GET /auth/pending-users from IP 0:0:0:0:0:0:0:1
2026-09-09 14:40:11.292  INFO [http-nio-8080-exec-10] [trace:d0272361] c.d.E.security.RequestLoggingFilter      : [HTTP OUT] GET /auth/pending-users -> 200 (196ms)
2026-09-09 14:40:11.389  INFO [http-nio-8080-exec-6] [trace:cb6fc075] c.d.E.security.RequestLoggingFilter      : [HTTP IN]  GET /auth/pending-users from IP 0:0:0:0:0:0:0:1
2026-09-09 14:40:11.403  INFO [http-nio-8080-exec-9] [trace:6fa1dea4] c.d.E.security.RequestLoggingFilter      : [HTTP IN]  GET /employees/search?limit=100 from IP 0:0:0:0:0:0:0:1
2026-09-09 14:40:11.408  INFO [http-nio-8080-exec-1] [trace:049e2c16] c.d.E.security.RequestLoggingFilter      : [HTTP IN]  GET /leaves/balances/me from IP 0:0:0:0:0:0:0:1
2026-09-09 14:40:11.408  INFO [http-nio-8080-exec-4] [trace:5278d77f] c.d.E.security.RequestLoggingFilter      : [HTTP IN]  GET /attendance/records?limit=100 from IP 0:0:0:0:0:0:0:1
2026-09-09 14:40:11.408  INFO [http-nio-8080-exec-8] [trace:982697a2] c.d.E.security.RequestLoggingFilter      : [HTTP IN]  GET /leaves/requests?limit=100 from IP 0:0:0:0:0:0:0:1
2026-09-09 14:40:11.434  INFO [http-nio-8080-exec-9] [trace:6fa1dea4] c.d.E.security.RequestLoggingFilter      : [HTTP OUT] GET /employees/search?limit=100 -> 200 (31ms)
2026-09-09 14:40:11.434  INFO [http-nio-8080-exec-2] [trace:f7d0f3ed] c.d.E.security.RequestLoggingFilter      : [HTTP IN]  GET /projects from IP 0:0:0:0:0:0:0:1
2026-09-09 14:40:11.446  INFO [http-nio-8080-exec-1] [trace:049e2c16] c.d.E.security.RequestLoggingFilter      : [HTTP OUT] GET /leaves/balances/me -> 200 (38ms)
2026-09-09 14:40:11.450  INFO [http-nio-8080-exec-5] [trace:72fcb0f3] c.d.E.security.RequestLoggingFilter      : [HTTP IN]  GET /reviews? from IP 0:0:0:0:0:0:0:1
2026-09-09 14:40:11.450  INFO [http-nio-8080-exec-8] [trace:982697a2] c.d.E.security.RequestLoggingFilter      : [HTTP OUT] GET /leaves/requests?limit=100 -> 200 (42ms)
2026-09-09 14:40:11.450  INFO [http-nio-8080-exec-7] [trace:54980cb2] c.d.E.security.RequestLoggingFilter      : [HTTP IN]  GET /announcements from IP 0:0:0:0:0:0:0:1
2026-09-09 14:40:11.562  INFO [http-nio-8080-exec-4] [trace:5278d77f] c.d.E.security.RequestLoggingFilter      : [HTTP OUT] GET /attendance/records?limit=100 -> 200 (154ms)
2026-09-09 14:40:11.603  INFO [http-nio-8080-exec-4] [trace:3e36a803] c.d.E.security.RequestLoggingFilter      : [HTTP IN]  GET /payroll/runs?limit=100 from IP 0:0:0:0:0:0:0:1
2026-09-09 14:40:11.630  INFO [http-nio-8080-exec-5] [trace:72fcb0f3] c.d.E.security.RequestLoggingFilter      : [HTTP OUT] GET /reviews? -> 200 (180ms)
2026-09-09 14:40:11.630  INFO [http-nio-8080-exec-7] [trace:54980cb2] c.d.E.security.RequestLoggingFilter      : [HTTP OUT] GET /announcements -> 200 (180ms)
2026-09-09 14:40:11.639  INFO [http-nio-8080-exec-2] [trace:f7d0f3ed] c.d.E.security.RequestLoggingFilter      : [HTTP OUT] GET /projects -> 200 (205ms)
2026-09-09 14:40:11.680  INFO [http-nio-8080-exec-10] [trace:f930a29b] c.d.E.security.RequestLoggingFilter      : [HTTP IN]  GET /auth/pending-users from IP 0:0:0:0:0:0:0:1
2026-09-09 14:40:11.680  INFO [http-nio-8080-exec-4] [trace:3e36a803] c.d.E.security.RequestLoggingFilter      : [HTTP OUT] GET /payroll/runs?limit=100 -> 200 (77ms)
2026-09-09 14:40:11.687  INFO [http-nio-8080-exec-6] [trace:cb6fc075] c.d.E.security.RequestLoggingFilter      : [HTTP OUT] GET /auth/pending-users -> 200 (298ms)
2026-09-09 14:40:11.790  INFO [http-nio-8080-exec-10] [trace:f930a29b] c.d.E.security.RequestLoggingFilter      : [HTTP OUT] GET /auth/pending-users -> 200 (110ms)
2026-09-09 14:40:11.790  INFO [http-nio-8080-exec-9] [trace:d421a1c6] c.d.E.security.RequestLoggingFilter      : [HTTP IN]  GET /auth/pending-users from IP 0:0:0:0:0:0:0:1
2026-09-09 14:40:11.886  INFO [http-nio-8080-exec-9] [trace:d421a1c6] c.d.E.security.RequestLoggingFilter      : [HTTP OUT] GET /auth/pending-users -> 200 (96ms)
2026-09-09 14:40:12.326  WARN [http-nio-8080-exec-3] [trace:756c2e3b] c.d.E.config.CacheConfig                 : [CACHE WARNING] Redis cache get failed for key 'list_0_null' in cache 'departments': Unable to connect to Redis. Falling back to database query.
2026-09-09 14:40:12.385  WARN [http-nio-8080-exec-3] [trace:756c2e3b] c.d.E.config.CacheConfig                 : [CACHE WARNING] Redis cache put failed for key 'list_0_null' in cache 'departments': Unable to connect to Redis. Continuing execution.
2026-09-09 14:40:12.390  INFO [http-nio-8080-exec-3] [trace:756c2e3b] c.d.E.security.RequestLoggingFilter      : [HTTP OUT] GET /departments -> 200 (5194ms)
2026-09-09 14:40:12.394  INFO [http-nio-8080-exec-1] [trace:d806fd23] c.d.E.security.RequestLoggingFilter      : [HTTP IN]  GET /departments from IP 0:0:0:0:0:0:0:1
2026-09-09 14:40:12.421  WARN [http-nio-8080-exec-1] [trace:d806fd23] c.d.E.config.CacheConfig                 : [CACHE WARNING] Redis cache get failed for key 'list_0_null' in cache 'departments': Unable to connect to Redis. Falling back to database query.
2026-09-09 14:40:12.451  WARN [http-nio-8080-exec-1] [trace:d806fd23] c.d.E.config.CacheConfig                 : [CACHE WARNING] Redis cache put failed for key 'list_0_null' in cache 'departments': Unable to connect to Redis. Continuing execution.
2026-09-09 14:40:12.460  INFO [http-nio-8080-exec-1] [trace:d806fd23] c.d.E.security.RequestLoggingFilter      : [HTTP OUT] GET /departments -> 200 (66ms)
2026-09-09 14:40:12.460  INFO [http-nio-8080-exec-8] [trace:1d167cf1] c.d.E.security.RequestLoggingFilter      : [HTTP IN]  GET /departments from IP 0:0:0:0:0:0:0:1
2026-09-09 14:40:12.474  WARN [http-nio-8080-exec-8] [trace:1d167cf1] c.d.E.config.CacheConfig                 : [CACHE WARNING] Redis cache get failed for key 'list_0_null' in cache 'departments': Unable to connect to Redis. Falling back to database query.
2026-09-09 14:40:12.511  WARN [http-nio-8080-exec-8] [trace:1d167cf1] c.d.E.config.CacheConfig                 : [CACHE WARNING] Redis cache put failed for key 'list_0_null' in cache 'departments': Unable to connect to Redis. Continuing execution.
2026-09-09 14:40:12.513  INFO [http-nio-8080-exec-8] [trace:1d167cf1] c.d.E.security.RequestLoggingFilter      : [HTTP OUT] GET /departments -> 200 (53ms)
2026-09-09 14:40:12.516  INFO [http-nio-8080-exec-5] [trace:b24d7659] c.d.E.security.RequestLoggingFilter      : [HTTP IN]  GET /departments from IP 0:0:0:0:0:0:0:1
2026-09-09 14:40:12.542  WARN [http-nio-8080-exec-5] [trace:b24d7659] c.d.E.config.CacheConfig                 : [CACHE WARNING] Redis cache get failed for key 'list_0_null' in cache 'departments': Unable to connect to Redis. Falling back to database query.
2026-09-09 14:40:12.588  WARN [http-nio-8080-exec-5] [trace:b24d7659] c.d.E.config.CacheConfig                 : [CACHE WARNING] Redis cache put failed for key 'list_0_null' in cache 'departments': Unable to connect to Redis. Continuing execution.
2026-09-09 14:40:12.592  INFO [http-nio-8080-exec-5] [trace:b24d7659] c.d.E.security.RequestLoggingFilter      : [HTTP OUT] GET /departments -> 200 (76ms)
2026-09-09 14:40:12.594  INFO [http-nio-8080-exec-7] [trace:f29df444] c.d.E.security.RequestLoggingFilter      : [HTTP IN]  GET /departments from IP 0:0:0:0:0:0:0:1
2026-09-09 14:40:12.616  WARN [http-nio-8080-exec-7] [trace:f29df444] c.d.E.config.CacheConfig                 : [CACHE WARNING] Redis cache get failed for key 'list_0_null' in cache 'departments': Unable to connect to Redis. Falling back to database query.
2026-09-09 14:40:12.643  WARN [http-nio-8080-exec-7] [trace:f29df444] c.d.E.config.CacheConfig                 : [CACHE WARNING] Redis cache put failed for key 'list_0_null' in cache 'departments': Unable to connect to Redis. Continuing execution.
2026-09-09 14:40:12.643  INFO [http-nio-8080-exec-7] [trace:f29df444] c.d.E.security.RequestLoggingFilter      : [HTTP OUT] GET /departments -> 200 (49ms)
2026-09-09 14:40:12.643  INFO [http-nio-8080-exec-2] [trace:e0f5d16b] c.d.E.security.RequestLoggingFilter      : [HTTP IN]  GET /departments from IP 0:0:0:0:0:0:0:1
2026-09-09 14:40:12.669  WARN [http-nio-8080-exec-2] [trace:e0f5d16b] c.d.E.config.CacheConfig                 : [CACHE WARNING] Redis cache get failed for key 'list_0_null' in cache 'departments': Unable to connect to Redis. Falling back to database query.
2026-09-09 14:40:12.691  WARN [http-nio-8080-exec-2] [trace:e0f5d16b] c.d.E.config.CacheConfig                 : [CACHE WARNING] Redis cache put failed for key 'list_0_null' in cache 'departments': Unable to connect to Redis. Continuing execution.
2026-09-09 14:40:12.691  INFO [http-nio-8080-exec-2] [trace:e0f5d16b] c.d.E.security.RequestLoggingFilter      : [HTTP OUT] GET /departments -> 200 (48ms)
2026-09-09 14:40:12.691  INFO [http-nio-8080-exec-2] [trace:b3ab3d28] c.d.E.security.RequestLoggingFilter      : [HTTP IN]  GET /departments from IP 0:0:0:0:0:0:0:1
2026-09-09 14:40:12.721  WARN [http-nio-8080-exec-2] [trace:b3ab3d28] c.d.E.config.CacheConfig                 : [CACHE WARNING] Redis cache get failed for key 'list_0_null' in cache 'departments': Unable to connect to Redis. Falling back to database query.
2026-09-09 14:40:12.744  WARN [http-nio-8080-exec-2] [trace:b3ab3d28] c.d.E.config.CacheConfig                 : [CACHE WARNING] Redis cache put failed for key 'list_0_null' in cache 'departments': Unable to connect to Redis. Continuing execution.
2026-09-09 14:40:12.750  INFO [http-nio-8080-exec-2] [trace:b3ab3d28] c.d.E.security.RequestLoggingFilter      : [HTTP OUT] GET /departments -> 200 (59ms)
2026-09-09 14:40:12.752  INFO [http-nio-8080-exec-6] [trace:b1d055ee] c.d.E.security.RequestLoggingFilter      : [HTTP IN]  GET /departments from IP 0:0:0:0:0:0:0:1
2026-09-09 14:40:12.778  WARN [http-nio-8080-exec-6] [trace:b1d055ee] c.d.E.config.CacheConfig                 : [CACHE WARNING] Redis cache get failed for key 'list_0_null' in cache 'departments': Unable to connect to Redis. Falling back to database query.
2026-09-09 14:40:12.820  WARN [http-nio-8080-exec-6] [trace:b1d055ee] c.d.E.config.CacheConfig                 : [CACHE WARNING] Redis cache put failed for key 'list_0_null' in cache 'departments': Unable to connect to Redis. Continuing execution.
2026-09-09 14:40:12.820  INFO [http-nio-8080-exec-6] [trace:b1d055ee] c.d.E.security.RequestLoggingFilter      : [HTTP OUT] GET /departments -> 200 (68ms)
2026-09-09 14:40:17.342  INFO [http-nio-8080-exec-10] [trace:6d8a22f7] c.d.E.security.RequestLoggingFilter      : [HTTP IN]  GET /auth/me from IP 0:0:0:0:0:0:0:1
2026-09-09 14:40:17.347  INFO [http-nio-8080-exec-9] [trace:6f730344] c.d.E.security.RequestLoggingFilter      : [HTTP IN]  OPTIONS /employees/search?skip=0&limit=10 from IP 0:0:0:0:0:0:0:1
2026-09-09 14:40:17.348  INFO [http-nio-8080-exec-3] [trace:7ccd3504] c.d.E.security.RequestLoggingFilter      : [HTTP IN]  OPTIONS /employees/search?skip=0&limit=10 from IP 0:0:0:0:0:0:0:1
2026-09-09 14:40:17.349  INFO [http-nio-8080-exec-9] [trace:6f730344] c.d.E.security.RequestLoggingFilter      : [HTTP OUT] OPTIONS /employees/search?skip=0&limit=10 -> 200 (2ms)
2026-09-09 14:40:17.349  INFO [http-nio-8080-exec-3] [trace:7ccd3504] c.d.E.security.RequestLoggingFilter      : [HTTP OUT] OPTIONS /employees/search?skip=0&limit=10 -> 200 (1ms)
2026-09-09 14:40:17.369  INFO [http-nio-8080-exec-10] [trace:6d8a22f7] c.d.E.security.RequestLoggingFilter      : [HTTP OUT] GET /auth/me -> 200 (27ms)
2026-09-09 14:40:17.378  INFO [http-nio-8080-exec-8] [trace:b33cf3f4] c.d.E.security.RequestLoggingFilter      : [HTTP IN]  GET /employees/search?skip=0&limit=10 from IP 0:0:0:0:0:0:0:1
2026-09-09 14:40:17.378  INFO [http-nio-8080-exec-1] [trace:11b55e4f] c.d.E.security.RequestLoggingFilter      : [HTTP IN]  GET /auth/me from IP 0:0:0:0:0:0:0:1
2026-09-09 14:40:17.388  INFO [http-nio-8080-exec-1] [trace:11b55e4f] c.d.E.security.RequestLoggingFilter      : [HTTP OUT] GET /auth/me -> 200 (10ms)
2026-09-09 14:40:17.395  INFO [http-nio-8080-exec-8] [trace:b33cf3f4] c.d.E.security.RequestLoggingFilter      : [HTTP OUT] GET /employees/search?skip=0&limit=10 -> 200 (17ms)
2026-09-09 14:40:17.398  INFO [http-nio-8080-exec-5] [trace:a88d0ffa] c.d.E.security.RequestLoggingFilter      : [HTTP IN]  GET /employees/search?skip=0&limit=10 from IP 0:0:0:0:0:0:0:1
2026-09-09 14:40:17.408  INFO [http-nio-8080-exec-7] [trace:a3e4407c] c.d.E.security.RequestLoggingFilter      : [HTTP IN]  GET /departments from IP 0:0:0:0:0:0:0:1
2026-09-09 14:40:17.418  INFO [http-nio-8080-exec-4] [trace:96849752] c.d.E.security.RequestLoggingFilter      : [HTTP IN]  OPTIONS /designations from IP 0:0:0:0:0:0:0:1
2026-09-09 14:40:17.420  INFO [http-nio-8080-exec-4] [trace:96849752] c.d.E.security.RequestLoggingFilter      : [HTTP OUT] OPTIONS /designations -> 200 (2ms)
2026-09-09 14:40:17.425  INFO [http-nio-8080-exec-5] [trace:a88d0ffa] c.d.E.security.RequestLoggingFilter      : [HTTP OUT] GET /employees/search?skip=0&limit=10 -> 200 (27ms)
2026-09-09 14:40:17.425  INFO [http-nio-8080-exec-6] [trace:50794f3a] c.d.E.security.RequestLoggingFilter      : [HTTP IN]  GET /employees/search?skip=0&limit=10 from IP 0:0:0:0:0:0:0:1
2026-09-09 14:40:17.425  INFO [http-nio-8080-exec-2] [trace:d666aa5e] c.d.E.security.RequestLoggingFilter      : [HTTP IN]  GET /designations from IP 0:0:0:0:0:0:0:1
2026-09-09 14:40:17.428  WARN [http-nio-8080-exec-7] [trace:a3e4407c] c.d.E.config.CacheConfig                 : [CACHE WARNING] Redis cache get failed for key 'list_0_null' in cache 'departments': Unable to connect to Redis. Falling back to database query.
2026-09-09 14:40:17.459  INFO [http-nio-8080-exec-6] [trace:50794f3a] c.d.E.security.RequestLoggingFilter      : [HTTP OUT] GET /employees/search?skip=0&limit=10 -> 200 (34ms)
2026-09-09 14:40:17.462  WARN [http-nio-8080-exec-2] [trace:d666aa5e] c.d.E.config.CacheConfig                 : [CACHE WARNING] Redis cache get failed for key 'list_0_null' in cache 'designations': Unable to connect to Redis. Falling back to database query.
2026-09-09 14:40:17.506  WARN [http-nio-8080-exec-7] [trace:a3e4407c] c.d.E.config.CacheConfig                 : [CACHE WARNING] Redis cache put failed for key 'list_0_null' in cache 'departments': Unable to connect to Redis. Continuing execution.
2026-09-09 14:40:17.517  INFO [http-nio-8080-exec-9] [trace:f8358499] c.d.E.security.RequestLoggingFilter      : [HTTP IN]  GET /departments from IP 0:0:0:0:0:0:0:1
2026-09-09 14:40:17.518  INFO [http-nio-8080-exec-7] [trace:a3e4407c] c.d.E.security.RequestLoggingFilter      : [HTTP OUT] GET /departments -> 200 (110ms)
2026-09-09 14:40:17.574  WARN [http-nio-8080-exec-2] [trace:d666aa5e] c.d.E.config.CacheConfig                 : [CACHE WARNING] Redis cache put failed for key 'list_0_null' in cache 'designations': Unable to connect to Redis. Continuing execution.
2026-09-09 14:40:17.636  WARN [http-nio-8080-exec-9] [trace:f8358499] c.d.E.config.CacheConfig                 : [CACHE WARNING] Redis cache get failed for key 'list_0_null' in cache 'departments': Unable to connect to Redis. Falling back to database query.
2026-09-09 14:40:17.656  INFO [http-nio-8080-exec-3] [trace:5a16b47a] c.d.E.security.RequestLoggingFilter      : [HTTP IN]  GET /designations from IP 0:0:0:0:0:0:0:1
2026-09-09 14:40:17.656  INFO [http-nio-8080-exec-2] [trace:d666aa5e] c.d.E.security.RequestLoggingFilter      : [HTTP OUT] GET /designations -> 200 (231ms)
2026-09-09 14:40:17.663  WARN [http-nio-8080-exec-9] [trace:f8358499] c.d.E.config.CacheConfig                 : [CACHE WARNING] Redis cache put failed for key 'list_0_null' in cache 'departments': Unable to connect to Redis. Continuing execution.
2026-09-09 14:40:17.674  INFO [http-nio-8080-exec-9] [trace:f8358499] c.d.E.security.RequestLoggingFilter      : [HTTP OUT] GET /departments -> 200 (157ms)
2026-09-09 14:40:17.674  INFO [http-nio-8080-exec-10] [trace:f56869c8] c.d.E.security.RequestLoggingFilter      : [HTTP IN]  GET /departments from IP 0:0:0:0:0:0:0:1
2026-09-09 14:40:17.688  WARN [http-nio-8080-exec-3] [trace:5a16b47a] c.d.E.config.CacheConfig                 : [CACHE WARNING] Redis cache get failed for key 'list_0_null' in cache 'designations': Unable to connect to Redis. Falling back to database query.
2026-09-09 14:40:17.693  WARN [http-nio-8080-exec-10] [trace:f56869c8] c.d.E.config.CacheConfig                 : [CACHE WARNING] Redis cache get failed for key 'list_0_null' in cache 'departments': Unable to connect to Redis. Falling back to database query.
2026-09-09 14:40:17.697  WARN [http-nio-8080-exec-3] [trace:5a16b47a] c.d.E.config.CacheConfig                 : [CACHE WARNING] Redis cache put failed for key 'list_0_null' in cache 'designations': Unable to connect to Redis. Continuing execution.
2026-09-09 14:40:17.699  INFO [http-nio-8080-exec-3] [trace:5a16b47a] c.d.E.security.RequestLoggingFilter      : [HTTP OUT] GET /designations -> 200 (43ms)
2026-09-09 14:40:17.701  INFO [http-nio-8080-exec-1] [trace:c60e7e26] c.d.E.security.RequestLoggingFilter      : [HTTP IN]  GET /designations from IP 0:0:0:0:0:0:0:1
2026-09-09 14:40:17.726  WARN [http-nio-8080-exec-10] [trace:f56869c8] c.d.E.config.CacheConfig                 : [CACHE WARNING] Redis cache put failed for key 'list_0_null' in cache 'departments': Unable to connect to Redis. Continuing execution.
2026-09-09 14:40:17.729  INFO [http-nio-8080-exec-10] [trace:f56869c8] c.d.E.security.RequestLoggingFilter      : [HTTP OUT] GET /departments -> 200 (55ms)
2026-09-09 14:40:17.737  WARN [http-nio-8080-exec-1] [trace:c60e7e26] c.d.E.config.CacheConfig                 : [CACHE WARNING] Redis cache get failed for key 'list_0_null' in cache 'designations': Unable to connect to Redis. Falling back to database query.
2026-09-09 14:40:17.746  WARN [http-nio-8080-exec-1] [trace:c60e7e26] c.d.E.config.CacheConfig                 : [CACHE WARNING] Redis cache put failed for key 'list_0_null' in cache 'designations': Unable to connect to Redis. Continuing execution.
2026-09-09 14:40:17.748  INFO [http-nio-8080-exec-1] [trace:c60e7e26] c.d.E.security.RequestLoggingFilter      : [HTTP OUT] GET /designations -> 200 (47ms)
2026-09-09 14:40:20.067  INFO [http-nio-8080-exec-8] [trace:85da2743] c.d.E.security.RequestLoggingFilter      : [HTTP IN]  GET /auth/me from IP 0:0:0:0:0:0:0:1
2026-09-09 14:40:20.073  INFO [http-nio-8080-exec-4] [trace:f7983e17] c.d.E.security.RequestLoggingFilter      : [HTTP IN]  OPTIONS /attendance/records?limit=500 from IP 0:0:0:0:0:0:0:1
2026-09-09 14:40:20.073  INFO [http-nio-8080-exec-5] [trace:d6f80475] c.d.E.security.RequestLoggingFilter      : [HTTP IN]  OPTIONS /attendance/records?limit=100&date_from=2026-09-09&date_to=2026-09-09 from IP 0:0:0:0:0:0:0:1
2026-09-09 14:40:20.073  INFO [http-nio-8080-exec-6] [trace:ce8cfa2f] c.d.E.security.RequestLoggingFilter      : [HTTP IN]  GET /employees/search?limit=100 from IP 0:0:0:0:0:0:0:1
2026-09-09 14:40:20.075  INFO [http-nio-8080-exec-7] [trace:63afca92] c.d.E.security.RequestLoggingFilter      : [HTTP IN]  OPTIONS /attendance/records?limit=500 from IP 0:0:0:0:0:0:0:1
2026-09-09 14:40:20.075  INFO [http-nio-8080-exec-7] [trace:63afca92] c.d.E.security.RequestLoggingFilter      : [HTTP OUT] OPTIONS /attendance/records?limit=500 -> 200 (0ms)
2026-09-09 14:40:20.075  INFO [http-nio-8080-exec-2] [trace:4fe9819d] c.d.E.security.RequestLoggingFilter      : [HTTP IN]  OPTIONS /attendance/records?limit=100&date_from=2026-09-09&date_to=2026-09-09 from IP 0:0:0:0:0:0:0:1
2026-09-09 14:40:20.075  INFO [http-nio-8080-exec-4] [trace:f7983e17] c.d.E.security.RequestLoggingFilter      : [HTTP OUT] OPTIONS /attendance/records?limit=500 -> 200 (2ms)
2026-09-09 14:40:20.077  INFO [http-nio-8080-exec-2] [trace:4fe9819d] c.d.E.security.RequestLoggingFilter      : [HTTP OUT] OPTIONS /attendance/records?limit=100&date_from=2026-09-09&date_to=2026-09-09 -> 200 (2ms)
2026-09-09 14:40:20.075  INFO [http-nio-8080-exec-5] [trace:d6f80475] c.d.E.security.RequestLoggingFilter      : [HTTP OUT] OPTIONS /attendance/records?limit=100&date_from=2026-09-09&date_to=2026-09-09 -> 200 (2ms)
2026-09-09 14:40:20.084  INFO [http-nio-8080-exec-9] [trace:e71f4bb1] c.d.E.security.RequestLoggingFilter      : [HTTP IN]  GET /attendance/records?limit=500 from IP 0:0:0:0:0:0:0:1
2026-09-09 14:40:20.084  INFO [http-nio-8080-exec-3] [trace:ad82c8df] c.d.E.security.RequestLoggingFilter      : [HTTP IN]  GET /attendance/records?limit=100&date_from=2026-09-09&date_to=2026-09-09 from IP 0:0:0:0:0:0:0:1
2026-09-09 14:40:20.091  INFO [http-nio-8080-exec-8] [trace:85da2743] c.d.E.security.RequestLoggingFilter      : [HTTP OUT] GET /auth/me -> 200 (24ms)
2026-09-09 14:40:20.093  INFO [http-nio-8080-exec-10] [trace:5bc283f3] c.d.E.security.RequestLoggingFilter      : [HTTP IN]  GET /auth/me from IP 0:0:0:0:0:0:0:1
2026-09-09 14:40:20.109  INFO [http-nio-8080-exec-1] [trace:6c4f6c93] c.d.E.security.RequestLoggingFilter      : [HTTP IN]  OPTIONS /attendance/records?employee_public_id=fb519c20-26fe-4517-b785-7845aa4b8022&limit=100&date_from=2026-09-09&date_to=2026-09-09 from IP 0:0:0:0:0:0:0:1
2026-09-09 14:40:20.114  INFO [http-nio-8080-exec-4] [trace:f2f06d49] c.d.E.security.RequestLoggingFilter      : [HTTP IN]  OPTIONS /attendance/records?employee_public_id=fb519c20-26fe-4517-b785-7845aa4b8022&limit=100&date_from=2026-09-09&date_to=2026-09-09 from IP 0:0:0:0:0:0:0:1
2026-09-09 14:40:20.115  INFO [http-nio-8080-exec-4] [trace:f2f06d49] c.d.E.security.RequestLoggingFilter      : [HTTP OUT] OPTIONS /attendance/records?employee_public_id=fb519c20-26fe-4517-b785-7845aa4b8022&limit=100&date_from=2026-09-09&date_to=2026-09-09 -> 200 (1ms)
2026-09-09 14:40:20.117  INFO [http-nio-8080-exec-1] [trace:6c4f6c93] c.d.E.security.RequestLoggingFilter      : [HTTP OUT] OPTIONS /attendance/records?employee_public_id=fb519c20-26fe-4517-b785-7845aa4b8022&limit=100&date_from=2026-09-09&date_to=2026-09-09 -> 200 (2ms)
2026-09-09 14:40:20.127  INFO [http-nio-8080-exec-5] [trace:8cb1fb6f] c.d.E.security.RequestLoggingFilter      : [HTTP IN]  GET /attendance/records?employee_public_id=fb519c20-26fe-4517-b785-7845aa4b8022&limit=100&date_from=2026-09-09&date_to=2026-09-09 from IP 0:0:0:0:0:0:0:1
2026-09-09 14:40:20.129  INFO [http-nio-8080-exec-6] [trace:ce8cfa2f] c.d.E.security.RequestLoggingFilter      : [HTTP OUT] GET /employees/search?limit=100 -> 200 (56ms)
2026-09-09 14:40:20.132  INFO [http-nio-8080-exec-10] [trace:5bc283f3] c.d.E.security.RequestLoggingFilter      : [HTTP OUT] GET /auth/me -> 200 (39ms)
2026-09-09 14:40:20.124  INFO [http-nio-8080-exec-1] [trace:2e01714e] c.d.E.security.RequestLoggingFilter      : [HTTP IN]  GET /employees/search?limit=100 from IP 0:0:0:0:0:0:0:1
2026-09-09 14:40:20.150  INFO [http-nio-8080-exec-7] [trace:2b9a9892] c.d.E.security.RequestLoggingFilter      : [HTTP IN]  GET /attendance/records?limit=500 from IP 0:0:0:0:0:0:0:1
2026-09-09 14:40:20.169  INFO [http-nio-8080-exec-9] [trace:e71f4bb1] c.d.E.security.RequestLoggingFilter      : [HTTP OUT] GET /attendance/records?limit=500 -> 200 (85ms)
2026-09-09 14:40:20.194  INFO [http-nio-8080-exec-3] [trace:ad82c8df] c.d.E.security.RequestLoggingFilter      : [HTTP OUT] GET /attendance/records?limit=100&date_from=2026-09-09&date_to=2026-09-09 -> 200 (110ms)
2026-09-09 14:40:20.195  INFO [http-nio-8080-exec-8] [trace:1d164468] c.d.E.security.RequestLoggingFilter      : [HTTP IN]  GET /attendance/records?limit=100&date_from=2026-09-09&date_to=2026-09-09 from IP 0:0:0:0:0:0:0:1
2026-09-09 14:40:20.196  INFO [http-nio-8080-exec-4] [trace:f6163b4a] c.d.E.security.RequestLoggingFilter      : [HTTP IN]  GET /employees/search?limit=100 from IP 0:0:0:0:0:0:0:1
2026-09-09 14:40:20.202  INFO [http-nio-8080-exec-1] [trace:2e01714e] c.d.E.security.RequestLoggingFilter      : [HTTP OUT] GET /employees/search?limit=100 -> 200 (78ms)
2026-09-09 14:40:20.246  INFO [http-nio-8080-exec-2] [trace:1a0a885a] c.d.E.security.RequestLoggingFilter      : [HTTP IN]  GET /attendance/records?limit=500 from IP 0:0:0:0:0:0:0:1
2026-09-09 14:40:20.260  INFO [http-nio-8080-exec-7] [trace:2b9a9892] c.d.E.security.RequestLoggingFilter      : [HTTP OUT] GET /attendance/records?limit=500 -> 200 (110ms)
2026-09-09 14:40:20.262  INFO [http-nio-8080-exec-8] [trace:1d164468] c.d.E.security.RequestLoggingFilter      : [HTTP OUT] GET /attendance/records?limit=100&date_from=2026-09-09&date_to=2026-09-09 -> 200 (67ms)
2026-09-09 14:40:20.265  INFO [http-nio-8080-exec-4] [trace:f6163b4a] c.d.E.security.RequestLoggingFilter      : [HTTP OUT] GET /employees/search?limit=100 -> 200 (69ms)
2026-09-09 14:40:20.357  INFO [http-nio-8080-exec-5] [trace:8cb1fb6f] c.d.E.security.RequestLoggingFilter      : [HTTP OUT] GET /attendance/records?employee_public_id=fb519c20-26fe-4517-b785-7845aa4b8022&limit=100&date_from=2026-09-09&date_to=2026-09-09 -> 200 (230ms)
2026-09-09 14:40:20.359  INFO [http-nio-8080-exec-5] [trace:2ff54938] c.d.E.security.RequestLoggingFilter      : [HTTP IN]  GET /attendance/records?employee_public_id=fb519c20-26fe-4517-b785-7845aa4b8022&limit=100&date_from=2026-09-09&date_to=2026-09-09 from IP 0:0:0:0:0:0:0:1
2026-09-09 14:40:20.388  INFO [http-nio-8080-exec-5] [trace:2ff54938] c.d.E.security.RequestLoggingFilter      : [HTTP OUT] GET /attendance/records?employee_public_id=fb519c20-26fe-4517-b785-7845aa4b8022&limit=100&date_from=2026-09-09&date_to=2026-09-09 -> 200 (29ms)
2026-09-09 14:40:20.388  INFO [http-nio-8080-exec-10] [trace:b29e56b3] c.d.E.security.RequestLoggingFilter      : [HTTP IN]  GET /attendance/records?employee_public_id=fb519c20-26fe-4517-b785-7845aa4b8022&limit=100&date_from=2026-09-09&date_to=2026-09-09 from IP 0:0:0:0:0:0:0:1
2026-09-09 14:40:20.396  INFO [http-nio-8080-exec-2] [trace:1a0a885a] c.d.E.security.RequestLoggingFilter      : [HTTP OUT] GET /attendance/records?limit=500 -> 200 (150ms)
2026-09-09 14:40:20.418  INFO [http-nio-8080-exec-10] [trace:b29e56b3] c.d.E.security.RequestLoggingFilter      : [HTTP OUT] GET /attendance/records?employee_public_id=fb519c20-26fe-4517-b785-7845aa4b8022&limit=100&date_from=2026-09-09&date_to=2026-09-09 -> 200 (30ms)
2026-09-09 14:40:21.923  INFO [http-nio-8080-exec-9] [trace:b586f9e0] c.d.E.security.RequestLoggingFilter      : [HTTP IN]  GET /health from IP 0:0:0:0:0:0:0:1
2026-09-09 14:40:21.925  INFO [http-nio-8080-exec-9] [trace:b586f9e0] c.d.E.security.RequestLoggingFilter      : [HTTP OUT] GET /health -> 200 (2ms)
2026-09-09 14:40:36.909  INFO [http-nio-8080-exec-3] [trace:0f7a1921] c.d.E.security.RequestLoggingFilter      : [HTTP IN]  GET /auth/pending-users from IP 0:0:0:0:0:0:0:1
2026-09-09 14:40:36.909  INFO [http-nio-8080-exec-1] [trace:a37b8101] c.d.E.security.RequestLoggingFilter      : [HTTP IN]  GET /health from IP 0:0:0:0:0:0:0:1
2026-09-09 14:40:36.916  INFO [http-nio-8080-exec-1] [trace:a37b8101] c.d.E.security.RequestLoggingFilter      : [HTTP OUT] GET /health -> 200 (7ms)
2026-09-09 14:40:37.007  INFO [http-nio-8080-exec-3] [trace:0f7a1921] c.d.E.security.RequestLoggingFilter      : [HTTP OUT] GET /auth/pending-users -> 200 (98ms)
2026-09-09 14:40:37.636  INFO [http-nio-8080-exec-7] [trace:9fb5c03a] c.d.E.security.RequestLoggingFilter      : [HTTP IN]  GET /auth/me from IP 0:0:0:0:0:0:0:1
2026-09-09 14:40:37.652  INFO [http-nio-8080-exec-8] [trace:b0965fd5] c.d.E.security.RequestLoggingFilter      : [HTTP IN]  OPTIONS /payroll/runs?skip=0&limit=10 from IP 0:0:0:0:0:0:0:1
2026-09-09 14:40:37.653  INFO [http-nio-8080-exec-4] [trace:2489d6d8] c.d.E.security.RequestLoggingFilter      : [HTTP IN]  OPTIONS /payroll/runs?skip=0&limit=10 from IP 0:0:0:0:0:0:0:1
2026-09-09 14:40:37.656  INFO [http-nio-8080-exec-6] [trace:707c73e5] c.d.E.security.RequestLoggingFilter      : [HTTP IN]  OPTIONS /payroll/runs?skip=0&limit=10 from IP 0:0:0:0:0:0:0:1
2026-09-09 14:40:37.658  INFO [http-nio-8080-exec-2] [trace:cc27cd85] c.d.E.security.RequestLoggingFilter      : [HTTP IN]  GET /employees/search?limit=100 from IP 0:0:0:0:0:0:0:1
2026-09-09 14:40:37.658  INFO [http-nio-8080-exec-6] [trace:707c73e5] c.d.E.security.RequestLoggingFilter      : [HTTP OUT] OPTIONS /payroll/runs?skip=0&limit=10 -> 200 (2ms)
2026-09-09 14:40:37.659  INFO [http-nio-8080-exec-5] [trace:754a317f] c.d.E.security.RequestLoggingFilter      : [HTTP IN]  OPTIONS /salaries from IP 0:0:0:0:0:0:0:1
2026-09-09 14:40:37.659  INFO [http-nio-8080-exec-4] [trace:2489d6d8] c.d.E.security.RequestLoggingFilter      : [HTTP OUT] OPTIONS /payroll/runs?skip=0&limit=10 -> 200 (6ms)
2026-09-09 14:40:37.659  INFO [http-nio-8080-exec-8] [trace:b0965fd5] c.d.E.security.RequestLoggingFilter      : [HTTP OUT] OPTIONS /payroll/runs?skip=0&limit=10 -> 200 (7ms)
2026-09-09 14:40:37.659  INFO [http-nio-8080-exec-5] [trace:754a317f] c.d.E.security.RequestLoggingFilter      : [HTTP OUT] OPTIONS /salaries -> 200 (0ms)
2026-09-09 14:40:37.668  INFO [http-nio-8080-exec-10] [trace:e61cc899] c.d.E.security.RequestLoggingFilter      : [HTTP IN]  GET /payroll/runs?skip=0&limit=10 from IP 0:0:0:0:0:0:0:1
2026-09-09 14:40:37.671  INFO [http-nio-8080-exec-9] [trace:b4ac2dd4] c.d.E.security.RequestLoggingFilter      : [HTTP IN]  GET /salaries from IP 0:0:0:0:0:0:0:1
2026-09-09 14:40:37.685  INFO [http-nio-8080-exec-1] [trace:92b0e565] c.d.E.security.RequestLoggingFilter      : [HTTP IN]  GET /auth/me from IP 0:0:0:0:0:0:0:1
2026-09-09 14:40:37.684  INFO [http-nio-8080-exec-7] [trace:9fb5c03a] c.d.E.security.RequestLoggingFilter      : [HTTP OUT] GET /auth/me -> 200 (48ms)
2026-09-09 14:40:37.693  INFO [http-nio-8080-exec-2] [trace:cc27cd85] c.d.E.security.RequestLoggingFilter      : [HTTP OUT] GET /employees/search?limit=100 -> 200 (35ms)
2026-09-09 14:40:37.727  INFO [http-nio-8080-exec-10] [trace:e61cc899] c.d.E.security.RequestLoggingFilter      : [HTTP OUT] GET /payroll/runs?skip=0&limit=10 -> 200 (59ms)
2026-09-09 14:40:37.729  INFO [http-nio-8080-exec-10] [trace:141a66d0] c.d.E.security.RequestLoggingFilter      : [HTTP IN]  GET /payroll/runs?skip=0&limit=10 from IP 0:0:0:0:0:0:0:1
2026-09-09 14:40:37.745  INFO [http-nio-8080-exec-1] [trace:92b0e565] c.d.E.security.RequestLoggingFilter      : [HTTP OUT] GET /auth/me -> 200 (60ms)
2026-09-09 14:40:37.845  INFO [http-nio-8080-exec-10] [trace:141a66d0] c.d.E.security.RequestLoggingFilter      : [HTTP OUT] GET /payroll/runs?skip=0&limit=10 -> 200 (116ms)
2026-09-09 14:40:37.847  INFO [http-nio-8080-exec-10] [trace:48f7eda8] c.d.E.security.RequestLoggingFilter      : [HTTP IN]  GET /payroll/runs?skip=0&limit=10 from IP 0:0:0:0:0:0:0:1
2026-09-09 14:40:37.919  INFO [http-nio-8080-exec-10] [trace:48f7eda8] c.d.E.security.RequestLoggingFilter      : [HTTP OUT] GET /payroll/runs?skip=0&limit=10 -> 200 (72ms)
2026-09-09 14:40:37.949  INFO [http-nio-8080-exec-9] [trace:b4ac2dd4] c.d.E.security.RequestLoggingFilter      : [HTTP OUT] GET /salaries -> 200 (278ms)
2026-09-09 14:40:40.907  INFO [http-nio-8080-exec-8] [trace:ff27e9ca] c.d.E.security.RequestLoggingFilter      : [HTTP IN]  GET /auth/me from IP 0:0:0:0:0:0:0:1
2026-09-09 14:40:40.918  INFO [http-nio-8080-exec-4] [trace:233e4c36] c.d.E.security.RequestLoggingFilter      : [HTTP IN]  GET /leaves/balances/me from IP 0:0:0:0:0:0:0:1
2026-09-09 14:40:40.918  INFO [http-nio-8080-exec-5] [trace:03f58c6e] c.d.E.security.RequestLoggingFilter      : [HTTP IN]  OPTIONS /leaves/requests? from IP 0:0:0:0:0:0:0:1
2026-09-09 14:40:40.919  INFO [http-nio-8080-exec-7] [trace:972e3585] c.d.E.security.RequestLoggingFilter      : [HTTP IN]  OPTIONS /leaves/types from IP 0:0:0:0:0:0:0:1
2026-09-09 14:40:40.920  INFO [http-nio-8080-exec-5] [trace:03f58c6e] c.d.E.security.RequestLoggingFilter      : [HTTP OUT] OPTIONS /leaves/requests? -> 200 (2ms)
2026-09-09 14:40:40.921  INFO [http-nio-8080-exec-2] [trace:1ece35a4] c.d.E.security.RequestLoggingFilter      : [HTTP IN]  OPTIONS /leaves/requests? from IP 0:0:0:0:0:0:0:1
2026-09-09 14:40:40.923  INFO [http-nio-8080-exec-3] [trace:f0e281b8] c.d.E.security.RequestLoggingFilter      : [HTTP IN]  OPTIONS /leaves/types from IP 0:0:0:0:0:0:0:1
2026-09-09 14:40:40.923  INFO [http-nio-8080-exec-2] [trace:1ece35a4] c.d.E.security.RequestLoggingFilter      : [HTTP OUT] OPTIONS /leaves/requests? -> 200 (2ms)
2026-09-09 14:40:40.923  INFO [http-nio-8080-exec-7] [trace:972e3585] c.d.E.security.RequestLoggingFilter      : [HTTP OUT] OPTIONS /leaves/types -> 200 (4ms)
2026-09-09 14:40:40.924  INFO [http-nio-8080-exec-3] [trace:f0e281b8] c.d.E.security.RequestLoggingFilter      : [HTTP OUT] OPTIONS /leaves/types -> 200 (1ms)
2026-09-09 14:40:40.925  INFO [http-nio-8080-exec-1] [trace:d6179c55] c.d.E.security.RequestLoggingFilter      : [HTTP IN]  OPTIONS /leaves/requests? from IP 0:0:0:0:0:0:0:1
2026-09-09 14:40:40.927  INFO [http-nio-8080-exec-6] [trace:f80f5302] c.d.E.security.RequestLoggingFilter      : [HTTP IN]  OPTIONS /leaves/types from IP 0:0:0:0:0:0:0:1
2026-09-09 14:40:40.927  INFO [http-nio-8080-exec-1] [trace:d6179c55] c.d.E.security.RequestLoggingFilter      : [HTTP OUT] OPTIONS /leaves/requests? -> 200 (2ms)
2026-09-09 14:40:40.927  INFO [http-nio-8080-exec-6] [trace:f80f5302] c.d.E.security.RequestLoggingFilter      : [HTTP OUT] OPTIONS /leaves/types -> 200 (0ms)
2026-09-09 14:40:40.933  INFO [http-nio-8080-exec-10] [trace:119e9aa3] c.d.E.security.RequestLoggingFilter      : [HTTP IN]  GET /leaves/requests? from IP 0:0:0:0:0:0:0:1
2026-09-09 14:40:40.933  INFO [http-nio-8080-exec-9] [trace:24d0fa76] c.d.E.security.RequestLoggingFilter      : [HTTP IN]  GET /leaves/types from IP 0:0:0:0:0:0:0:1
2026-09-09 14:40:40.941  INFO [http-nio-8080-exec-8] [trace:ff27e9ca] c.d.E.security.RequestLoggingFilter      : [HTTP OUT] GET /auth/me -> 200 (34ms)
2026-09-09 14:40:40.942  INFO [http-nio-8080-exec-5] [trace:1f69d0b6] c.d.E.security.RequestLoggingFilter      : [HTTP IN]  GET /auth/me from IP 0:0:0:0:0:0:0:1
2026-09-09 14:40:40.986  WARN [http-nio-8080-exec-9] [trace:24d0fa76] c.d.E.config.CacheConfig                 : [CACHE WARNING] Redis cache get failed for key 'all' in cache 'leave_types': Unable to connect to Redis. Falling back to database query.
2026-09-09 14:40:40.996  INFO [http-nio-8080-exec-5] [trace:1f69d0b6] c.d.E.security.RequestLoggingFilter      : [HTTP OUT] GET /auth/me -> 200 (54ms)
2026-09-09 14:40:41.003  INFO [http-nio-8080-exec-4] [trace:233e4c36] c.d.E.security.RequestLoggingFilter      : [HTTP OUT] GET /leaves/balances/me -> 200 (85ms)
2026-09-09 14:40:41.005  INFO [http-nio-8080-exec-7] [trace:894e5940] c.d.E.security.RequestLoggingFilter      : [HTTP IN]  GET /leaves/balances/me from IP 0:0:0:0:0:0:0:1
2026-09-09 14:40:41.007  INFO [http-nio-8080-exec-10] [trace:119e9aa3] c.d.E.security.RequestLoggingFilter      : [HTTP OUT] GET /leaves/requests? -> 200 (74ms)
2026-09-09 14:40:41.008  INFO [http-nio-8080-exec-10] [trace:075dbda2] c.d.E.security.RequestLoggingFilter      : [HTTP IN]  GET /leaves/requests? from IP 0:0:0:0:0:0:0:1
2026-09-09 14:40:41.010  WARN [http-nio-8080-exec-9] [trace:24d0fa76] c.d.E.config.CacheConfig                 : [CACHE WARNING] Redis cache put failed for key 'all' in cache 'leave_types': Unable to connect to Redis. Continuing execution.
2026-09-09 14:40:41.015  INFO [http-nio-8080-exec-9] [trace:24d0fa76] c.d.E.security.RequestLoggingFilter      : [HTTP OUT] GET /leaves/types -> 200 (82ms)
2026-09-09 14:40:41.017  INFO [http-nio-8080-exec-3] [trace:57d27ab0] c.d.E.security.RequestLoggingFilter      : [HTTP IN]  GET /leaves/types from IP 0:0:0:0:0:0:0:1
2026-09-09 14:40:41.043  INFO [http-nio-8080-exec-7] [trace:894e5940] c.d.E.security.RequestLoggingFilter      : [HTTP OUT] GET /leaves/balances/me -> 200 (38ms)
2026-09-09 14:40:41.048  INFO [http-nio-8080-exec-1] [trace:e2c33117] c.d.E.security.RequestLoggingFilter      : [HTTP IN]  GET /leaves/balances/me from IP 0:0:0:0:0:0:0:1
2026-09-09 14:40:41.049  WARN [http-nio-8080-exec-3] [trace:57d27ab0] c.d.E.config.CacheConfig                 : [CACHE WARNING] Redis cache get failed for key 'all' in cache 'leave_types': Unable to connect to Redis. Falling back to database query.
2026-09-09 14:40:41.055  INFO [http-nio-8080-exec-10] [trace:075dbda2] c.d.E.security.RequestLoggingFilter      : [HTTP OUT] GET /leaves/requests? -> 200 (47ms)
2026-09-09 14:40:41.055  INFO [http-nio-8080-exec-6] [trace:b03603b9] c.d.E.security.RequestLoggingFilter      : [HTTP IN]  GET /leaves/requests? from IP 0:0:0:0:0:0:0:1
2026-09-09 14:40:41.073  WARN [http-nio-8080-exec-3] [trace:57d27ab0] c.d.E.config.CacheConfig                 : [CACHE WARNING] Redis cache put failed for key 'all' in cache 'leave_types': Unable to connect to Redis. Continuing execution.
2026-09-09 14:40:41.075  INFO [http-nio-8080-exec-3] [trace:57d27ab0] c.d.E.security.RequestLoggingFilter      : [HTTP OUT] GET /leaves/types -> 200 (58ms)
2026-09-09 14:40:41.076  INFO [http-nio-8080-exec-3] [trace:772f89f9] c.d.E.security.RequestLoggingFilter      : [HTTP IN]  GET /leaves/types from IP 0:0:0:0:0:0:0:1
2026-09-09 14:40:41.079  INFO [http-nio-8080-exec-1] [trace:e2c33117] c.d.E.security.RequestLoggingFilter      : [HTTP OUT] GET /leaves/balances/me -> 200 (31ms)
2026-09-09 14:40:41.090  INFO [http-nio-8080-exec-6] [trace:b03603b9] c.d.E.security.RequestLoggingFilter      : [HTTP OUT] GET /leaves/requests? -> 200 (35ms)
2026-09-09 14:40:41.096  WARN [http-nio-8080-exec-3] [trace:772f89f9] c.d.E.config.CacheConfig                 : [CACHE WARNING] Redis cache get failed for key 'all' in cache 'leave_types': Unable to connect to Redis. Falling back to database query.
2026-09-09 14:40:41.108  WARN [http-nio-8080-exec-3] [trace:772f89f9] c.d.E.config.CacheConfig                 : [CACHE WARNING] Redis cache put failed for key 'all' in cache 'leave_types': Unable to connect to Redis. Continuing execution.
2026-09-09 14:40:41.110  INFO [http-nio-8080-exec-3] [trace:772f89f9] c.d.E.security.RequestLoggingFilter      : [HTTP OUT] GET /leaves/types -> 200 (34ms)
2026-09-09 14:40:44.439  INFO [http-nio-8080-exec-5] [trace:fa29471b] c.d.E.security.RequestLoggingFilter      : [HTTP IN]  GET /auth/me from IP 0:0:0:0:0:0:0:1
2026-09-09 14:40:44.445  INFO [http-nio-8080-exec-4] [trace:2ca5a7f5] c.d.E.security.RequestLoggingFilter      : [HTTP IN]  GET /auth/pending-users from IP 0:0:0:0:0:0:0:1
2026-09-09 14:40:44.445  INFO [http-nio-8080-exec-2] [trace:2081f3f9] c.d.E.security.RequestLoggingFilter      : [HTTP IN]  OPTIONS /auth/users from IP 0:0:0:0:0:0:0:1
2026-09-09 14:40:44.445  INFO [http-nio-8080-exec-9] [trace:86867deb] c.d.E.security.RequestLoggingFilter      : [HTTP IN]  OPTIONS /documents/pending from IP 0:0:0:0:0:0:0:1
2026-09-09 14:40:44.446  INFO [http-nio-8080-exec-7] [trace:0476ccc4] c.d.E.security.RequestLoggingFilter      : [HTTP IN]  OPTIONS /auth/users from IP 0:0:0:0:0:0:0:1
2026-09-09 14:40:44.446  INFO [http-nio-8080-exec-9] [trace:86867deb] c.d.E.security.RequestLoggingFilter      : [HTTP OUT] OPTIONS /documents/pending -> 200 (1ms)
2026-09-09 14:40:44.446  INFO [http-nio-8080-exec-2] [trace:2081f3f9] c.d.E.security.RequestLoggingFilter      : [HTTP OUT] OPTIONS /auth/users -> 200 (1ms)
2026-09-09 14:40:44.446  INFO [http-nio-8080-exec-7] [trace:0476ccc4] c.d.E.security.RequestLoggingFilter      : [HTTP OUT] OPTIONS /auth/users -> 200 (0ms)
2026-09-09 14:40:44.446  INFO [http-nio-8080-exec-10] [trace:8801542c] c.d.E.security.RequestLoggingFilter      : [HTTP IN]  OPTIONS /documents/pending from IP 0:0:0:0:0:0:0:1
2026-09-09 14:40:44.447  INFO [http-nio-8080-exec-10] [trace:8801542c] c.d.E.security.RequestLoggingFilter      : [HTTP OUT] OPTIONS /documents/pending -> 200 (1ms)
2026-09-09 14:40:44.449  INFO [http-nio-8080-exec-8] [trace:5d0bd955] c.d.E.security.RequestLoggingFilter      : [HTTP IN]  OPTIONS /auth/users from IP 0:0:0:0:0:0:0:1
2026-09-09 14:40:44.451  INFO [http-nio-8080-exec-8] [trace:5d0bd955] c.d.E.security.RequestLoggingFilter      : [HTTP OUT] OPTIONS /auth/users -> 200 (2ms)
2026-09-09 14:40:44.451  INFO [http-nio-8080-exec-1] [trace:59341a48] c.d.E.security.RequestLoggingFilter      : [HTTP IN]  OPTIONS /documents/pending from IP 0:0:0:0:0:0:0:1
2026-09-09 14:40:44.453  INFO [http-nio-8080-exec-1] [trace:59341a48] c.d.E.security.RequestLoggingFilter      : [HTTP OUT] OPTIONS /documents/pending -> 200 (2ms)
2026-09-09 14:40:44.456  INFO [http-nio-8080-exec-6] [trace:7a828bae] c.d.E.security.RequestLoggingFilter      : [HTTP IN]  GET /documents/pending from IP 0:0:0:0:0:0:0:1
2026-09-09 14:40:44.458  INFO [http-nio-8080-exec-5] [trace:fa29471b] c.d.E.security.RequestLoggingFilter      : [HTTP OUT] GET /auth/me -> 200 (19ms)
2026-09-09 14:40:44.458  INFO [http-nio-8080-exec-3] [trace:d00481b2] c.d.E.security.RequestLoggingFilter      : [HTTP IN]  GET /auth/users from IP 0:0:0:0:0:0:0:1
2026-09-09 14:40:44.459  INFO [http-nio-8080-exec-2] [trace:bcb0318c] c.d.E.security.RequestLoggingFilter      : [HTTP IN]  GET /auth/me from IP 0:0:0:0:0:0:0:1
2026-09-09 14:40:44.474  INFO [http-nio-8080-exec-2] [trace:bcb0318c] c.d.E.security.RequestLoggingFilter      : [HTTP OUT] GET /auth/me -> 200 (15ms)
2026-09-09 14:40:44.502  INFO [http-nio-8080-exec-6] [trace:7a828bae] c.d.E.security.RequestLoggingFilter      : [HTTP OUT] GET /documents/pending -> 200 (46ms)
2026-09-09 14:40:44.504  INFO [http-nio-8080-exec-7] [trace:83b27d48] c.d.E.security.RequestLoggingFilter      : [HTTP IN]  GET /documents/pending from IP 0:0:0:0:0:0:0:1
2026-09-09 14:40:44.518  INFO [http-nio-8080-exec-7] [trace:83b27d48] c.d.E.security.RequestLoggingFilter      : [HTTP OUT] GET /documents/pending -> 200 (14ms)
2026-09-09 14:40:44.518  INFO [http-nio-8080-exec-9] [trace:aa30eee8] c.d.E.security.RequestLoggingFilter      : [HTTP IN]  GET /documents/pending from IP 0:0:0:0:0:0:0:1
2026-09-09 14:40:44.527  INFO [http-nio-8080-exec-9] [trace:aa30eee8] c.d.E.security.RequestLoggingFilter      : [HTTP OUT] GET /documents/pending -> 200 (9ms)
2026-09-09 14:40:44.544  INFO [http-nio-8080-exec-4] [trace:2ca5a7f5] c.d.E.security.RequestLoggingFilter      : [HTTP OUT] GET /auth/pending-users -> 200 (99ms)
2026-09-09 14:40:44.546  INFO [http-nio-8080-exec-10] [trace:7cf5a4bb] c.d.E.security.RequestLoggingFilter      : [HTTP IN]  GET /auth/pending-users from IP 0:0:0:0:0:0:0:1
2026-09-09 14:40:44.608  INFO [http-nio-8080-exec-10] [trace:7cf5a4bb] c.d.E.security.RequestLoggingFilter      : [HTTP OUT] GET /auth/pending-users -> 200 (62ms)
2026-09-09 14:40:44.608  INFO [http-nio-8080-exec-8] [trace:03cd5b72] c.d.E.security.RequestLoggingFilter      : [HTTP IN]  GET /auth/pending-users from IP 0:0:0:0:0:0:0:1
2026-09-09 14:40:44.645  INFO [http-nio-8080-exec-1] [trace:cd4be2d6] c.d.E.security.RequestLoggingFilter      : [HTTP IN]  GET /auth/users from IP 0:0:0:0:0:0:0:1
2026-09-09 14:40:44.645  INFO [http-nio-8080-exec-3] [trace:d00481b2] c.d.E.security.RequestLoggingFilter      : [HTTP OUT] GET /auth/users -> 200 (187ms)
2026-09-09 14:40:44.668  INFO [http-nio-8080-exec-8] [trace:03cd5b72] c.d.E.security.RequestLoggingFilter      : [HTTP OUT] GET /auth/pending-users -> 200 (60ms)
2026-09-09 14:40:44.844  INFO [http-nio-8080-exec-5] [trace:9153d12d] c.d.E.security.RequestLoggingFilter      : [HTTP IN]  GET /auth/users from IP 0:0:0:0:0:0:0:1
2026-09-09 14:40:44.844  INFO [http-nio-8080-exec-1] [trace:cd4be2d6] c.d.E.security.RequestLoggingFilter      : [HTTP OUT] GET /auth/users -> 200 (199ms)
2026-09-09 14:40:44.997  INFO [http-nio-8080-exec-5] [trace:9153d12d] c.d.E.security.RequestLoggingFilter      : [HTTP OUT] GET /auth/users -> 200 (153ms)
2026-09-09 14:40:49.280  INFO [http-nio-8080-exec-2] [trace:fb658be7] c.d.E.security.RequestLoggingFilter      : [HTTP IN]  GET /auth/me from IP 0:0:0:0:0:0:0:1
2026-09-09 14:40:49.282  INFO [http-nio-8080-exec-6] [trace:7a5a6432] c.d.E.security.RequestLoggingFilter      : [HTTP IN]  GET /projects from IP 0:0:0:0:0:0:0:1
2026-09-09 14:40:49.288  INFO [http-nio-8080-exec-7] [trace:0af2f010] c.d.E.security.RequestLoggingFilter      : [HTTP IN]  GET /employees/search?limit=100 from IP 0:0:0:0:0:0:0:1
2026-09-09 14:40:49.321  INFO [http-nio-8080-exec-2] [trace:fb658be7] c.d.E.security.RequestLoggingFilter      : [HTTP OUT] GET /auth/me -> 200 (41ms)
2026-09-09 14:40:49.323  INFO [http-nio-8080-exec-9] [trace:86710833] c.d.E.security.RequestLoggingFilter      : [HTTP IN]  GET /auth/me from IP 0:0:0:0:0:0:0:1
2026-09-09 14:40:49.339  INFO [http-nio-8080-exec-10] [trace:2a02586f] c.d.E.security.RequestLoggingFilter      : [HTTP IN]  GET /employees/search?limit=100 from IP 0:0:0:0:0:0:0:1
2026-09-09 14:40:49.341  INFO [http-nio-8080-exec-6] [trace:7a5a6432] c.d.E.security.RequestLoggingFilter      : [HTTP OUT] GET /projects -> 200 (59ms)
2026-09-09 14:40:49.344  INFO [http-nio-8080-exec-4] [trace:6cd10888] c.d.E.security.RequestLoggingFilter      : [HTTP IN]  GET /projects from IP 0:0:0:0:0:0:0:1
2026-09-09 14:40:49.346  INFO [http-nio-8080-exec-7] [trace:0af2f010] c.d.E.security.RequestLoggingFilter      : [HTTP OUT] GET /employees/search?limit=100 -> 200 (58ms)
2026-09-09 14:40:49.347  INFO [http-nio-8080-exec-9] [trace:86710833] c.d.E.security.RequestLoggingFilter      : [HTTP OUT] GET /auth/me -> 200 (24ms)
2026-09-09 14:40:49.378  INFO [http-nio-8080-exec-3] [trace:5498f9d2] c.d.E.security.RequestLoggingFilter      : [HTTP IN]  GET /employees/search?limit=100 from IP 0:0:0:0:0:0:0:1
2026-09-09 14:40:49.381  INFO [http-nio-8080-exec-4] [trace:6cd10888] c.d.E.security.RequestLoggingFilter      : [HTTP OUT] GET /projects -> 200 (37ms)
2026-09-09 14:40:49.382  INFO [http-nio-8080-exec-8] [trace:40c74ae7] c.d.E.security.RequestLoggingFilter      : [HTTP IN]  GET /projects from IP 0:0:0:0:0:0:0:1
2026-09-09 14:40:49.382  INFO [http-nio-8080-exec-10] [trace:2a02586f] c.d.E.security.RequestLoggingFilter      : [HTTP OUT] GET /employees/search?limit=100 -> 200 (43ms)
2026-09-09 14:40:49.463  INFO [http-nio-8080-exec-3] [trace:5498f9d2] c.d.E.security.RequestLoggingFilter      : [HTTP OUT] GET /employees/search?limit=100 -> 200 (85ms)
2026-09-09 14:40:49.463  INFO [http-nio-8080-exec-8] [trace:40c74ae7] c.d.E.security.RequestLoggingFilter      : [HTTP OUT] GET /projects -> 200 (81ms)
2026-09-09 14:40:51.911  INFO [http-nio-8080-exec-1] [trace:aa628ac9] c.d.E.security.RequestLoggingFilter      : [HTTP IN]  GET /health from IP 0:0:0:0:0:0:0:1
2026-09-09 14:40:51.911  INFO [http-nio-8080-exec-1] [trace:aa628ac9] c.d.E.security.RequestLoggingFilter      : [HTTP OUT] GET /health -> 200 (0ms)
2026-09-09 14:40:53.495  INFO [http-nio-8080-exec-5] [trace:9db86197] c.d.E.security.RequestLoggingFilter      : [HTTP IN]  GET /auth/me from IP 0:0:0:0:0:0:0:1
2026-09-09 14:40:53.496  INFO [http-nio-8080-exec-6] [trace:66a73400] c.d.E.security.RequestLoggingFilter      : [HTTP IN]  GET /employees/search?limit=100 from IP 0:0:0:0:0:0:0:1
2026-09-09 14:40:53.496  INFO [http-nio-8080-exec-2] [trace:5f2d3ab0] c.d.E.security.RequestLoggingFilter      : [HTTP IN]  GET /reviews? from IP 0:0:0:0:0:0:0:1
2026-09-09 14:40:53.520  INFO [http-nio-8080-exec-5] [trace:9db86197] c.d.E.security.RequestLoggingFilter      : [HTTP OUT] GET /auth/me -> 200 (25ms)
2026-09-09 14:40:53.521  INFO [http-nio-8080-exec-9] [trace:4a2298f4] c.d.E.security.RequestLoggingFilter      : [HTTP IN]  GET /auth/me from IP 0:0:0:0:0:0:0:1
2026-09-09 14:40:53.524  INFO [http-nio-8080-exec-6] [trace:66a73400] c.d.E.security.RequestLoggingFilter      : [HTTP OUT] GET /employees/search?limit=100 -> 200 (28ms)
2026-09-09 14:40:53.526  INFO [http-nio-8080-exec-7] [trace:90ca9c91] c.d.E.security.RequestLoggingFilter      : [HTTP IN]  GET /employees/search?limit=100 from IP 0:0:0:0:0:0:0:1
2026-09-09 14:40:53.528  INFO [http-nio-8080-exec-2] [trace:5f2d3ab0] c.d.E.security.RequestLoggingFilter      : [HTTP OUT] GET /reviews? -> 200 (32ms)
2026-09-09 14:40:53.530  INFO [http-nio-8080-exec-4] [trace:3db7a058] c.d.E.security.RequestLoggingFilter      : [HTTP IN]  GET /reviews? from IP 0:0:0:0:0:0:0:1
2026-09-09 14:40:53.538  INFO [http-nio-8080-exec-9] [trace:4a2298f4] c.d.E.security.RequestLoggingFilter      : [HTTP OUT] GET /auth/me -> 200 (17ms)
2026-09-09 14:40:53.547  INFO [http-nio-8080-exec-4] [trace:3db7a058] c.d.E.security.RequestLoggingFilter      : [HTTP OUT] GET /reviews? -> 200 (17ms)
2026-09-09 14:40:53.548  INFO [http-nio-8080-exec-4] [trace:a3efff0b] c.d.E.security.RequestLoggingFilter      : [HTTP IN]  GET /reviews? from IP 0:0:0:0:0:0:0:1
2026-09-09 14:40:53.548  INFO [http-nio-8080-exec-7] [trace:90ca9c91] c.d.E.security.RequestLoggingFilter      : [HTTP OUT] GET /employees/search?limit=100 -> 200 (22ms)
2026-09-09 14:40:53.550  INFO [http-nio-8080-exec-3] [trace:43a83fdc] c.d.E.security.RequestLoggingFilter      : [HTTP IN]  GET /employees/search?limit=100 from IP 0:0:0:0:0:0:0:1
2026-09-09 14:40:53.559  INFO [http-nio-8080-exec-4] [trace:a3efff0b] c.d.E.security.RequestLoggingFilter      : [HTTP OUT] GET /reviews? -> 200 (11ms)
2026-09-09 14:40:53.561  INFO [http-nio-8080-exec-3] [trace:43a83fdc] c.d.E.security.RequestLoggingFilter      : [HTTP OUT] GET /employees/search?limit=100 -> 200 (11ms)
2026-09-09 14:40:55.828  INFO [http-nio-8080-exec-8] [trace:b45ee223] c.d.E.security.RequestLoggingFilter      : [HTTP IN]  GET /auth/me from IP 0:0:0:0:0:0:0:1
2026-09-09 14:40:55.828  INFO [http-nio-8080-exec-1] [trace:aaae5a74] c.d.E.security.RequestLoggingFilter      : [HTTP IN]  GET /departments from IP 0:0:0:0:0:0:0:1
2026-09-09 14:40:55.829  INFO [http-nio-8080-exec-6] [trace:aaf57283] c.d.E.security.RequestLoggingFilter      : [HTTP IN]  GET /employees/search?limit=100 from IP 0:0:0:0:0:0:0:1
2026-09-09 14:40:55.829  INFO [http-nio-8080-exec-5] [trace:690c1050] c.d.E.security.RequestLoggingFilter      : [HTTP IN]  GET /designations from IP 0:0:0:0:0:0:0:1
2026-09-09 14:40:55.841  INFO [http-nio-8080-exec-8] [trace:b45ee223] c.d.E.security.RequestLoggingFilter      : [HTTP OUT] GET /auth/me -> 200 (14ms)
2026-09-09 14:40:55.842  INFO [http-nio-8080-exec-2] [trace:65d09d85] c.d.E.security.RequestLoggingFilter      : [HTTP IN]  GET /auth/me from IP 0:0:0:0:0:0:0:1
2026-09-09 14:40:55.845  INFO [http-nio-8080-exec-6] [trace:aaf57283] c.d.E.security.RequestLoggingFilter      : [HTTP OUT] GET /employees/search?limit=100 -> 200 (16ms)
2026-09-09 14:40:55.845  INFO [http-nio-8080-exec-9] [trace:2b7aa571] c.d.E.security.RequestLoggingFilter      : [HTTP IN]  GET /employees/search?limit=100 from IP 0:0:0:0:0:0:0:1
2026-09-09 14:40:55.854  WARN [http-nio-8080-exec-5] [trace:690c1050] c.d.E.config.CacheConfig                 : [CACHE WARNING] Redis cache get failed for key 'list_0_null' in cache 'designations': Unable to connect to Redis. Falling back to database query.
2026-09-09 14:40:55.857  INFO [http-nio-8080-exec-2] [trace:65d09d85] c.d.E.security.RequestLoggingFilter      : [HTTP OUT] GET /auth/me -> 200 (15ms)
2026-09-09 14:40:55.857  INFO [http-nio-8080-exec-9] [trace:2b7aa571] c.d.E.security.RequestLoggingFilter      : [HTTP OUT] GET /employees/search?limit=100 -> 200 (12ms)
2026-09-09 14:40:55.878  WARN [http-nio-8080-exec-1] [trace:aaae5a74] c.d.E.config.CacheConfig                 : [CACHE WARNING] Redis cache get failed for key 'list_0_null' in cache 'departments': Unable to connect to Redis. Falling back to database query.
2026-09-09 14:40:55.882  WARN [http-nio-8080-exec-5] [trace:690c1050] c.d.E.config.CacheConfig                 : [CACHE WARNING] Redis cache put failed for key 'list_0_null' in cache 'designations': Unable to connect to Redis. Continuing execution.
2026-09-09 14:40:55.882  INFO [http-nio-8080-exec-5] [trace:690c1050] c.d.E.security.RequestLoggingFilter      : [HTTP OUT] GET /designations -> 200 (53ms)
2026-09-09 14:40:55.882  INFO [http-nio-8080-exec-10] [trace:4dab4f4b] c.d.E.security.RequestLoggingFilter      : [HTTP IN]  GET /designations from IP 0:0:0:0:0:0:0:1
2026-09-09 14:40:55.882  WARN [http-nio-8080-exec-1] [trace:aaae5a74] c.d.E.config.CacheConfig                 : [CACHE WARNING] Redis cache put failed for key 'list_0_null' in cache 'departments': Unable to connect to Redis. Continuing execution.
2026-09-09 14:40:55.882  INFO [http-nio-8080-exec-1] [trace:aaae5a74] c.d.E.security.RequestLoggingFilter      : [HTTP OUT] GET /departments -> 200 (54ms)
2026-09-09 14:40:55.882  INFO [http-nio-8080-exec-7] [trace:58aee4e3] c.d.E.security.RequestLoggingFilter      : [HTTP IN]  GET /departments from IP 0:0:0:0:0:0:0:1
2026-09-09 14:40:55.882  WARN [http-nio-8080-exec-10] [trace:4dab4f4b] c.d.E.config.CacheConfig                 : [CACHE WARNING] Redis cache get failed for key 'list_0_null' in cache 'designations': Unable to connect to Redis. Falling back to database query.
2026-09-09 14:40:55.900  WARN [http-nio-8080-exec-10] [trace:4dab4f4b] c.d.E.config.CacheConfig                 : [CACHE WARNING] Redis cache put failed for key 'list_0_null' in cache 'designations': Unable to connect to Redis. Continuing execution.
2026-09-09 14:40:55.901  INFO [http-nio-8080-exec-10] [trace:4dab4f4b] c.d.E.security.RequestLoggingFilter      : [HTTP OUT] GET /designations -> 200 (19ms)
2026-09-09 14:40:55.903  WARN [http-nio-8080-exec-7] [trace:58aee4e3] c.d.E.config.CacheConfig                 : [CACHE WARNING] Redis cache get failed for key 'list_0_null' in cache 'departments': Unable to connect to Redis. Falling back to database query.
2026-09-09 14:40:55.914  WARN [http-nio-8080-exec-7] [trace:58aee4e3] c.d.E.config.CacheConfig                 : [CACHE WARNING] Redis cache put failed for key 'list_0_null' in cache 'departments': Unable to connect to Redis. Continuing execution.
2026-09-09 14:40:55.922  INFO [http-nio-8080-exec-7] [trace:58aee4e3] c.d.E.security.RequestLoggingFilter      : [HTTP OUT] GET /departments -> 200 (36ms)
2026-09-09 14:41:03.188  INFO [http-nio-8080-exec-4] [trace:82bbf509] c.d.E.security.RequestLoggingFilter      : [HTTP IN]  GET /auth/me from IP 0:0:0:0:0:0:0:1
2026-09-09 14:41:03.188  INFO [http-nio-8080-exec-3] [trace:d24cb34d] c.d.E.security.RequestLoggingFilter      : [HTTP IN]  GET /announcements from IP 0:0:0:0:0:0:0:1
2026-09-09 14:41:03.209  INFO [http-nio-8080-exec-4] [trace:82bbf509] c.d.E.security.RequestLoggingFilter      : [HTTP OUT] GET /auth/me -> 200 (19ms)
2026-09-09 14:41:03.209  INFO [http-nio-8080-exec-4] [trace:59f6bdd6] c.d.E.security.RequestLoggingFilter      : [HTTP IN]  GET /auth/me from IP 0:0:0:0:0:0:0:1
2026-09-09 14:41:03.219  INFO [http-nio-8080-exec-4] [trace:59f6bdd6] c.d.E.security.RequestLoggingFilter      : [HTTP OUT] GET /auth/me -> 200 (10ms)
2026-09-09 14:41:03.224  INFO [http-nio-8080-exec-3] [trace:d24cb34d] c.d.E.security.RequestLoggingFilter      : [HTTP OUT] GET /announcements -> 200 (36ms)
2026-09-09 14:41:03.226  INFO [http-nio-8080-exec-6] [trace:938a7a99] c.d.E.security.RequestLoggingFilter      : [HTTP IN]  GET /announcements from IP 0:0:0:0:0:0:0:1
2026-09-09 14:41:03.237  INFO [http-nio-8080-exec-6] [trace:938a7a99] c.d.E.security.RequestLoggingFilter      : [HTTP OUT] GET /announcements -> 200 (11ms)
2026-09-09 14:41:03.237  INFO [http-nio-8080-exec-2] [trace:5e345e1d] c.d.E.security.RequestLoggingFilter      : [HTTP IN]  GET /announcements from IP 0:0:0:0:0:0:0:1
2026-09-09 14:41:03.258  INFO [http-nio-8080-exec-2] [trace:5e345e1d] c.d.E.security.RequestLoggingFilter      : [HTTP OUT] GET /announcements -> 200 (21ms)
2026-09-09 14:41:06.910  INFO [http-nio-8080-exec-9] [trace:604ec0f3] c.d.E.security.RequestLoggingFilter      : [HTTP IN]  GET /auth/pending-users from IP 0:0:0:0:0:0:0:1
2026-09-09 14:41:06.910  INFO [http-nio-8080-exec-5] [trace:d9f97fb7] c.d.E.security.RequestLoggingFilter      : [HTTP IN]  GET /health from IP 0:0:0:0:0:0:0:1
2026-09-09 14:41:06.910  INFO [http-nio-8080-exec-5] [trace:d9f97fb7] c.d.E.security.RequestLoggingFilter      : [HTTP OUT] GET /health -> 200 (0ms)
2026-09-09 14:41:07.010  INFO [http-nio-8080-exec-9] [trace:604ec0f3] c.d.E.security.RequestLoggingFilter      : [HTTP OUT] GET /auth/pending-users -> 200 (100ms)
2026-09-09 14:41:07.110  INFO [http-nio-8080-exec-1] [trace:56b3f256] c.d.E.security.RequestLoggingFilter      : [HTTP IN]  GET /auth/me from IP 0:0:0:0:0:0:0:1
2026-09-09 14:41:07.113  INFO [http-nio-8080-exec-10] [trace:9e7d3b08] c.d.E.security.RequestLoggingFilter      : [HTTP IN]  OPTIONS /holidays from IP 0:0:0:0:0:0:0:1
2026-09-09 14:41:07.113  INFO [http-nio-8080-exec-7] [trace:2b1b85c4] c.d.E.security.RequestLoggingFilter      : [HTTP IN]  OPTIONS /holidays from IP 0:0:0:0:0:0:0:1
2026-09-09 14:41:07.113  INFO [http-nio-8080-exec-7] [trace:2b1b85c4] c.d.E.security.RequestLoggingFilter      : [HTTP OUT] OPTIONS /holidays -> 200 (0ms)
2026-09-09 14:41:07.113  INFO [http-nio-8080-exec-10] [trace:9e7d3b08] c.d.E.security.RequestLoggingFilter      : [HTTP OUT] OPTIONS /holidays -> 200 (0ms)
2026-09-09 14:41:07.125  INFO [http-nio-8080-exec-8] [trace:5a435526] c.d.E.security.RequestLoggingFilter      : [HTTP IN]  GET /holidays from IP 0:0:0:0:0:0:0:1
2026-09-09 14:41:07.130  INFO [http-nio-8080-exec-1] [trace:56b3f256] c.d.E.security.RequestLoggingFilter      : [HTTP OUT] GET /auth/me -> 200 (20ms)
2026-09-09 14:41:07.132  INFO [http-nio-8080-exec-4] [trace:af780819] c.d.E.security.RequestLoggingFilter      : [HTTP IN]  GET /auth/me from IP 0:0:0:0:0:0:0:1
2026-09-09 14:41:07.142  INFO [http-nio-8080-exec-4] [trace:af780819] c.d.E.security.RequestLoggingFilter      : [HTTP OUT] GET /auth/me -> 200 (10ms)
2026-09-09 14:41:07.153  WARN [http-nio-8080-exec-8] [trace:5a435526] c.d.E.config.CacheConfig                 : [CACHE WARNING] Redis cache get failed for key 'all_all_0_null' in cache 'holidays': Unable to connect to Redis. Falling back to database query.
2026-09-09 14:41:07.192  WARN [http-nio-8080-exec-8] [trace:5a435526] c.d.E.config.CacheConfig                 : [CACHE WARNING] Redis cache put failed for key 'all_all_0_null' in cache 'holidays': Unable to connect to Redis. Continuing execution.
2026-09-09 14:41:07.198  INFO [http-nio-8080-exec-8] [trace:5a435526] c.d.E.security.RequestLoggingFilter      : [HTTP OUT] GET /holidays -> 200 (73ms)
2026-09-09 14:41:07.198  INFO [http-nio-8080-exec-3] [trace:a608b2a7] c.d.E.security.RequestLoggingFilter      : [HTTP IN]  GET /holidays from IP 0:0:0:0:0:0:0:1
2026-09-09 14:41:07.206  WARN [http-nio-8080-exec-3] [trace:a608b2a7] c.d.E.config.CacheConfig                 : [CACHE WARNING] Redis cache get failed for key 'all_all_0_null' in cache 'holidays': Unable to connect to Redis. Falling back to database query.
2026-09-09 14:41:07.216  WARN [http-nio-8080-exec-3] [trace:a608b2a7] c.d.E.config.CacheConfig                 : [CACHE WARNING] Redis cache put failed for key 'all_all_0_null' in cache 'holidays': Unable to connect to Redis. Continuing execution.
2026-09-09 14:41:07.218  INFO [http-nio-8080-exec-3] [trace:a608b2a7] c.d.E.security.RequestLoggingFilter      : [HTTP OUT] GET /holidays -> 200 (20ms)
2026-09-09 14:41:10.041  INFO [http-nio-8080-exec-6] [trace:26bbdd93] c.d.E.security.RequestLoggingFilter      : [HTTP IN]  GET /auth/me from IP 0:0:0:0:0:0:0:1
2026-09-09 14:41:10.043  INFO [http-nio-8080-exec-9] [trace:6f9e919d] c.d.E.security.RequestLoggingFilter      : [HTTP IN]  GET /designations from IP 0:0:0:0:0:0:0:1
2026-09-09 14:41:10.043  INFO [http-nio-8080-exec-2] [trace:72fa330d] c.d.E.security.RequestLoggingFilter      : [HTTP IN]  OPTIONS /auth/roles from IP 0:0:0:0:0:0:0:1
2026-09-09 14:41:10.043  INFO [http-nio-8080-exec-7] [trace:556d8ac5] c.d.E.security.RequestLoggingFilter      : [HTTP IN]  GET /employees/search?limit=100 from IP 0:0:0:0:0:0:0:1
2026-09-09 14:41:10.043  INFO [http-nio-8080-exec-10] [trace:e97b72d3] c.d.E.security.RequestLoggingFilter      : [HTTP IN]  OPTIONS /auth/roles from IP 0:0:0:0:0:0:0:1
2026-09-09 14:41:10.043  INFO [http-nio-8080-exec-2] [trace:72fa330d] c.d.E.security.RequestLoggingFilter      : [HTTP OUT] OPTIONS /auth/roles -> 200 (0ms)
2026-09-09 14:41:10.043  INFO [http-nio-8080-exec-5] [trace:7076bce8] c.d.E.security.RequestLoggingFilter      : [HTTP IN]  GET /departments from IP 0:0:0:0:0:0:0:1
2026-09-09 14:41:10.043  INFO [http-nio-8080-exec-10] [trace:e97b72d3] c.d.E.security.RequestLoggingFilter      : [HTTP OUT] OPTIONS /auth/roles -> 200 (0ms)
2026-09-09 14:41:10.052  INFO [http-nio-8080-exec-1] [trace:484146b9] c.d.E.security.RequestLoggingFilter      : [HTTP IN]  OPTIONS /auth/permissions from IP 0:0:0:0:0:0:0:1
2026-09-09 14:41:10.052  INFO [http-nio-8080-exec-1] [trace:484146b9] c.d.E.security.RequestLoggingFilter      : [HTTP OUT] OPTIONS /auth/permissions -> 200 (1ms)
2026-09-09 14:41:10.052  INFO [http-nio-8080-exec-4] [trace:2e7f4ef5] c.d.E.security.RequestLoggingFilter      : [HTTP IN]  GET /auth/users from IP 0:0:0:0:0:0:0:1
2026-09-09 14:41:10.056  INFO [http-nio-8080-exec-8] [trace:ff7ee480] c.d.E.security.RequestLoggingFilter      : [HTTP IN]  GET /auth/pending-users from IP 0:0:0:0:0:0:0:1
2026-09-09 14:41:10.057  INFO [http-nio-8080-exec-6] [trace:26bbdd93] c.d.E.security.RequestLoggingFilter      : [HTTP OUT] GET /auth/me -> 200 (16ms)
2026-09-09 14:41:10.058  WARN [http-nio-8080-exec-9] [trace:6f9e919d] c.d.E.config.CacheConfig                 : [CACHE WARNING] Redis cache get failed for key 'list_0_null' in cache 'designations': Unable to connect to Redis. Falling back to database query.
2026-09-09 14:41:10.058  INFO [http-nio-8080-exec-3] [trace:6fd2f3f7] c.d.E.security.RequestLoggingFilter      : [HTTP IN]  OPTIONS /auth/roles from IP 0:0:0:0:0:0:0:1
2026-09-09 14:41:10.059  INFO [http-nio-8080-exec-3] [trace:6fd2f3f7] c.d.E.security.RequestLoggingFilter      : [HTTP OUT] OPTIONS /auth/roles -> 200 (1ms)
2026-09-09 14:41:10.061  INFO [http-nio-8080-exec-7] [trace:556d8ac5] c.d.E.security.RequestLoggingFilter      : [HTTP OUT] GET /employees/search?limit=100 -> 200 (18ms)
2026-09-09 14:41:10.061  INFO [http-nio-8080-exec-10] [trace:e85f8a73] c.d.E.security.RequestLoggingFilter      : [HTTP IN]  GET /auth/roles from IP 0:0:0:0:0:0:0:1
2026-09-09 14:41:10.062  WARN [http-nio-8080-exec-5] [trace:7076bce8] c.d.E.config.CacheConfig                 : [CACHE WARNING] Redis cache get failed for key 'list_0_null' in cache 'departments': Unable to connect to Redis. Falling back to database query.
2026-09-09 14:41:10.063  INFO [http-nio-8080-exec-2] [trace:057b85d0] c.d.E.security.RequestLoggingFilter      : [HTTP IN]  GET /auth/permissions from IP 0:0:0:0:0:0:0:1
2026-09-09 14:41:10.068  WARN [http-nio-8080-exec-9] [trace:6f9e919d] c.d.E.config.CacheConfig                 : [CACHE WARNING] Redis cache put failed for key 'list_0_null' in cache 'designations': Unable to connect to Redis. Continuing execution.
2026-09-09 14:41:10.069  INFO [http-nio-8080-exec-9] [trace:6f9e919d] c.d.E.security.RequestLoggingFilter      : [HTTP OUT] GET /designations -> 200 (26ms)
2026-09-09 14:41:10.071  INFO [http-nio-8080-exec-1] [trace:63138a35] c.d.E.security.RequestLoggingFilter      : [HTTP IN]  GET /auth/me from IP 0:0:0:0:0:0:0:1
2026-09-09 14:41:10.073  WARN [http-nio-8080-exec-5] [trace:7076bce8] c.d.E.config.CacheConfig                 : [CACHE WARNING] Redis cache put failed for key 'list_0_null' in cache 'departments': Unable to connect to Redis. Continuing execution.
2026-09-09 14:41:10.074  INFO [http-nio-8080-exec-5] [trace:7076bce8] c.d.E.security.RequestLoggingFilter      : [HTTP OUT] GET /departments -> 200 (31ms)
2026-09-09 14:41:10.075  INFO [http-nio-8080-exec-6] [trace:cbca0653] c.d.E.security.RequestLoggingFilter      : [HTTP IN]  GET /employees/search?limit=100 from IP 0:0:0:0:0:0:0:1
2026-09-09 14:41:10.079  INFO [http-nio-8080-exec-1] [trace:63138a35] c.d.E.security.RequestLoggingFilter      : [HTTP OUT] GET /auth/me -> 200 (8ms)
2026-09-09 14:41:10.079  INFO [http-nio-8080-exec-3] [trace:4461b073] c.d.E.security.RequestLoggingFilter      : [HTTP IN]  GET /designations from IP 0:0:0:0:0:0:0:1
2026-09-09 14:41:10.083  INFO [http-nio-8080-exec-2] [trace:057b85d0] c.d.E.security.RequestLoggingFilter      : [HTTP OUT] GET /auth/permissions -> 200 (20ms)
2026-09-09 14:41:10.083  INFO [http-nio-8080-exec-7] [trace:1dc8e79e] c.d.E.security.RequestLoggingFilter      : [HTTP IN]  GET /departments from IP 0:0:0:0:0:0:0:1
2026-09-09 14:41:10.090  WARN [http-nio-8080-exec-3] [trace:4461b073] c.d.E.config.CacheConfig                 : [CACHE WARNING] Redis cache get failed for key 'list_0_null' in cache 'designations': Unable to connect to Redis. Falling back to database query.
2026-09-09 14:41:10.096  WARN [http-nio-8080-exec-7] [trace:1dc8e79e] c.d.E.config.CacheConfig                 : [CACHE WARNING] Redis cache get failed for key 'list_0_null' in cache 'departments': Unable to connect to Redis. Falling back to database query.
2026-09-09 14:41:10.100  WARN [http-nio-8080-exec-3] [trace:4461b073] c.d.E.config.CacheConfig                 : [CACHE WARNING] Redis cache put failed for key 'list_0_null' in cache 'designations': Unable to connect to Redis. Continuing execution.
2026-09-09 14:41:10.100  INFO [http-nio-8080-exec-10] [trace:e85f8a73] c.d.E.security.RequestLoggingFilter      : [HTTP OUT] GET /auth/roles -> 200 (39ms)
2026-09-09 14:41:10.102  INFO [http-nio-8080-exec-3] [trace:4461b073] c.d.E.security.RequestLoggingFilter      : [HTTP OUT] GET /designations -> 200 (23ms)
2026-09-09 14:41:10.102  INFO [http-nio-8080-exec-9] [trace:5cd38bec] c.d.E.security.RequestLoggingFilter      : [HTTP IN]  GET /auth/roles from IP 0:0:0:0:0:0:0:1
2026-09-09 14:41:10.106  WARN [http-nio-8080-exec-7] [trace:1dc8e79e] c.d.E.config.CacheConfig                 : [CACHE WARNING] Redis cache put failed for key 'list_0_null' in cache 'departments': Unable to connect to Redis. Continuing execution.
2026-09-09 14:41:10.108  INFO [http-nio-8080-exec-7] [trace:1dc8e79e] c.d.E.security.RequestLoggingFilter      : [HTTP OUT] GET /departments -> 200 (25ms)
2026-09-09 14:41:10.122  INFO [http-nio-8080-exec-9] [trace:5cd38bec] c.d.E.security.RequestLoggingFilter      : [HTTP OUT] GET /auth/roles -> 200 (20ms)
2026-09-09 14:41:10.123  INFO [http-nio-8080-exec-5] [trace:b8124428] c.d.E.security.RequestLoggingFilter      : [HTTP IN]  GET /auth/roles from IP 0:0:0:0:0:0:0:1
2026-09-09 14:41:10.129  INFO [http-nio-8080-exec-8] [trace:ff7ee480] c.d.E.security.RequestLoggingFilter      : [HTTP OUT] GET /auth/pending-users -> 200 (73ms)
2026-09-09 14:41:10.139  INFO [http-nio-8080-exec-5] [trace:b8124428] c.d.E.security.RequestLoggingFilter      : [HTTP OUT] GET /auth/roles -> 200 (16ms)
2026-09-09 14:41:10.164  INFO [http-nio-8080-exec-6] [trace:cbca0653] c.d.E.security.RequestLoggingFilter      : [HTTP OUT] GET /employees/search?limit=100 -> 200 (89ms)
2026-09-09 14:41:10.211  INFO [http-nio-8080-exec-4] [trace:2e7f4ef5] c.d.E.security.RequestLoggingFilter      : [HTTP OUT] GET /auth/users -> 200 (159ms)
2026-09-09 14:41:13.186  INFO [http-nio-8080-exec-1] [trace:48524177] c.d.E.security.RequestLoggingFilter      : [HTTP IN]  GET /auth/me from IP 0:0:0:0:0:0:0:1
2026-09-09 14:41:13.198  INFO [http-nio-8080-exec-2] [trace:f9595910] c.d.E.security.RequestLoggingFilter      : [HTTP IN]  OPTIONS /audit-logs from IP 0:0:0:0:0:0:0:1
2026-09-09 14:41:13.200  INFO [http-nio-8080-exec-1] [trace:48524177] c.d.E.security.RequestLoggingFilter      : [HTTP OUT] GET /auth/me -> 200 (14ms)
2026-09-09 14:41:13.200  INFO [http-nio-8080-exec-2] [trace:f9595910] c.d.E.security.RequestLoggingFilter      : [HTTP OUT] OPTIONS /audit-logs -> 200 (2ms)
2026-09-09 14:41:13.200  INFO [http-nio-8080-exec-10] [trace:e9136456] c.d.E.security.RequestLoggingFilter      : [HTTP IN]  GET /auth/me from IP 0:0:0:0:0:0:0:1
2026-09-09 14:41:13.210  INFO [http-nio-8080-exec-10] [trace:e9136456] c.d.E.security.RequestLoggingFilter      : [HTTP OUT] GET /auth/me -> 200 (10ms)
2026-09-09 14:41:13.529  INFO [http-nio-8080-exec-3] [trace:ce7e8022] c.d.E.security.RequestLoggingFilter      : [HTTP IN]  GET /audit-logs from IP 0:0:0:0:0:0:0:1
2026-09-09 14:41:13.665  INFO [http-nio-8080-exec-3] [trace:ce7e8022] c.d.E.security.RequestLoggingFilter      : [HTTP OUT] GET /audit-logs -> 200 (137ms)
2026-09-09 14:41:21.915  INFO [http-nio-8080-exec-7] [trace:8f78a299] c.d.E.security.RequestLoggingFilter      : [HTTP IN]  GET /health from IP 0:0:0:0:0:0:0:1
2026-09-09 14:41:21.918  INFO [http-nio-8080-exec-7] [trace:8f78a299] c.d.E.security.RequestLoggingFilter      : [HTTP OUT] GET /health -> 200 (3ms)
2026-09-09 14:41:36.907  INFO [http-nio-8080-exec-9] [trace:fd0fcd59] c.d.E.security.RequestLoggingFilter      : [HTTP IN]  GET /auth/pending-users from IP 0:0:0:0:0:0:0:1
2026-09-09 14:41:36.913  INFO [http-nio-8080-exec-8] [trace:7eaff5a9] c.d.E.security.RequestLoggingFilter      : [HTTP IN]  GET /health from IP 0:0:0:0:0:0:0:1
2026-09-09 14:41:36.917  INFO [http-nio-8080-exec-8] [trace:7eaff5a9] c.d.E.security.RequestLoggingFilter      : [HTTP OUT] GET /health -> 200 (4ms)
2026-09-09 14:41:36.994  INFO [http-nio-8080-exec-9] [trace:fd0fcd59] c.d.E.security.RequestLoggingFilter      : [HTTP OUT] GET /auth/pending-users -> 200 (87ms)
2026-09-09 14:41:37.006  INFO [http-nio-8080-exec-5] [trace:3090f0a8] c.d.E.security.RequestLoggingFilter      : [HTTP IN]  GET /auth/me from IP 0:0:0:0:0:0:0:1
2026-09-09 14:41:37.010  INFO [http-nio-8080-exec-6] [trace:470d5637] c.d.E.security.RequestLoggingFilter      : [HTTP IN]  GET /departments from IP 0:0:0:0:0:0:0:1
2026-09-09 14:41:37.010  INFO [http-nio-8080-exec-4] [trace:ecf4816b] c.d.E.security.RequestLoggingFilter      : [HTTP IN]  GET /designations from IP 0:0:0:0:0:0:0:1
2026-09-09 14:41:37.010  INFO [http-nio-8080-exec-1] [trace:d0e9fcd7] c.d.E.security.RequestLoggingFilter      : [HTTP IN]  GET /employees/search?limit=100 from IP 0:0:0:0:0:0:0:1
2026-09-09 14:41:37.010  INFO [http-nio-8080-exec-2] [trace:ba0be6cf] c.d.E.security.RequestLoggingFilter      : [HTTP IN]  GET /auth/roles from IP 0:0:0:0:0:0:0:1
2026-09-09 14:41:37.010  INFO [http-nio-8080-exec-10] [trace:a2c0fb0b] c.d.E.security.RequestLoggingFilter      : [HTTP IN]  GET /auth/permissions from IP 0:0:0:0:0:0:0:1
2026-09-09 14:41:37.023  INFO [http-nio-8080-exec-10] [trace:a2c0fb0b] c.d.E.security.RequestLoggingFilter      : [HTTP OUT] GET /auth/permissions -> 200 (13ms)
2026-09-09 14:41:37.023  INFO [http-nio-8080-exec-5] [trace:3090f0a8] c.d.E.security.RequestLoggingFilter      : [HTTP OUT] GET /auth/me -> 200 (17ms)
2026-09-09 14:41:37.025  INFO [http-nio-8080-exec-3] [trace:85a0c045] c.d.E.security.RequestLoggingFilter      : [HTTP IN]  GET /auth/users from IP 0:0:0:0:0:0:0:1
2026-09-09 14:41:37.028  INFO [http-nio-8080-exec-7] [trace:1f2b9203] c.d.E.security.RequestLoggingFilter      : [HTTP IN]  GET /auth/pending-users from IP 0:0:0:0:0:0:0:1
2026-09-09 14:41:37.031  INFO [http-nio-8080-exec-1] [trace:d0e9fcd7] c.d.E.security.RequestLoggingFilter      : [HTTP OUT] GET /employees/search?limit=100 -> 200 (21ms)
2026-09-09 14:41:37.031  WARN [http-nio-8080-exec-4] [trace:ecf4816b] c.d.E.config.CacheConfig                 : [CACHE WARNING] Redis cache get failed for key 'list_0_null' in cache 'designations': Unable to connect to Redis. Falling back to database query.
2026-09-09 14:41:37.034  INFO [http-nio-8080-exec-8] [trace:ae240379] c.d.E.security.RequestLoggingFilter      : [HTTP IN]  GET /auth/me from IP 0:0:0:0:0:0:0:1
2026-09-09 14:41:37.040  WARN [http-nio-8080-exec-6] [trace:470d5637] c.d.E.config.CacheConfig                 : [CACHE WARNING] Redis cache get failed for key 'list_0_null' in cache 'departments': Unable to connect to Redis. Falling back to database query.
2026-09-09 14:41:37.045  INFO [http-nio-8080-exec-2] [trace:ba0be6cf] c.d.E.security.RequestLoggingFilter      : [HTTP OUT] GET /auth/roles -> 200 (35ms)
2026-09-09 14:41:37.050  WARN [http-nio-8080-exec-4] [trace:ecf4816b] c.d.E.config.CacheConfig                 : [CACHE WARNING] Redis cache put failed for key 'list_0_null' in cache 'designations': Unable to connect to Redis. Continuing execution.
2026-09-09 14:41:37.051  INFO [http-nio-8080-exec-9] [trace:74d3afa8] c.d.E.security.RequestLoggingFilter      : [HTTP IN]  GET /employees/search?limit=100 from IP 0:0:0:0:0:0:0:1
2026-09-09 14:41:37.053  INFO [http-nio-8080-exec-8] [trace:ae240379] c.d.E.security.RequestLoggingFilter      : [HTTP OUT] GET /auth/me -> 200 (19ms)
2026-09-09 14:41:37.053  INFO [http-nio-8080-exec-4] [trace:ecf4816b] c.d.E.security.RequestLoggingFilter      : [HTTP OUT] GET /designations -> 200 (43ms)
2026-09-09 14:41:37.055  INFO [http-nio-8080-exec-5] [trace:27a60445] c.d.E.security.RequestLoggingFilter      : [HTTP IN]  GET /auth/roles from IP 0:0:0:0:0:0:0:1
2026-09-09 14:41:37.058  INFO [http-nio-8080-exec-10] [trace:a77891d5] c.d.E.security.RequestLoggingFilter      : [HTTP IN]  GET /designations from IP 0:0:0:0:0:0:0:1
2026-09-09 14:41:37.096  WARN [http-nio-8080-exec-6] [trace:470d5637] c.d.E.config.CacheConfig                 : [CACHE WARNING] Redis cache put failed for key 'list_0_null' in cache 'departments': Unable to connect to Redis. Continuing execution.
2026-09-09 14:41:37.098  INFO [http-nio-8080-exec-9] [trace:74d3afa8] c.d.E.security.RequestLoggingFilter      : [HTTP OUT] GET /employees/search?limit=100 -> 200 (47ms)
2026-09-09 14:41:37.098  INFO [http-nio-8080-exec-6] [trace:470d5637] c.d.E.security.RequestLoggingFilter      : [HTTP OUT] GET /departments -> 200 (88ms)
2026-09-09 14:41:37.098  INFO [http-nio-8080-exec-1] [trace:3e75555e] c.d.E.security.RequestLoggingFilter      : [HTTP IN]  GET /departments from IP 0:0:0:0:0:0:0:1
2026-09-09 14:41:37.105  WARN [http-nio-8080-exec-10] [trace:a77891d5] c.d.E.config.CacheConfig                 : [CACHE WARNING] Redis cache get failed for key 'list_0_null' in cache 'designations': Unable to connect to Redis. Falling back to database query.
2026-09-09 14:41:37.115  INFO [http-nio-8080-exec-5] [trace:27a60445] c.d.E.security.RequestLoggingFilter      : [HTTP OUT] GET /auth/roles -> 200 (60ms)
2026-09-09 14:41:37.115  INFO [http-nio-8080-exec-5] [trace:3676b76a] c.d.E.security.RequestLoggingFilter      : [HTTP IN]  GET /auth/roles from IP 0:0:0:0:0:0:0:1
2026-09-09 14:41:37.141  INFO [http-nio-8080-exec-5] [trace:3676b76a] c.d.E.security.RequestLoggingFilter      : [HTTP OUT] GET /auth/roles -> 200 (26ms)
2026-09-09 14:41:37.184  WARN [http-nio-8080-exec-1] [trace:3e75555e] c.d.E.config.CacheConfig                 : [CACHE WARNING] Redis cache get failed for key 'list_0_null' in cache 'departments': Unable to connect to Redis. Falling back to database query.
2026-09-09 14:41:37.187  INFO [http-nio-8080-exec-7] [trace:1f2b9203] c.d.E.security.RequestLoggingFilter      : [HTTP OUT] GET /auth/pending-users -> 200 (159ms)
2026-09-09 14:41:37.187  WARN [http-nio-8080-exec-10] [trace:a77891d5] c.d.E.config.CacheConfig                 : [CACHE WARNING] Redis cache put failed for key 'list_0_null' in cache 'designations': Unable to connect to Redis. Continuing execution.
2026-09-09 14:41:37.189  INFO [http-nio-8080-exec-10] [trace:a77891d5] c.d.E.security.RequestLoggingFilter      : [HTTP OUT] GET /designations -> 200 (131ms)
2026-09-09 14:41:37.189  WARN [http-nio-8080-exec-1] [trace:3e75555e] c.d.E.config.CacheConfig                 : [CACHE WARNING] Redis cache put failed for key 'list_0_null' in cache 'departments': Unable to connect to Redis. Continuing execution.
2026-09-09 14:41:37.197  INFO [http-nio-8080-exec-1] [trace:3e75555e] c.d.E.security.RequestLoggingFilter      : [HTTP OUT] GET /departments -> 200 (99ms)
2026-09-09 14:41:37.268  INFO [http-nio-8080-exec-3] [trace:85a0c045] c.d.E.security.RequestLoggingFilter      : [HTTP OUT] GET /auth/users -> 200 (243ms)
2026-09-09 14:41:52.241  INFO [http-nio-8080-exec-4] [trace:4f65899d] c.d.E.security.RequestLoggingFilter      : [HTTP IN]  GET /health from IP 0:0:0:0:0:0:0:1
2026-09-09 14:41:52.280  INFO [http-nio-8080-exec-4] [trace:4f65899d] c.d.E.security.RequestLoggingFilter      : [HTTP OUT] GET /health -> 200 (39ms)
2026-09-09 14:42:06.917  INFO [http-nio-8080-exec-8] [trace:b4044dcb] c.d.E.security.RequestLoggingFilter      : [HTTP IN]  GET /auth/pending-users from IP 0:0:0:0:0:0:0:1
2026-09-09 14:42:06.917  INFO [http-nio-8080-exec-9] [trace:8dd46f2d] c.d.E.security.RequestLoggingFilter      : [HTTP IN]  GET /health from IP 0:0:0:0:0:0:0:1
2026-09-09 14:42:06.917  INFO [http-nio-8080-exec-9] [trace:8dd46f2d] c.d.E.security.RequestLoggingFilter      : [HTTP OUT] GET /health -> 200 (0ms)
2026-09-09 14:42:06.961  INFO [http-nio-8080-exec-8] [trace:b4044dcb] c.d.E.security.RequestLoggingFilter      : [HTTP OUT] GET /auth/pending-users -> 200 (44ms)
2026-09-09 14:42:21.914  INFO [http-nio-8080-exec-6] [trace:83057834] c.d.E.security.RequestLoggingFilter      : [HTTP IN]  GET /health from IP 0:0:0:0:0:0:0:1
2026-09-09 14:42:21.914  INFO [http-nio-8080-exec-6] [trace:83057834] c.d.E.security.RequestLoggingFilter      : [HTTP OUT] GET /health -> 200 (0ms)
2026-09-09 14:42:30.005  INFO [http-nio-8080-exec-2] [trace:1318246a] c.d.E.security.RequestLoggingFilter      : [HTTP IN]  GET /auth/me from IP 0:0:0:0:0:0:0:1
2026-09-09 14:42:30.017  INFO [http-nio-8080-exec-5] [trace:4407f579] c.d.E.security.RequestLoggingFilter      : [HTTP IN]  GET /auth/pending-users from IP 0:0:0:0:0:0:0:1
2026-09-09 14:42:30.017  INFO [http-nio-8080-exec-7] [trace:7690b26e] c.d.E.security.RequestLoggingFilter      : [HTTP IN]  GET /auth/users from IP 0:0:0:0:0:0:0:1
2026-09-09 14:42:30.017  INFO [http-nio-8080-exec-10] [trace:771da53c] c.d.E.security.RequestLoggingFilter      : [HTTP IN]  GET /documents/pending from IP 0:0:0:0:0:0:0:1
2026-09-09 14:42:30.027  INFO [http-nio-8080-exec-2] [trace:1318246a] c.d.E.security.RequestLoggingFilter      : [HTTP OUT] GET /auth/me -> 200 (22ms)
2026-09-09 14:42:30.027  INFO [http-nio-8080-exec-1] [trace:6cf3df4d] c.d.E.security.RequestLoggingFilter      : [HTTP IN]  GET /auth/me from IP 0:0:0:0:0:0:0:1
2026-09-09 14:42:30.044  INFO [http-nio-8080-exec-10] [trace:771da53c] c.d.E.security.RequestLoggingFilter      : [HTTP OUT] GET /documents/pending -> 200 (27ms)
2026-09-09 14:42:30.044  INFO [http-nio-8080-exec-3] [trace:8cb8db82] c.d.E.security.RequestLoggingFilter      : [HTTP IN]  GET /documents/pending from IP 0:0:0:0:0:0:0:1
2026-09-09 14:42:30.061  INFO [http-nio-8080-exec-1] [trace:6cf3df4d] c.d.E.security.RequestLoggingFilter      : [HTTP OUT] GET /auth/me -> 200 (34ms)
2026-09-09 14:42:30.061  INFO [http-nio-8080-exec-3] [trace:8cb8db82] c.d.E.security.RequestLoggingFilter      : [HTTP OUT] GET /documents/pending -> 200 (17ms)
2026-09-09 14:42:30.061  INFO [http-nio-8080-exec-4] [trace:1ce36167] c.d.E.security.RequestLoggingFilter      : [HTTP IN]  GET /documents/pending from IP 0:0:0:0:0:0:0:1
2026-09-09 14:42:30.067  INFO [http-nio-8080-exec-4] [trace:1ce36167] c.d.E.security.RequestLoggingFilter      : [HTTP OUT] GET /documents/pending -> 200 (6ms)
2026-09-09 14:42:30.078  INFO [http-nio-8080-exec-5] [trace:4407f579] c.d.E.security.RequestLoggingFilter      : [HTTP OUT] GET /auth/pending-users -> 200 (61ms)
2026-09-09 14:42:30.078  INFO [http-nio-8080-exec-9] [trace:7a8bee8a] c.d.E.security.RequestLoggingFilter      : [HTTP IN]  GET /auth/pending-users from IP 0:0:0:0:0:0:0:1
2026-09-09 14:42:30.142  INFO [http-nio-8080-exec-9] [trace:7a8bee8a] c.d.E.security.RequestLoggingFilter      : [HTTP OUT] GET /auth/pending-users -> 200 (64ms)
2026-09-09 14:42:30.142  INFO [http-nio-8080-exec-8] [trace:96ca585a] c.d.E.security.RequestLoggingFilter      : [HTTP IN]  GET /auth/pending-users from IP 0:0:0:0:0:0:0:1
2026-09-09 14:42:30.174  INFO [http-nio-8080-exec-7] [trace:7690b26e] c.d.E.security.RequestLoggingFilter      : [HTTP OUT] GET /auth/users -> 200 (157ms)
2026-09-09 14:42:30.174  INFO [http-nio-8080-exec-6] [trace:08716414] c.d.E.security.RequestLoggingFilter      : [HTTP IN]  GET /auth/users from IP 0:0:0:0:0:0:0:1
2026-09-09 14:42:30.201  INFO [http-nio-8080-exec-8] [trace:96ca585a] c.d.E.security.RequestLoggingFilter      : [HTTP OUT] GET /auth/pending-users -> 200 (59ms)
2026-09-09 14:42:30.326  INFO [http-nio-8080-exec-6] [trace:08716414] c.d.E.security.RequestLoggingFilter      : [HTTP OUT] GET /auth/users -> 200 (152ms)
2026-09-09 14:42:30.326  INFO [http-nio-8080-exec-2] [trace:43495316] c.d.E.security.RequestLoggingFilter      : [HTTP IN]  GET /auth/users from IP 0:0:0:0:0:0:0:1
2026-09-09 14:42:30.622  INFO [http-nio-8080-exec-2] [trace:43495316] c.d.E.security.RequestLoggingFilter      : [HTTP OUT] GET /auth/users -> 200 (296ms)
2026-09-09 14:42:36.907  INFO [http-nio-8080-exec-10] [trace:3db2bd90] c.d.E.security.RequestLoggingFilter      : [HTTP IN]  GET /auth/pending-users from IP 0:0:0:0:0:0:0:1
2026-09-09 14:42:36.907  INFO [http-nio-8080-exec-3] [trace:06dd9b99] c.d.E.security.RequestLoggingFilter      : [HTTP IN]  GET /health from IP 0:0:0:0:0:0:0:1
2026-09-09 14:42:36.907  INFO [http-nio-8080-exec-3] [trace:06dd9b99] c.d.E.security.RequestLoggingFilter      : [HTTP OUT] GET /health -> 200 (0ms)
2026-09-09 14:42:36.954  INFO [http-nio-8080-exec-10] [trace:3db2bd90] c.d.E.security.RequestLoggingFilter      : [HTTP OUT] GET /auth/pending-users -> 200 (47ms)
2026-09-09 14:42:46.301  INFO [http-nio-8080-exec-4] [trace:6591df5b] c.d.E.security.RequestLoggingFilter      : [HTTP IN]  OPTIONS /auth/users/daece595-939f-4c25-b28b-0e01afce6a2a/roles from IP 0:0:0:0:0:0:0:1
2026-09-09 14:42:46.306  INFO [http-nio-8080-exec-4] [trace:6591df5b] c.d.E.security.RequestLoggingFilter      : [HTTP OUT] OPTIONS /auth/users/daece595-939f-4c25-b28b-0e01afce6a2a/roles -> 200 (5ms)
2026-09-09 14:42:46.313  INFO [http-nio-8080-exec-5] [trace:6f7d1aeb] c.d.E.security.RequestLoggingFilter      : [HTTP IN]  POST /auth/users/daece595-939f-4c25-b28b-0e01afce6a2a/roles from IP 0:0:0:0:0:0:0:1
2026-09-09 14:42:46.657  INFO [http-nio-8080-exec-5] [trace:6f7d1aeb] c.d.E.service.AuthService                : [AUTH] Assigned roles [Employee] to user: userId=35, publicId=daece595-939f-4c25-b28b-0e01afce6a2a
2026-09-09 14:42:46.729  INFO [http-nio-8080-exec-5] [trace:6f7d1aeb] c.d.E.security.RequestLoggingFilter      : [HTTP OUT] POST /auth/users/daece595-939f-4c25-b28b-0e01afce6a2a/roles -> 200 (416ms)
2026-09-09 14:42:46.729  INFO [http-nio-8080-exec-9] [trace:72142eed] c.d.E.security.RequestLoggingFilter      : [HTTP IN]  GET /auth/pending-users from IP 0:0:0:0:0:0:0:1
2026-09-09 14:42:46.769  INFO [http-nio-8080-exec-9] [trace:72142eed] c.d.E.security.RequestLoggingFilter      : [HTTP OUT] GET /auth/pending-users -> 200 (40ms)
2026-09-09 14:42:51.919  INFO [http-nio-8080-exec-7] [trace:d36ee133] c.d.E.security.RequestLoggingFilter      : [HTTP IN]  GET /health from IP 0:0:0:0:0:0:0:1
2026-09-09 14:42:51.919  INFO [http-nio-8080-exec-7] [trace:d36ee133] c.d.E.security.RequestLoggingFilter      : [HTTP OUT] GET /health -> 200 (0ms)
2026-09-09 14:42:55.844  INFO [http-nio-8080-exec-8] [trace:5bb402d5] c.d.E.security.RequestLoggingFilter      : [HTTP IN]  GET /auth/pending-users from IP 0:0:0:0:0:0:0:1
2026-09-09 14:42:55.844  INFO [http-nio-8080-exec-6] [trace:370a115d] c.d.E.security.RequestLoggingFilter      : [HTTP IN]  GET /auth/users from IP 0:0:0:0:0:0:0:1
2026-09-09 14:42:55.846  INFO [http-nio-8080-exec-2] [trace:56f4d822] c.d.E.security.RequestLoggingFilter      : [HTTP IN]  GET /documents/pending from IP 0:0:0:0:0:0:0:1
2026-09-09 14:42:55.851  INFO [http-nio-8080-exec-2] [trace:56f4d822] c.d.E.security.RequestLoggingFilter      : [HTTP OUT] GET /documents/pending -> 200 (5ms)
2026-09-09 14:42:55.902  INFO [http-nio-8080-exec-8] [trace:5bb402d5] c.d.E.security.RequestLoggingFilter      : [HTTP OUT] GET /auth/pending-users -> 200 (58ms)
2026-09-09 14:42:56.041  INFO [http-nio-8080-exec-6] [trace:370a115d] c.d.E.security.RequestLoggingFilter      : [HTTP OUT] GET /auth/users -> 200 (197ms)
2026-09-09 14:42:59.005  INFO [http-nio-8080-exec-3] [trace:1ca96ef1] c.d.E.security.RequestLoggingFilter      : [HTTP IN]  GET /auth/me from IP 0:0:0:0:0:0:0:1
2026-09-09 14:42:59.009  INFO [http-nio-8080-exec-10] [trace:a580d306] c.d.E.security.RequestLoggingFilter      : [HTTP IN]  GET /employees/search?limit=100 from IP 0:0:0:0:0:0:0:1
2026-09-09 14:42:59.014  INFO [http-nio-8080-exec-1] [trace:e0d550a5] c.d.E.security.RequestLoggingFilter      : [HTTP IN]  GET /departments from IP 0:0:0:0:0:0:0:1
2026-09-09 14:42:59.016  INFO [http-nio-8080-exec-5] [trace:5e2baa03] c.d.E.security.RequestLoggingFilter      : [HTTP IN]  GET /leaves/requests?limit=100 from IP 0:0:0:0:0:0:0:1
2026-09-09 14:42:59.016  INFO [http-nio-8080-exec-4] [trace:b4dd96cc] c.d.E.security.RequestLoggingFilter      : [HTTP IN]  GET /attendance/records?limit=100 from IP 0:0:0:0:0:0:0:1
2026-09-09 14:42:59.016  INFO [http-nio-8080-exec-9] [trace:aceacbcb] c.d.E.security.RequestLoggingFilter      : [HTTP IN]  GET /leaves/balances/me from IP 0:0:0:0:0:0:0:1
2026-09-09 14:42:59.026  INFO [http-nio-8080-exec-10] [trace:a580d306] c.d.E.security.RequestLoggingFilter      : [HTTP OUT] GET /employees/search?limit=100 -> 200 (17ms)
2026-09-09 14:42:59.031  INFO [http-nio-8080-exec-3] [trace:1ca96ef1] c.d.E.security.RequestLoggingFilter      : [HTTP OUT] GET /auth/me -> 200 (26ms)
2026-09-09 14:42:59.031  INFO [http-nio-8080-exec-7] [trace:cdadaecd] c.d.E.security.RequestLoggingFilter      : [HTTP IN]  GET /projects from IP 0:0:0:0:0:0:0:1
2026-09-09 14:42:59.036  INFO [http-nio-8080-exec-2] [trace:b8d976f4] c.d.E.security.RequestLoggingFilter      : [HTTP IN]  GET /reviews? from IP 0:0:0:0:0:0:0:1
2026-09-09 14:42:59.061  INFO [http-nio-8080-exec-9] [trace:aceacbcb] c.d.E.security.RequestLoggingFilter      : [HTTP OUT] GET /leaves/balances/me -> 200 (45ms)
2026-09-09 14:42:59.065  INFO [http-nio-8080-exec-2] [trace:b8d976f4] c.d.E.security.RequestLoggingFilter      : [HTTP OUT] GET /reviews? -> 200 (29ms)
2026-09-09 14:42:59.066  INFO [http-nio-8080-exec-7] [trace:cdadaecd] c.d.E.security.RequestLoggingFilter      : [HTTP OUT] GET /projects -> 200 (35ms)
2026-09-09 14:42:59.068  WARN [http-nio-8080-exec-1] [trace:e0d550a5] c.d.E.config.CacheConfig                 : [CACHE WARNING] Redis cache get failed for key 'list_0_null' in cache 'departments': Unable to connect to Redis. Falling back to database query.
2026-09-09 14:42:59.070  INFO [http-nio-8080-exec-8] [trace:0c7fc395] c.d.E.security.RequestLoggingFilter      : [HTTP IN]  GET /announcements from IP 0:0:0:0:0:0:0:1
2026-09-09 14:42:59.070  INFO [http-nio-8080-exec-6] [trace:ba6a89e4] c.d.E.security.RequestLoggingFilter      : [HTTP IN]  GET /auth/pending-users from IP 0:0:0:0:0:0:0:1
2026-09-09 14:42:59.076  INFO [http-nio-8080-exec-10] [trace:911f546b] c.d.E.security.RequestLoggingFilter      : [HTTP IN]  GET /payroll/runs?limit=100 from IP 0:0:0:0:0:0:0:1
2026-09-09 14:42:59.092  INFO [http-nio-8080-exec-4] [trace:b4dd96cc] c.d.E.security.RequestLoggingFilter      : [HTTP OUT] GET /attendance/records?limit=100 -> 200 (76ms)
2026-09-09 14:42:59.094  INFO [http-nio-8080-exec-8] [trace:0c7fc395] c.d.E.security.RequestLoggingFilter      : [HTTP OUT] GET /announcements -> 200 (24ms)
2026-09-09 14:42:59.095  INFO [http-nio-8080-exec-3] [trace:7af1b749] c.d.E.security.RequestLoggingFilter      : [HTTP IN]  GET /employees/search?limit=100 from IP 0:0:0:0:0:0:0:1
2026-09-09 14:42:59.099  INFO [http-nio-8080-exec-9] [trace:24d73bb3] c.d.E.security.RequestLoggingFilter      : [HTTP IN]  GET /auth/me from IP 0:0:0:0:0:0:0:1
2026-09-09 14:42:59.102  WARN [http-nio-8080-exec-1] [trace:e0d550a5] c.d.E.config.CacheConfig                 : [CACHE WARNING] Redis cache put failed for key 'list_0_null' in cache 'departments': Unable to connect to Redis. Continuing execution.
2026-09-09 14:42:59.105  INFO [http-nio-8080-exec-1] [trace:e0d550a5] c.d.E.security.RequestLoggingFilter      : [HTTP OUT] GET /departments -> 200 (91ms)
2026-09-09 14:42:59.110  INFO [http-nio-8080-exec-2] [trace:c734f289] c.d.E.security.RequestLoggingFilter      : [HTTP IN]  GET /leaves/balances/me from IP 0:0:0:0:0:0:0:1
2026-09-09 14:42:59.114  INFO [http-nio-8080-exec-9] [trace:24d73bb3] c.d.E.security.RequestLoggingFilter      : [HTTP OUT] GET /auth/me -> 200 (15ms)
2026-09-09 14:42:59.119  INFO [http-nio-8080-exec-7] [trace:ec83b1f1] c.d.E.security.RequestLoggingFilter      : [HTTP IN]  GET /reviews? from IP 0:0:0:0:0:0:0:1
2026-09-09 14:42:59.125  INFO [http-nio-8080-exec-3] [trace:7af1b749] c.d.E.security.RequestLoggingFilter      : [HTTP OUT] GET /employees/search?limit=100 -> 200 (30ms)
2026-09-09 14:42:59.128  INFO [http-nio-8080-exec-4] [trace:db969872] c.d.E.security.RequestLoggingFilter      : [HTTP IN]  GET /projects from IP 0:0:0:0:0:0:0:1
2026-09-09 14:42:59.147  INFO [http-nio-8080-exec-2] [trace:c734f289] c.d.E.security.RequestLoggingFilter      : [HTTP OUT] GET /leaves/balances/me -> 200 (37ms)
2026-09-09 14:42:59.152  INFO [http-nio-8080-exec-8] [trace:0cf88199] c.d.E.security.RequestLoggingFilter      : [HTTP IN]  GET /attendance/records?limit=100 from IP 0:0:0:0:0:0:0:1
2026-09-09 14:42:59.171  INFO [http-nio-8080-exec-5] [trace:5e2baa03] c.d.E.security.RequestLoggingFilter      : [HTTP OUT] GET /leaves/requests?limit=100 -> 200 (155ms)
2026-09-09 14:42:59.183  INFO [http-nio-8080-exec-1] [trace:3c4166ea] c.d.E.security.RequestLoggingFilter      : [HTTP IN]  GET /announcements from IP 0:0:0:0:0:0:0:1
2026-09-09 14:42:59.192  INFO [http-nio-8080-exec-10] [trace:911f546b] c.d.E.security.RequestLoggingFilter      : [HTTP OUT] GET /payroll/runs?limit=100 -> 200 (116ms)
2026-09-09 14:42:59.192  INFO [http-nio-8080-exec-7] [trace:ec83b1f1] c.d.E.security.RequestLoggingFilter      : [HTTP OUT] GET /reviews? -> 200 (73ms)
2026-09-09 14:42:59.202  INFO [http-nio-8080-exec-9] [trace:38a304c2] c.d.E.security.RequestLoggingFilter      : [HTTP IN]  GET /departments from IP 0:0:0:0:0:0:0:1
2026-09-09 14:42:59.202  INFO [http-nio-8080-exec-3] [trace:74a1bd01] c.d.E.security.RequestLoggingFilter      : [HTTP IN]  GET /employees/search?limit=100 from IP 0:0:0:0:0:0:0:1
2026-09-09 14:42:59.211  INFO [http-nio-8080-exec-1] [trace:3c4166ea] c.d.E.security.RequestLoggingFilter      : [HTTP OUT] GET /announcements -> 200 (28ms)
2026-09-09 14:42:59.217  INFO [http-nio-8080-exec-2] [trace:9913e262] c.d.E.security.RequestLoggingFilter      : [HTTP IN]  GET /leaves/balances/me from IP 0:0:0:0:0:0:0:1
2026-09-09 14:42:59.231  INFO [http-nio-8080-exec-6] [trace:ba6a89e4] c.d.E.security.RequestLoggingFilter      : [HTTP OUT] GET /auth/pending-users -> 200 (161ms)
2026-09-09 14:42:59.232  INFO [http-nio-8080-exec-8] [trace:0cf88199] c.d.E.security.RequestLoggingFilter      : [HTTP OUT] GET /attendance/records?limit=100 -> 200 (80ms)
2026-09-09 14:42:59.233  INFO [http-nio-8080-exec-4] [trace:db969872] c.d.E.security.RequestLoggingFilter      : [HTTP OUT] GET /projects -> 200 (105ms)
2026-09-09 14:42:59.234  INFO [http-nio-8080-exec-5] [trace:c3ad6b97] c.d.E.security.RequestLoggingFilter      : [HTTP IN]  GET /leaves/requests?limit=100 from IP 0:0:0:0:0:0:0:1
2026-09-09 14:42:59.234  INFO [http-nio-8080-exec-10] [trace:22111792] c.d.E.security.RequestLoggingFilter      : [HTTP IN]  GET /payroll/runs?limit=100 from IP 0:0:0:0:0:0:0:1
2026-09-09 14:42:59.238  INFO [http-nio-8080-exec-7] [trace:5874646c] c.d.E.security.RequestLoggingFilter      : [HTTP IN]  GET /reviews? from IP 0:0:0:0:0:0:0:1
2026-09-09 14:42:59.297  INFO [http-nio-8080-exec-5] [trace:c3ad6b97] c.d.E.security.RequestLoggingFilter      : [HTTP OUT] GET /leaves/requests?limit=100 -> 200 (63ms)
2026-09-09 14:42:59.297  INFO [http-nio-8080-exec-3] [trace:74a1bd01] c.d.E.security.RequestLoggingFilter      : [HTTP OUT] GET /employees/search?limit=100 -> 200 (95ms)
2026-09-09 14:42:59.299  INFO [http-nio-8080-exec-1] [trace:011c8227] c.d.E.security.RequestLoggingFilter      : [HTTP IN]  GET /announcements from IP 0:0:0:0:0:0:0:1
2026-09-09 14:42:59.299  INFO [http-nio-8080-exec-6] [trace:27534f73] c.d.E.security.RequestLoggingFilter      : [HTTP IN]  GET /attendance/records?limit=100 from IP 0:0:0:0:0:0:0:1
2026-09-09 14:42:59.310  INFO [http-nio-8080-exec-2] [trace:9913e262] c.d.E.security.RequestLoggingFilter      : [HTTP OUT] GET /leaves/balances/me -> 200 (93ms)
2026-09-09 14:42:59.314  INFO [http-nio-8080-exec-8] [trace:08e4c9de] c.d.E.security.RequestLoggingFilter      : [HTTP IN]  GET /auth/pending-users from IP 0:0:0:0:0:0:0:1
2026-09-09 14:42:59.314  INFO [http-nio-8080-exec-7] [trace:5874646c] c.d.E.security.RequestLoggingFilter      : [HTTP OUT] GET /reviews? -> 200 (76ms)
2026-09-09 14:42:59.326  INFO [http-nio-8080-exec-7] [trace:17f9d295] c.d.E.security.RequestLoggingFilter      : [HTTP IN]  GET /projects from IP 0:0:0:0:0:0:0:1
2026-09-09 14:42:59.331  INFO [http-nio-8080-exec-1] [trace:011c8227] c.d.E.security.RequestLoggingFilter      : [HTTP OUT] GET /announcements -> 200 (32ms)
2026-09-09 14:42:59.331  INFO [http-nio-8080-exec-4] [trace:562282c3] c.d.E.security.RequestLoggingFilter      : [HTTP IN]  GET /leaves/requests?limit=100 from IP 0:0:0:0:0:0:0:1
2026-09-09 14:42:59.349  WARN [http-nio-8080-exec-9] [trace:38a304c2] c.d.E.config.CacheConfig                 : [CACHE WARNING] Redis cache get failed for key 'list_0_null' in cache 'departments': Unable to connect to Redis. Falling back to database query.
2026-09-09 14:42:59.350  INFO [http-nio-8080-exec-6] [trace:27534f73] c.d.E.security.RequestLoggingFilter      : [HTTP OUT] GET /attendance/records?limit=100 -> 200 (51ms)
2026-09-09 14:42:59.352  INFO [http-nio-8080-exec-3] [trace:7b091e32] c.d.E.security.RequestLoggingFilter      : [HTTP IN]  GET /employees/search?limit=100 from IP 0:0:0:0:0:0:0:1
2026-09-09 14:42:59.403  INFO [http-nio-8080-exec-7] [trace:17f9d295] c.d.E.security.RequestLoggingFilter      : [HTTP OUT] GET /projects -> 200 (77ms)
2026-09-09 14:42:59.402  INFO [http-nio-8080-exec-10] [trace:22111792] c.d.E.security.RequestLoggingFilter      : [HTTP OUT] GET /payroll/runs?limit=100 -> 200 (168ms)
2026-09-09 14:42:59.419  INFO [http-nio-8080-exec-7] [trace:b221c48c] c.d.E.security.RequestLoggingFilter      : [HTTP IN]  GET /leaves/balances/me from IP 0:0:0:0:0:0:0:1
2026-09-09 14:42:59.434  WARN [http-nio-8080-exec-9] [trace:38a304c2] c.d.E.config.CacheConfig                 : [CACHE WARNING] Redis cache put failed for key 'list_0_null' in cache 'departments': Unable to connect to Redis. Continuing execution.
2026-09-09 14:42:59.436  INFO [http-nio-8080-exec-3] [trace:7b091e32] c.d.E.security.RequestLoggingFilter      : [HTTP OUT] GET /employees/search?limit=100 -> 200 (84ms)
2026-09-09 14:42:59.436  INFO [http-nio-8080-exec-5] [trace:86f51aa1] c.d.E.security.RequestLoggingFilter      : [HTTP IN]  GET /reviews? from IP 0:0:0:0:0:0:0:1
2026-09-09 14:42:59.442  INFO [http-nio-8080-exec-2] [trace:d2a06eb0] c.d.E.security.RequestLoggingFilter      : [HTTP IN]  GET /announcements from IP 0:0:0:0:0:0:0:1
2026-09-09 14:42:59.442  INFO [http-nio-8080-exec-4] [trace:562282c3] c.d.E.security.RequestLoggingFilter      : [HTTP OUT] GET /leaves/requests?limit=100 -> 200 (111ms)
2026-09-09 14:42:59.446  INFO [http-nio-8080-exec-1] [trace:f9f60542] c.d.E.security.RequestLoggingFilter      : [HTTP IN]  GET /attendance/records?limit=100 from IP 0:0:0:0:0:0:0:1
2026-09-09 14:42:59.447  INFO [http-nio-8080-exec-9] [trace:38a304c2] c.d.E.security.RequestLoggingFilter      : [HTTP OUT] GET /departments -> 200 (245ms)
2026-09-09 14:42:59.452  INFO [http-nio-8080-exec-6] [trace:5af82dfe] c.d.E.security.RequestLoggingFilter      : [HTTP IN]  GET /payroll/runs?limit=100 from IP 0:0:0:0:0:0:0:1
2026-09-09 14:42:59.493  INFO [http-nio-8080-exec-2] [trace:d2a06eb0] c.d.E.security.RequestLoggingFilter      : [HTTP OUT] GET /announcements -> 200 (51ms)
2026-09-09 14:42:59.495  INFO [http-nio-8080-exec-7] [trace:b221c48c] c.d.E.security.RequestLoggingFilter      : [HTTP OUT] GET /leaves/balances/me -> 200 (76ms)
2026-09-09 14:42:59.509  INFO [http-nio-8080-exec-2] [trace:9d3bc6a6] c.d.E.security.RequestLoggingFilter      : [HTTP IN]  GET /departments from IP 0:0:0:0:0:0:0:1
2026-09-09 14:42:59.520  INFO [http-nio-8080-exec-8] [trace:08e4c9de] c.d.E.security.RequestLoggingFilter      : [HTTP OUT] GET /auth/pending-users -> 200 (206ms)
2026-09-09 14:42:59.522  INFO [http-nio-8080-exec-7] [trace:88b7d49e] c.d.E.security.RequestLoggingFilter      : [HTTP IN]  GET /projects from IP 0:0:0:0:0:0:0:1
2026-09-09 14:42:59.533  INFO [http-nio-8080-exec-5] [trace:86f51aa1] c.d.E.security.RequestLoggingFilter      : [HTTP OUT] GET /reviews? -> 200 (97ms)
2026-09-09 14:42:59.547  INFO [http-nio-8080-exec-1] [trace:f9f60542] c.d.E.security.RequestLoggingFilter      : [HTTP OUT] GET /attendance/records?limit=100 -> 200 (101ms)
2026-09-09 14:42:59.559  INFO [http-nio-8080-exec-10] [trace:3ba50bd6] c.d.E.security.RequestLoggingFilter      : [HTTP IN]  GET /employees/search?limit=100 from IP 0:0:0:0:0:0:0:1
2026-09-09 14:42:59.568  INFO [http-nio-8080-exec-3] [trace:b3128e30] c.d.E.security.RequestLoggingFilter      : [HTTP IN]  GET /leaves/requests?limit=100 from IP 0:0:0:0:0:0:0:1
2026-09-09 14:42:59.570  INFO [http-nio-8080-exec-1] [trace:77a6afe2] c.d.E.security.RequestLoggingFilter      : [HTTP IN]  GET /announcements from IP 0:0:0:0:0:0:0:1
2026-09-09 14:42:59.601  INFO [http-nio-8080-exec-1] [trace:77a6afe2] c.d.E.security.RequestLoggingFilter      : [HTTP OUT] GET /announcements -> 200 (31ms)
2026-09-09 14:42:59.602  INFO [http-nio-8080-exec-10] [trace:3ba50bd6] c.d.E.security.RequestLoggingFilter      : [HTTP OUT] GET /employees/search?limit=100 -> 200 (43ms)
2026-09-09 14:42:59.603  INFO [http-nio-8080-exec-4] [trace:278fecb6] c.d.E.security.RequestLoggingFilter      : [HTTP IN]  GET /leaves/balances/me from IP 0:0:0:0:0:0:0:1
2026-09-09 14:42:59.603  INFO [http-nio-8080-exec-7] [trace:88b7d49e] c.d.E.security.RequestLoggingFilter      : [HTTP OUT] GET /projects -> 200 (81ms)
2026-09-09 14:42:59.610  INFO [http-nio-8080-exec-9] [trace:f930572f] c.d.E.security.RequestLoggingFilter      : [HTTP IN]  GET /auth/pending-users from IP 0:0:0:0:0:0:0:1
2026-09-09 14:42:59.612  INFO [http-nio-8080-exec-10] [trace:d46c4228] c.d.E.security.RequestLoggingFilter      : [HTTP IN]  GET /attendance/records?limit=100 from IP 0:0:0:0:0:0:0:1
2026-09-09 14:42:59.647  INFO [http-nio-8080-exec-3] [trace:b3128e30] c.d.E.security.RequestLoggingFilter      : [HTTP OUT] GET /leaves/requests?limit=100 -> 200 (79ms)
2026-09-09 14:42:59.650  INFO [http-nio-8080-exec-8] [trace:ee0824e5] c.d.E.security.RequestLoggingFilter      : [HTTP IN]  GET /reviews? from IP 0:0:0:0:0:0:0:1
2026-09-09 14:42:59.654  INFO [http-nio-8080-exec-6] [trace:5af82dfe] c.d.E.security.RequestLoggingFilter      : [HTTP OUT] GET /payroll/runs?limit=100 -> 200 (202ms)
2026-09-09 14:42:59.659  WARN [http-nio-8080-exec-2] [trace:9d3bc6a6] c.d.E.config.CacheConfig                 : [CACHE WARNING] Redis cache get failed for key 'list_0_null' in cache 'departments': Unable to connect to Redis. Falling back to database query.
2026-09-09 14:42:59.661  INFO [http-nio-8080-exec-4] [trace:278fecb6] c.d.E.security.RequestLoggingFilter      : [HTTP OUT] GET /leaves/balances/me -> 200 (58ms)
2026-09-09 14:42:59.666  INFO [http-nio-8080-exec-6] [trace:ea520285] c.d.E.security.RequestLoggingFilter      : [HTTP IN]  GET /projects from IP 0:0:0:0:0:0:0:1
2026-09-09 14:42:59.675  INFO [http-nio-8080-exec-4] [trace:162fcf30] c.d.E.security.RequestLoggingFilter      : [HTTP IN]  GET /payroll/runs?limit=100 from IP 0:0:0:0:0:0:0:1
2026-09-09 14:42:59.704  INFO [http-nio-8080-exec-10] [trace:d46c4228] c.d.E.security.RequestLoggingFilter      : [HTTP OUT] GET /attendance/records?limit=100 -> 200 (92ms)
2026-09-09 14:42:59.721  INFO [http-nio-8080-exec-5] [trace:6a56324e] c.d.E.security.RequestLoggingFilter      : [HTTP IN]  GET /leaves/requests?limit=100 from IP 0:0:0:0:0:0:0:1
2026-09-09 14:42:59.727  INFO [http-nio-8080-exec-8] [trace:ee0824e5] c.d.E.security.RequestLoggingFilter      : [HTTP OUT] GET /reviews? -> 200 (77ms)
2026-09-09 14:42:59.735  WARN [http-nio-8080-exec-2] [trace:9d3bc6a6] c.d.E.config.CacheConfig                 : [CACHE WARNING] Redis cache put failed for key 'list_0_null' in cache 'departments': Unable to connect to Redis. Continuing execution.
2026-09-09 14:42:59.744  INFO [http-nio-8080-exec-2] [trace:9d3bc6a6] c.d.E.security.RequestLoggingFilter      : [HTTP OUT] GET /departments -> 200 (235ms)
2026-09-09 14:42:59.746  INFO [http-nio-8080-exec-1] [trace:b186a509] c.d.E.security.RequestLoggingFilter      : [HTTP IN]  GET /departments from IP 0:0:0:0:0:0:0:1
2026-09-09 14:42:59.760  INFO [http-nio-8080-exec-9] [trace:f930572f] c.d.E.security.RequestLoggingFilter      : [HTTP OUT] GET /auth/pending-users -> 200 (150ms)
2026-09-09 14:42:59.762  INFO [http-nio-8080-exec-7] [trace:6fe57e84] c.d.E.security.RequestLoggingFilter      : [HTTP IN]  GET /auth/pending-users from IP 0:0:0:0:0:0:0:1
2026-09-09 14:42:59.789  WARN [http-nio-8080-exec-1] [trace:b186a509] c.d.E.config.CacheConfig                 : [CACHE WARNING] Redis cache get failed for key 'list_0_null' in cache 'departments': Unable to connect to Redis. Falling back to database query.
2026-09-09 14:42:59.792  INFO [http-nio-8080-exec-5] [trace:6a56324e] c.d.E.security.RequestLoggingFilter      : [HTTP OUT] GET /leaves/requests?limit=100 -> 200 (71ms)
2026-09-09 14:42:59.795  INFO [http-nio-8080-exec-6] [trace:ea520285] c.d.E.security.RequestLoggingFilter      : [HTTP OUT] GET /projects -> 200 (129ms)
2026-09-09 14:42:59.818  WARN [http-nio-8080-exec-1] [trace:b186a509] c.d.E.config.CacheConfig                 : [CACHE WARNING] Redis cache put failed for key 'list_0_null' in cache 'departments': Unable to connect to Redis. Continuing execution.
2026-09-09 14:42:59.820  INFO [http-nio-8080-exec-1] [trace:b186a509] c.d.E.security.RequestLoggingFilter      : [HTTP OUT] GET /departments -> 200 (74ms)
2026-09-09 14:42:59.821  INFO [http-nio-8080-exec-3] [trace:09777772] c.d.E.security.RequestLoggingFilter      : [HTTP IN]  GET /departments from IP 0:0:0:0:0:0:0:1
2026-09-09 14:42:59.835  INFO [http-nio-8080-exec-4] [trace:162fcf30] c.d.E.security.RequestLoggingFilter      : [HTTP OUT] GET /payroll/runs?limit=100 -> 200 (161ms)
2026-09-09 14:42:59.835  INFO [http-nio-8080-exec-10] [trace:73de74ff] c.d.E.security.RequestLoggingFilter      : [HTTP IN]  GET /payroll/runs?limit=100 from IP 0:0:0:0:0:0:0:1
2026-09-09 14:42:59.839  WARN [http-nio-8080-exec-3] [trace:09777772] c.d.E.config.CacheConfig                 : [CACHE WARNING] Redis cache get failed for key 'list_0_null' in cache 'departments': Unable to connect to Redis. Falling back to database query.
2026-09-09 14:42:59.848  WARN [http-nio-8080-exec-3] [trace:09777772] c.d.E.config.CacheConfig                 : [CACHE WARNING] Redis cache put failed for key 'list_0_null' in cache 'departments': Unable to connect to Redis. Continuing execution.
2026-09-09 14:42:59.858  INFO [http-nio-8080-exec-3] [trace:09777772] c.d.E.security.RequestLoggingFilter      : [HTTP OUT] GET /departments -> 200 (37ms)
2026-09-09 14:42:59.886  INFO [http-nio-8080-exec-10] [trace:73de74ff] c.d.E.security.RequestLoggingFilter      : [HTTP OUT] GET /payroll/runs?limit=100 -> 200 (51ms)
2026-09-09 14:42:59.911  INFO [http-nio-8080-exec-7] [trace:6fe57e84] c.d.E.security.RequestLoggingFilter      : [HTTP OUT] GET /auth/pending-users -> 200 (149ms)
2026-09-09 14:42:59.914  INFO [http-nio-8080-exec-8] [trace:76f7390f] c.d.E.security.RequestLoggingFilter      : [HTTP IN]  GET /auth/pending-users from IP 0:0:0:0:0:0:0:1
2026-09-09 14:43:00.044  INFO [http-nio-8080-exec-8] [trace:76f7390f] c.d.E.security.RequestLoggingFilter      : [HTTP OUT] GET /auth/pending-users -> 200 (130ms)
2026-09-09 14:43:01.210  INFO [http-nio-8080-exec-6] [trace:fa607611] c.d.E.security.RequestLoggingFilter      : [HTTP IN]  GET /leaves/requests?limit=100 from IP 0:0:0:0:0:0:0:1
2026-09-09 14:43:01.210  INFO [http-nio-8080-exec-2] [trace:ceb5f687] c.d.E.security.RequestLoggingFilter      : [HTTP IN]  GET /employees/search?limit=100 from IP 0:0:0:0:0:0:0:1
2026-09-09 14:43:01.210  INFO [http-nio-8080-exec-9] [trace:6476cc0d] c.d.E.security.RequestLoggingFilter      : [HTTP IN]  GET /departments from IP 0:0:0:0:0:0:0:1
2026-09-09 14:43:01.210  INFO [http-nio-8080-exec-5] [trace:f77ad410] c.d.E.security.RequestLoggingFilter      : [HTTP IN]  GET /attendance/records?limit=100 from IP 0:0:0:0:0:0:0:1
2026-09-09 14:43:01.210  INFO [http-nio-8080-exec-1] [trace:dde40537] c.d.E.security.RequestLoggingFilter      : [HTTP IN]  GET /leaves/balances/me from IP 0:0:0:0:0:0:0:1
2026-09-09 14:43:01.210  INFO [http-nio-8080-exec-4] [trace:be46f511] c.d.E.security.RequestLoggingFilter      : [HTTP IN]  GET /projects from IP 0:0:0:0:0:0:0:1
2026-09-09 14:43:01.214  WARN [http-nio-8080-exec-9] [trace:6476cc0d] c.d.E.config.CacheConfig                 : [CACHE WARNING] Redis cache get failed for key 'list_0_null' in cache 'departments': Unable to connect to Redis. Falling back to database query.
2026-09-09 14:43:01.230  WARN [http-nio-8080-exec-9] [trace:6476cc0d] c.d.E.config.CacheConfig                 : [CACHE WARNING] Redis cache put failed for key 'list_0_null' in cache 'departments': Unable to connect to Redis. Continuing execution.
2026-09-09 14:43:01.230  INFO [http-nio-8080-exec-9] [trace:6476cc0d] c.d.E.security.RequestLoggingFilter      : [HTTP OUT] GET /departments -> 200 (20ms)
2026-09-09 14:43:01.230  INFO [http-nio-8080-exec-3] [trace:d0df0d30] c.d.E.security.RequestLoggingFilter      : [HTTP IN]  GET /reviews? from IP 0:0:0:0:0:0:0:1
2026-09-09 14:43:01.230  INFO [http-nio-8080-exec-1] [trace:dde40537] c.d.E.security.RequestLoggingFilter      : [HTTP OUT] GET /leaves/balances/me -> 200 (20ms)
2026-09-09 14:43:01.230  INFO [http-nio-8080-exec-2] [trace:ceb5f687] c.d.E.security.RequestLoggingFilter      : [HTTP OUT] GET /employees/search?limit=100 -> 200 (20ms)
2026-09-09 14:43:01.230  INFO [http-nio-8080-exec-10] [trace:76f488c7] c.d.E.security.RequestLoggingFilter      : [HTTP IN]  GET /announcements from IP 0:0:0:0:0:0:0:1
2026-09-09 14:43:01.230  INFO [http-nio-8080-exec-7] [trace:8de66fe0] c.d.E.security.RequestLoggingFilter      : [HTTP IN]  GET /auth/pending-users from IP 0:0:0:0:0:0:0:1
2026-09-09 14:43:01.239  INFO [http-nio-8080-exec-6] [trace:fa607611] c.d.E.security.RequestLoggingFilter      : [HTTP OUT] GET /leaves/requests?limit=100 -> 200 (29ms)
2026-09-09 14:43:01.240  INFO [http-nio-8080-exec-8] [trace:36824157] c.d.E.security.RequestLoggingFilter      : [HTTP IN]  GET /payroll/runs?limit=100 from IP 0:0:0:0:0:0:0:1
2026-09-09 14:43:01.240  INFO [http-nio-8080-exec-10] [trace:76f488c7] c.d.E.security.RequestLoggingFilter      : [HTTP OUT] GET /announcements -> 200 (10ms)
2026-09-09 14:43:01.240  INFO [http-nio-8080-exec-3] [trace:d0df0d30] c.d.E.security.RequestLoggingFilter      : [HTTP OUT] GET /reviews? -> 200 (10ms)
2026-09-09 14:43:01.248  INFO [http-nio-8080-exec-5] [trace:f77ad410] c.d.E.security.RequestLoggingFilter      : [HTTP OUT] GET /attendance/records?limit=100 -> 200 (38ms)
2026-09-09 14:43:01.248  INFO [http-nio-8080-exec-4] [trace:be46f511] c.d.E.security.RequestLoggingFilter      : [HTTP OUT] GET /projects -> 200 (38ms)
2026-09-09 14:43:01.264  INFO [http-nio-8080-exec-8] [trace:36824157] c.d.E.security.RequestLoggingFilter      : [HTTP OUT] GET /payroll/runs?limit=100 -> 200 (24ms)
2026-09-09 14:43:01.280  INFO [http-nio-8080-exec-7] [trace:8de66fe0] c.d.E.security.RequestLoggingFilter      : [HTTP OUT] GET /auth/pending-users -> 200 (50ms)
2026-09-09 14:43:02.028  INFO [http-nio-8080-exec-9] [trace:bde651a8] c.d.E.security.RequestLoggingFilter      : [HTTP IN]  GET /employees/search?limit=100 from IP 0:0:0:0:0:0:0:1
2026-09-09 14:43:02.028  INFO [http-nio-8080-exec-1] [trace:6dd25e67] c.d.E.security.RequestLoggingFilter      : [HTTP IN]  GET /departments from IP 0:0:0:0:0:0:0:1
2026-09-09 14:43:02.028  INFO [http-nio-8080-exec-2] [trace:c4a8e077] c.d.E.security.RequestLoggingFilter      : [HTTP IN]  GET /leaves/requests?limit=100 from IP 0:0:0:0:0:0:0:1
2026-09-09 14:43:02.029  INFO [http-nio-8080-exec-6] [trace:efb51278] c.d.E.security.RequestLoggingFilter      : [HTTP IN]  GET /attendance/records?limit=100 from IP 0:0:0:0:0:0:0:1
2026-09-09 14:43:02.029  INFO [http-nio-8080-exec-10] [trace:ac329194] c.d.E.security.RequestLoggingFilter      : [HTTP IN]  GET /leaves/balances/me from IP 0:0:0:0:0:0:0:1
2026-09-09 14:43:02.029  INFO [http-nio-8080-exec-3] [trace:52db8ff6] c.d.E.security.RequestLoggingFilter      : [HTTP IN]  GET /projects from IP 0:0:0:0:0:0:0:1
2026-09-09 14:43:02.030  WARN [http-nio-8080-exec-1] [trace:6dd25e67] c.d.E.config.CacheConfig                 : [CACHE WARNING] Redis cache get failed for key 'list_0_null' in cache 'departments': Unable to connect to Redis. Falling back to database query.
2026-09-09 14:43:02.038  INFO [http-nio-8080-exec-10] [trace:ac329194] c.d.E.security.RequestLoggingFilter      : [HTTP OUT] GET /leaves/balances/me -> 200 (9ms)
2026-09-09 14:43:02.039  INFO [http-nio-8080-exec-9] [trace:bde651a8] c.d.E.security.RequestLoggingFilter      : [HTTP OUT] GET /employees/search?limit=100 -> 200 (11ms)
2026-09-09 14:43:02.039  INFO [http-nio-8080-exec-5] [trace:fe9eb069] c.d.E.security.RequestLoggingFilter      : [HTTP IN]  GET /reviews? from IP 0:0:0:0:0:0:0:1
2026-09-09 14:43:02.039  INFO [http-nio-8080-exec-4] [trace:f7f93804] c.d.E.security.RequestLoggingFilter      : [HTTP IN]  GET /announcements from IP 0:0:0:0:0:0:0:1
2026-09-09 14:43:02.039  INFO [http-nio-8080-exec-6] [trace:efb51278] c.d.E.security.RequestLoggingFilter      : [HTTP OUT] GET /attendance/records?limit=100 -> 200 (10ms)
2026-09-09 14:43:02.039  INFO [http-nio-8080-exec-2] [trace:c4a8e077] c.d.E.security.RequestLoggingFilter      : [HTTP OUT] GET /leaves/requests?limit=100 -> 200 (11ms)
2026-09-09 14:43:02.039  INFO [http-nio-8080-exec-8] [trace:466e7c90] c.d.E.security.RequestLoggingFilter      : [HTTP IN]  GET /auth/pending-users from IP 0:0:0:0:0:0:0:1
2026-09-09 14:43:02.039  INFO [http-nio-8080-exec-7] [trace:b9320639] c.d.E.security.RequestLoggingFilter      : [HTTP IN]  GET /payroll/runs?limit=100 from IP 0:0:0:0:0:0:0:1
2026-09-09 14:43:02.046  WARN [http-nio-8080-exec-1] [trace:6dd25e67] c.d.E.config.CacheConfig                 : [CACHE WARNING] Redis cache put failed for key 'list_0_null' in cache 'departments': Unable to connect to Redis. Continuing execution.
2026-09-09 14:43:02.047  INFO [http-nio-8080-exec-1] [trace:6dd25e67] c.d.E.security.RequestLoggingFilter      : [HTTP OUT] GET /departments -> 200 (19ms)
2026-09-09 14:43:02.047  INFO [http-nio-8080-exec-4] [trace:f7f93804] c.d.E.security.RequestLoggingFilter      : [HTTP OUT] GET /announcements -> 200 (8ms)
2026-09-09 14:43:02.047  INFO [http-nio-8080-exec-5] [trace:fe9eb069] c.d.E.security.RequestLoggingFilter      : [HTTP OUT] GET /reviews? -> 200 (8ms)
2026-09-09 14:43:02.047  INFO [http-nio-8080-exec-3] [trace:52db8ff6] c.d.E.security.RequestLoggingFilter      : [HTTP OUT] GET /projects -> 200 (18ms)
2026-09-09 14:43:02.072  INFO [http-nio-8080-exec-7] [trace:b9320639] c.d.E.security.RequestLoggingFilter      : [HTTP OUT] GET /payroll/runs?limit=100 -> 200 (33ms)
2026-09-09 14:43:02.093  INFO [http-nio-8080-exec-8] [trace:466e7c90] c.d.E.security.RequestLoggingFilter      : [HTTP OUT] GET /auth/pending-users -> 200 (54ms)
2026-09-09 14:43:02.225  INFO [http-nio-8080-exec-10] [trace:aad6b8df] c.d.E.security.RequestLoggingFilter      : [HTTP IN]  GET /employees/search?limit=100 from IP 0:0:0:0:0:0:0:1
2026-09-09 14:43:02.225  INFO [http-nio-8080-exec-9] [trace:cba2c286] c.d.E.security.RequestLoggingFilter      : [HTTP IN]  GET /attendance/records?limit=100 from IP 0:0:0:0:0:0:0:1
2026-09-09 14:43:02.226  INFO [http-nio-8080-exec-6] [trace:7faec2bd] c.d.E.security.RequestLoggingFilter      : [HTTP IN]  GET /departments from IP 0:0:0:0:0:0:0:1
2026-09-09 14:43:02.226  INFO [http-nio-8080-exec-2] [trace:5af017a0] c.d.E.security.RequestLoggingFilter      : [HTTP IN]  GET /leaves/requests?limit=100 from IP 0:0:0:0:0:0:0:1
2026-09-09 14:43:02.227  INFO [http-nio-8080-exec-1] [trace:15fb39af] c.d.E.security.RequestLoggingFilter      : [HTTP IN]  GET /leaves/balances/me from IP 0:0:0:0:0:0:0:1
2026-09-09 14:43:02.227  INFO [http-nio-8080-exec-4] [trace:d76b58c3] c.d.E.security.RequestLoggingFilter      : [HTTP IN]  GET /projects from IP 0:0:0:0:0:0:0:1
2026-09-09 14:43:02.230  INFO [http-nio-8080-exec-10] [trace:aad6b8df] c.d.E.security.RequestLoggingFilter      : [HTTP OUT] GET /employees/search?limit=100 -> 200 (5ms)
2026-09-09 14:43:02.239  INFO [http-nio-8080-exec-5] [trace:7b500af7] c.d.E.security.RequestLoggingFilter      : [HTTP IN]  GET /reviews? from IP 0:0:0:0:0:0:0:1
2026-09-09 14:43:02.240  INFO [http-nio-8080-exec-4] [trace:d76b58c3] c.d.E.security.RequestLoggingFilter      : [HTTP OUT] GET /projects -> 200 (13ms)
2026-09-09 14:43:02.240  WARN [http-nio-8080-exec-6] [trace:7faec2bd] c.d.E.config.CacheConfig                 : [CACHE WARNING] Redis cache get failed for key 'list_0_null' in cache 'departments': Unable to connect to Redis. Falling back to database query.
2026-09-09 14:43:02.240  INFO [http-nio-8080-exec-9] [trace:cba2c286] c.d.E.security.RequestLoggingFilter      : [HTTP OUT] GET /attendance/records?limit=100 -> 200 (15ms)
2026-09-09 14:43:02.247  INFO [http-nio-8080-exec-3] [trace:854e340e] c.d.E.security.RequestLoggingFilter      : [HTTP IN]  GET /announcements from IP 0:0:0:0:0:0:0:1
2026-09-09 14:43:02.247  INFO [http-nio-8080-exec-7] [trace:da57ab3d] c.d.E.security.RequestLoggingFilter      : [HTTP IN]  GET /auth/pending-users from IP 0:0:0:0:0:0:0:1
2026-09-09 14:43:02.247  INFO [http-nio-8080-exec-5] [trace:7b500af7] c.d.E.security.RequestLoggingFilter      : [HTTP OUT] GET /reviews? -> 200 (8ms)
2026-09-09 14:43:02.247  INFO [http-nio-8080-exec-8] [trace:248a4005] c.d.E.security.RequestLoggingFilter      : [HTTP IN]  GET /payroll/runs?limit=100 from IP 0:0:0:0:0:0:0:1
2026-09-09 14:43:02.247  INFO [http-nio-8080-exec-1] [trace:15fb39af] c.d.E.security.RequestLoggingFilter      : [HTTP OUT] GET /leaves/balances/me -> 200 (20ms)
2026-09-09 14:43:02.247  INFO [http-nio-8080-exec-2] [trace:5af017a0] c.d.E.security.RequestLoggingFilter      : [HTTP OUT] GET /leaves/requests?limit=100 -> 200 (21ms)
2026-09-09 14:43:02.255  WARN [http-nio-8080-exec-6] [trace:7faec2bd] c.d.E.config.CacheConfig                 : [CACHE WARNING] Redis cache put failed for key 'list_0_null' in cache 'departments': Unable to connect to Redis. Continuing execution.
2026-09-09 14:43:02.260  INFO [http-nio-8080-exec-6] [trace:7faec2bd] c.d.E.security.RequestLoggingFilter      : [HTTP OUT] GET /departments -> 200 (34ms)
2026-09-09 14:43:02.264  INFO [http-nio-8080-exec-3] [trace:854e340e] c.d.E.security.RequestLoggingFilter      : [HTTP OUT] GET /announcements -> 200 (17ms)
2026-09-09 14:43:02.280  INFO [http-nio-8080-exec-8] [trace:248a4005] c.d.E.security.RequestLoggingFilter      : [HTTP OUT] GET /payroll/runs?limit=100 -> 200 (33ms)
2026-09-09 14:43:02.306  INFO [http-nio-8080-exec-7] [trace:da57ab3d] c.d.E.security.RequestLoggingFilter      : [HTTP OUT] GET /auth/pending-users -> 200 (59ms)
2026-09-09 14:43:02.484  INFO [http-nio-8080-exec-10] [trace:185bbef4] c.d.E.security.RequestLoggingFilter      : [HTTP IN]  GET /employees/search?limit=100 from IP 0:0:0:0:0:0:0:1
2026-09-09 14:43:02.485  INFO [http-nio-8080-exec-9] [trace:22c45b75] c.d.E.security.RequestLoggingFilter      : [HTTP IN]  GET /attendance/records?limit=100 from IP 0:0:0:0:0:0:0:1
2026-09-09 14:43:02.485  INFO [http-nio-8080-exec-5] [trace:c7cf0f4d] c.d.E.security.RequestLoggingFilter      : [HTTP IN]  GET /leaves/requests?limit=100 from IP 0:0:0:0:0:0:0:1
2026-09-09 14:43:02.485  INFO [http-nio-8080-exec-1] [trace:93e84354] c.d.E.security.RequestLoggingFilter      : [HTTP IN]  GET /projects from IP 0:0:0:0:0:0:0:1
2026-09-09 14:43:02.485  INFO [http-nio-8080-exec-2] [trace:e0e20917] c.d.E.security.RequestLoggingFilter      : [HTTP IN]  GET /leaves/balances/me from IP 0:0:0:0:0:0:0:1
2026-09-09 14:43:02.485  INFO [http-nio-8080-exec-4] [trace:be33b60a] c.d.E.security.RequestLoggingFilter      : [HTTP IN]  GET /departments from IP 0:0:0:0:0:0:0:1
2026-09-09 14:43:02.496  INFO [http-nio-8080-exec-10] [trace:185bbef4] c.d.E.security.RequestLoggingFilter      : [HTTP OUT] GET /employees/search?limit=100 -> 200 (12ms)
2026-09-09 14:43:02.496  INFO [http-nio-8080-exec-1] [trace:93e84354] c.d.E.security.RequestLoggingFilter      : [HTTP OUT] GET /projects -> 200 (11ms)
2026-09-09 14:43:02.496  WARN [http-nio-8080-exec-4] [trace:be33b60a] c.d.E.config.CacheConfig                 : [CACHE WARNING] Redis cache get failed for key 'list_0_null' in cache 'departments': Unable to connect to Redis. Falling back to database query.
2026-09-09 14:43:02.496  INFO [http-nio-8080-exec-2] [trace:e0e20917] c.d.E.security.RequestLoggingFilter      : [HTTP OUT] GET /leaves/balances/me -> 200 (11ms)
2026-09-09 14:43:02.496  INFO [http-nio-8080-exec-6] [trace:a5c9da84] c.d.E.security.RequestLoggingFilter      : [HTTP IN]  GET /reviews? from IP 0:0:0:0:0:0:0:1
2026-09-09 14:43:02.496  INFO [http-nio-8080-exec-3] [trace:30f890f8] c.d.E.security.RequestLoggingFilter      : [HTTP IN]  GET /announcements from IP 0:0:0:0:0:0:0:1
2026-09-09 14:43:02.496  INFO [http-nio-8080-exec-9] [trace:22c45b75] c.d.E.security.RequestLoggingFilter      : [HTTP OUT] GET /attendance/records?limit=100 -> 200 (11ms)
2026-09-09 14:43:02.496  INFO [http-nio-8080-exec-8] [trace:144d958c] c.d.E.security.RequestLoggingFilter      : [HTTP IN]  GET /auth/pending-users from IP 0:0:0:0:0:0:0:1
2026-09-09 14:43:02.502  INFO [http-nio-8080-exec-5] [trace:c7cf0f4d] c.d.E.security.RequestLoggingFilter      : [HTTP OUT] GET /leaves/requests?limit=100 -> 200 (17ms)
2026-09-09 14:43:02.503  INFO [http-nio-8080-exec-7] [trace:210f6761] c.d.E.security.RequestLoggingFilter      : [HTTP IN]  GET /payroll/runs?limit=100 from IP 0:0:0:0:0:0:0:1
2026-09-09 14:43:02.505  INFO [http-nio-8080-exec-3] [trace:30f890f8] c.d.E.security.RequestLoggingFilter      : [HTTP OUT] GET /announcements -> 200 (9ms)
2026-09-09 14:43:02.505  INFO [http-nio-8080-exec-6] [trace:a5c9da84] c.d.E.security.RequestLoggingFilter      : [HTTP OUT] GET /reviews? -> 200 (9ms)
2026-09-09 14:43:02.505  WARN [http-nio-8080-exec-4] [trace:be33b60a] c.d.E.config.CacheConfig                 : [CACHE WARNING] Redis cache put failed for key 'list_0_null' in cache 'departments': Unable to connect to Redis. Continuing execution.
2026-09-09 14:43:02.514  INFO [http-nio-8080-exec-4] [trace:be33b60a] c.d.E.security.RequestLoggingFilter      : [HTTP OUT] GET /departments -> 200 (29ms)
2026-09-09 14:43:02.539  INFO [http-nio-8080-exec-7] [trace:210f6761] c.d.E.security.RequestLoggingFilter      : [HTTP OUT] GET /payroll/runs?limit=100 -> 200 (36ms)
2026-09-09 14:43:02.555  INFO [http-nio-8080-exec-8] [trace:144d958c] c.d.E.security.RequestLoggingFilter      : [HTTP OUT] GET /auth/pending-users -> 200 (59ms)
2026-09-09 14:43:02.680  INFO [http-nio-8080-exec-10] [trace:ea1b4c4d] c.d.E.security.RequestLoggingFilter      : [HTTP IN]  GET /employees/search?limit=100 from IP 0:0:0:0:0:0:0:1
2026-09-09 14:43:02.680  INFO [http-nio-8080-exec-2] [trace:c51dc04a] c.d.E.security.RequestLoggingFilter      : [HTTP IN]  GET /attendance/records?limit=100 from IP 0:0:0:0:0:0:0:1
2026-09-09 14:43:02.680  INFO [http-nio-8080-exec-9] [trace:eb334a04] c.d.E.security.RequestLoggingFilter      : [HTTP IN]  GET /leaves/requests?limit=100 from IP 0:0:0:0:0:0:0:1
2026-09-09 14:43:02.681  INFO [http-nio-8080-exec-1] [trace:577ec9f1] c.d.E.security.RequestLoggingFilter      : [HTTP IN]  GET /departments from IP 0:0:0:0:0:0:0:1
2026-09-09 14:43:02.681  INFO [http-nio-8080-exec-3] [trace:0b45d019] c.d.E.security.RequestLoggingFilter      : [HTTP IN]  GET /leaves/balances/me from IP 0:0:0:0:0:0:0:1
2026-09-09 14:43:02.681  INFO [http-nio-8080-exec-5] [trace:74cdea07] c.d.E.security.RequestLoggingFilter      : [HTTP IN]  GET /projects from IP 0:0:0:0:0:0:0:1
2026-09-09 14:43:02.688  WARN [http-nio-8080-exec-1] [trace:577ec9f1] c.d.E.config.CacheConfig                 : [CACHE WARNING] Redis cache get failed for key 'list_0_null' in cache 'departments': Unable to connect to Redis. Falling back to database query.
2026-09-09 14:43:02.688  INFO [http-nio-8080-exec-10] [trace:ea1b4c4d] c.d.E.security.RequestLoggingFilter      : [HTTP OUT] GET /employees/search?limit=100 -> 200 (8ms)
2026-09-09 14:43:02.688  INFO [http-nio-8080-exec-6] [trace:72c469fc] c.d.E.security.RequestLoggingFilter      : [HTTP IN]  GET /reviews? from IP 0:0:0:0:0:0:0:1
2026-09-09 14:43:02.688  INFO [http-nio-8080-exec-5] [trace:74cdea07] c.d.E.security.RequestLoggingFilter      : [HTTP OUT] GET /projects -> 200 (7ms)
2026-09-09 14:43:02.695  INFO [http-nio-8080-exec-9] [trace:eb334a04] c.d.E.security.RequestLoggingFilter      : [HTTP OUT] GET /leaves/requests?limit=100 -> 200 (15ms)
2026-09-09 14:43:02.695  INFO [http-nio-8080-exec-9] [trace:44e48c9e] c.d.E.security.RequestLoggingFilter      : [HTTP IN]  GET /announcements from IP 0:0:0:0:0:0:0:1
2026-09-09 14:43:02.697  INFO [http-nio-8080-exec-4] [trace:5ce58af9] c.d.E.security.RequestLoggingFilter      : [HTTP IN]  GET /auth/pending-users from IP 0:0:0:0:0:0:0:1
2026-09-09 14:43:02.699  INFO [http-nio-8080-exec-2] [trace:c51dc04a] c.d.E.security.RequestLoggingFilter      : [HTTP OUT] GET /attendance/records?limit=100 -> 200 (19ms)
2026-09-09 14:43:02.699  INFO [http-nio-8080-exec-8] [trace:4f94b593] c.d.E.security.RequestLoggingFilter      : [HTTP IN]  GET /payroll/runs?limit=100 from IP 0:0:0:0:0:0:0:1
2026-09-09 14:43:02.702  INFO [http-nio-8080-exec-3] [trace:0b45d019] c.d.E.security.RequestLoggingFilter      : [HTTP OUT] GET /leaves/balances/me -> 200 (21ms)
2026-09-09 14:43:02.705  INFO [http-nio-8080-exec-9] [trace:44e48c9e] c.d.E.security.RequestLoggingFilter      : [HTTP OUT] GET /announcements -> 200 (10ms)
2026-09-09 14:43:02.710  INFO [http-nio-8080-exec-6] [trace:72c469fc] c.d.E.security.RequestLoggingFilter      : [HTTP OUT] GET /reviews? -> 200 (22ms)
2026-09-09 14:43:02.722  WARN [http-nio-8080-exec-1] [trace:577ec9f1] c.d.E.config.CacheConfig                 : [CACHE WARNING] Redis cache put failed for key 'list_0_null' in cache 'departments': Unable to connect to Redis. Continuing execution.
2026-09-09 14:43:02.730  INFO [http-nio-8080-exec-1] [trace:577ec9f1] c.d.E.security.RequestLoggingFilter      : [HTTP OUT] GET /departments -> 200 (49ms)
2026-09-09 14:43:02.730  INFO [http-nio-8080-exec-8] [trace:4f94b593] c.d.E.security.RequestLoggingFilter      : [HTTP OUT] GET /payroll/runs?limit=100 -> 200 (31ms)
2026-09-09 14:43:02.763  INFO [http-nio-8080-exec-4] [trace:5ce58af9] c.d.E.security.RequestLoggingFilter      : [HTTP OUT] GET /auth/pending-users -> 200 (66ms)
2026-09-09 14:43:02.871  INFO [http-nio-8080-exec-5] [trace:9c5ad997] c.d.E.security.RequestLoggingFilter      : [HTTP IN]  GET /departments from IP 0:0:0:0:0:0:0:1
2026-09-09 14:43:02.871  INFO [http-nio-8080-exec-7] [trace:b90cec75] c.d.E.security.RequestLoggingFilter      : [HTTP IN]  GET /attendance/records?limit=100 from IP 0:0:0:0:0:0:0:1
2026-09-09 14:43:02.871  INFO [http-nio-8080-exec-2] [trace:05c299c5] c.d.E.security.RequestLoggingFilter      : [HTTP IN]  GET /leaves/requests?limit=100 from IP 0:0:0:0:0:0:0:1
2026-09-09 14:43:02.871  INFO [http-nio-8080-exec-3] [trace:a23ae56b] c.d.E.security.RequestLoggingFilter      : [HTTP IN]  GET /leaves/balances/me from IP 0:0:0:0:0:0:0:1
2026-09-09 14:43:02.872  INFO [http-nio-8080-exec-9] [trace:a31b8059] c.d.E.security.RequestLoggingFilter      : [HTTP IN]  GET /projects from IP 0:0:0:0:0:0:0:1
2026-09-09 14:43:02.872  INFO [http-nio-8080-exec-10] [trace:2cb32dd2] c.d.E.security.RequestLoggingFilter      : [HTTP IN]  GET /employees/search?limit=100 from IP 0:0:0:0:0:0:0:1
2026-09-09 14:43:02.879  WARN [http-nio-8080-exec-5] [trace:9c5ad997] c.d.E.config.CacheConfig                 : [CACHE WARNING] Redis cache get failed for key 'list_0_null' in cache 'departments': Unable to connect to Redis. Falling back to database query.
2026-09-09 14:43:02.880  INFO [http-nio-8080-exec-3] [trace:a23ae56b] c.d.E.security.RequestLoggingFilter      : [HTTP OUT] GET /leaves/balances/me -> 200 (9ms)
2026-09-09 14:43:02.880  INFO [http-nio-8080-exec-10] [trace:2cb32dd2] c.d.E.security.RequestLoggingFilter      : [HTTP OUT] GET /employees/search?limit=100 -> 200 (8ms)
2026-09-09 14:43:02.880  INFO [http-nio-8080-exec-9] [trace:a31b8059] c.d.E.security.RequestLoggingFilter      : [HTTP OUT] GET /projects -> 200 (8ms)
2026-09-09 14:43:02.880  INFO [http-nio-8080-exec-6] [trace:7583cd6a] c.d.E.security.RequestLoggingFilter      : [HTTP IN]  GET /reviews? from IP 0:0:0:0:0:0:0:1
2026-09-09 14:43:02.884  INFO [http-nio-8080-exec-1] [trace:8c98ce04] c.d.E.security.RequestLoggingFilter      : [HTTP IN]  GET /announcements from IP 0:0:0:0:0:0:0:1
2026-09-09 14:43:02.884  INFO [http-nio-8080-exec-8] [trace:12b60861] c.d.E.security.RequestLoggingFilter      : [HTTP IN]  GET /auth/pending-users from IP 0:0:0:0:0:0:0:1
2026-09-09 14:43:02.884  INFO [http-nio-8080-exec-2] [trace:05c299c5] c.d.E.security.RequestLoggingFilter      : [HTTP OUT] GET /leaves/requests?limit=100 -> 200 (13ms)
2026-09-09 14:43:02.888  INFO [http-nio-8080-exec-7] [trace:b90cec75] c.d.E.security.RequestLoggingFilter      : [HTTP OUT] GET /attendance/records?limit=100 -> 200 (17ms)
2026-09-09 14:43:02.888  INFO [http-nio-8080-exec-4] [trace:b1377ccb] c.d.E.security.RequestLoggingFilter      : [HTTP IN]  GET /payroll/runs?limit=100 from IP 0:0:0:0:0:0:0:1
2026-09-09 14:43:02.888  WARN [http-nio-8080-exec-5] [trace:9c5ad997] c.d.E.config.CacheConfig                 : [CACHE WARNING] Redis cache put failed for key 'list_0_null' in cache 'departments': Unable to connect to Redis. Continuing execution.
2026-09-09 14:43:02.888  INFO [http-nio-8080-exec-1] [trace:8c98ce04] c.d.E.security.RequestLoggingFilter      : [HTTP OUT] GET /announcements -> 200 (4ms)
2026-09-09 14:43:02.888  INFO [http-nio-8080-exec-5] [trace:9c5ad997] c.d.E.security.RequestLoggingFilter      : [HTTP OUT] GET /departments -> 200 (17ms)
2026-09-09 14:43:02.888  INFO [http-nio-8080-exec-6] [trace:7583cd6a] c.d.E.security.RequestLoggingFilter      : [HTTP OUT] GET /reviews? -> 200 (8ms)
2026-09-09 14:43:02.915  INFO [http-nio-8080-exec-4] [trace:b1377ccb] c.d.E.security.RequestLoggingFilter      : [HTTP OUT] GET /payroll/runs?limit=100 -> 200 (27ms)
2026-09-09 14:43:02.948  INFO [http-nio-8080-exec-8] [trace:12b60861] c.d.E.security.RequestLoggingFilter      : [HTTP OUT] GET /auth/pending-users -> 200 (64ms)
2026-09-09 14:43:03.097  INFO [http-nio-8080-exec-3] [trace:18f8b3c5] c.d.E.security.RequestLoggingFilter      : [HTTP IN]  GET /employees/search?limit=100 from IP 0:0:0:0:0:0:0:1
2026-09-09 14:43:03.098  INFO [http-nio-8080-exec-9] [trace:bc0255ef] c.d.E.security.RequestLoggingFilter      : [HTTP IN]  GET /attendance/records?limit=100 from IP 0:0:0:0:0:0:0:1
2026-09-09 14:43:03.098  INFO [http-nio-8080-exec-10] [trace:e8fbe086] c.d.E.security.RequestLoggingFilter      : [HTTP IN]  GET /departments from IP 0:0:0:0:0:0:0:1
2026-09-09 14:43:03.098  INFO [http-nio-8080-exec-2] [trace:e44e6893] c.d.E.security.RequestLoggingFilter      : [HTTP IN]  GET /leaves/requests?limit=100 from IP 0:0:0:0:0:0:0:1
2026-09-09 14:43:03.098  INFO [http-nio-8080-exec-7] [trace:c284ae0b] c.d.E.security.RequestLoggingFilter      : [HTTP IN]  GET /leaves/balances/me from IP 0:0:0:0:0:0:0:1
2026-09-09 14:43:03.099  INFO [http-nio-8080-exec-1] [trace:832db165] c.d.E.security.RequestLoggingFilter      : [HTTP IN]  GET /projects from IP 0:0:0:0:0:0:0:1
2026-09-09 14:43:03.105  WARN [http-nio-8080-exec-10] [trace:e8fbe086] c.d.E.config.CacheConfig                 : [CACHE WARNING] Redis cache get failed for key 'list_0_null' in cache 'departments': Unable to connect to Redis. Falling back to database query.
2026-09-09 14:43:03.105  INFO [http-nio-8080-exec-7] [trace:c284ae0b] c.d.E.security.RequestLoggingFilter      : [HTTP OUT] GET /leaves/balances/me -> 200 (7ms)
2026-09-09 14:43:03.109  INFO [http-nio-8080-exec-5] [trace:787a7a70] c.d.E.security.RequestLoggingFilter      : [HTTP IN]  GET /reviews? from IP 0:0:0:0:0:0:0:1
2026-09-09 14:43:03.109  INFO [http-nio-8080-exec-1] [trace:832db165] c.d.E.security.RequestLoggingFilter      : [HTTP OUT] GET /projects -> 200 (10ms)
2026-09-09 14:43:03.109  INFO [http-nio-8080-exec-9] [trace:bc0255ef] c.d.E.security.RequestLoggingFilter      : [HTTP OUT] GET /attendance/records?limit=100 -> 200 (11ms)
2026-09-09 14:43:03.109  INFO [http-nio-8080-exec-2] [trace:e44e6893] c.d.E.security.RequestLoggingFilter      : [HTTP OUT] GET /leaves/requests?limit=100 -> 200 (11ms)
2026-09-09 14:43:03.109  INFO [http-nio-8080-exec-2] [trace:392d6a0a] c.d.E.security.RequestLoggingFilter      : [HTTP IN]  GET /announcements from IP 0:0:0:0:0:0:0:1
2026-09-09 14:43:03.114  INFO [http-nio-8080-exec-4] [trace:1844312f] c.d.E.security.RequestLoggingFilter      : [HTTP IN]  GET /auth/pending-users from IP 0:0:0:0:0:0:0:1
2026-09-09 14:43:03.114  INFO [http-nio-8080-exec-3] [trace:18f8b3c5] c.d.E.security.RequestLoggingFilter      : [HTTP OUT] GET /employees/search?limit=100 -> 200 (17ms)
2026-09-09 14:43:03.114  INFO [http-nio-8080-exec-8] [trace:e5044c38] c.d.E.security.RequestLoggingFilter      : [HTTP IN]  GET /payroll/runs?limit=100 from IP 0:0:0:0:0:0:0:1
2026-09-09 14:43:03.114  WARN [http-nio-8080-exec-10] [trace:e8fbe086] c.d.E.config.CacheConfig                 : [CACHE WARNING] Redis cache put failed for key 'list_0_null' in cache 'departments': Unable to connect to Redis. Continuing execution.
2026-09-09 14:43:03.114  INFO [http-nio-8080-exec-10] [trace:e8fbe086] c.d.E.security.RequestLoggingFilter      : [HTTP OUT] GET /departments -> 200 (16ms)
2026-09-09 14:43:03.114  INFO [http-nio-8080-exec-2] [trace:392d6a0a] c.d.E.security.RequestLoggingFilter      : [HTTP OUT] GET /announcements -> 200 (5ms)
2026-09-09 14:43:03.121  INFO [http-nio-8080-exec-5] [trace:787a7a70] c.d.E.security.RequestLoggingFilter      : [HTTP OUT] GET /reviews? -> 200 (12ms)
2026-09-09 14:43:03.138  INFO [http-nio-8080-exec-8] [trace:e5044c38] c.d.E.security.RequestLoggingFilter      : [HTTP OUT] GET /payroll/runs?limit=100 -> 200 (24ms)
2026-09-09 14:43:03.163  INFO [http-nio-8080-exec-4] [trace:1844312f] c.d.E.security.RequestLoggingFilter      : [HTTP OUT] GET /auth/pending-users -> 200 (49ms)
2026-09-09 14:43:04.759  INFO [http-nio-8080-exec-7] [trace:eb5cd6ac] c.d.E.security.RequestLoggingFilter      : [HTTP IN]  GET /auth/me from IP 0:0:0:0:0:0:0:1
2026-09-09 14:43:04.762  INFO [http-nio-8080-exec-9] [trace:abcff7dd] c.d.E.security.RequestLoggingFilter      : [HTTP IN]  GET /leaves/requests? from IP 0:0:0:0:0:0:0:1
2026-09-09 14:43:04.762  INFO [http-nio-8080-exec-1] [trace:e055a31f] c.d.E.security.RequestLoggingFilter      : [HTTP IN]  GET /leaves/balances/me from IP 0:0:0:0:0:0:0:1
2026-09-09 14:43:04.762  INFO [http-nio-8080-exec-6] [trace:26d9b040] c.d.E.security.RequestLoggingFilter      : [HTTP IN]  GET /leaves/types from IP 0:0:0:0:0:0:0:1
2026-09-09 14:43:04.772  INFO [http-nio-8080-exec-7] [trace:eb5cd6ac] c.d.E.security.RequestLoggingFilter      : [HTTP OUT] GET /auth/me -> 200 (13ms)
2026-09-09 14:43:04.774  INFO [http-nio-8080-exec-3] [trace:42d83dc2] c.d.E.security.RequestLoggingFilter      : [HTTP IN]  GET /auth/me from IP 0:0:0:0:0:0:0:1
2026-09-09 14:43:04.778  WARN [http-nio-8080-exec-6] [trace:26d9b040] c.d.E.config.CacheConfig                 : [CACHE WARNING] Redis cache get failed for key 'all' in cache 'leave_types': Unable to connect to Redis. Falling back to database query.
2026-09-09 14:43:04.778  INFO [http-nio-8080-exec-1] [trace:e055a31f] c.d.E.security.RequestLoggingFilter      : [HTTP OUT] GET /leaves/balances/me -> 200 (16ms)
2026-09-09 14:43:04.778  INFO [http-nio-8080-exec-10] [trace:4bcd9b19] c.d.E.security.RequestLoggingFilter      : [HTTP IN]  GET /leaves/balances/me from IP 0:0:0:0:0:0:0:1
2026-09-09 14:43:04.778  WARN [http-nio-8080-exec-6] [trace:26d9b040] c.d.E.config.CacheConfig                 : [CACHE WARNING] Redis cache put failed for key 'all' in cache 'leave_types': Unable to connect to Redis. Continuing execution.
2026-09-09 14:43:04.789  INFO [http-nio-8080-exec-3] [trace:42d83dc2] c.d.E.security.RequestLoggingFilter      : [HTTP OUT] GET /auth/me -> 200 (15ms)
2026-09-09 14:43:04.790  INFO [http-nio-8080-exec-9] [trace:abcff7dd] c.d.E.security.RequestLoggingFilter      : [HTTP OUT] GET /leaves/requests? -> 200 (28ms)
2026-09-09 14:43:04.790  INFO [http-nio-8080-exec-6] [trace:26d9b040] c.d.E.security.RequestLoggingFilter      : [HTTP OUT] GET /leaves/types -> 200 (28ms)
2026-09-09 14:43:04.791  INFO [http-nio-8080-exec-2] [trace:61a0d0df] c.d.E.security.RequestLoggingFilter      : [HTTP IN]  GET /leaves/types from IP 0:0:0:0:0:0:0:1
2026-09-09 14:43:04.791  INFO [http-nio-8080-exec-5] [trace:c62972fd] c.d.E.security.RequestLoggingFilter      : [HTTP IN]  GET /leaves/requests? from IP 0:0:0:0:0:0:0:1
2026-09-09 14:43:04.807  WARN [http-nio-8080-exec-2] [trace:61a0d0df] c.d.E.config.CacheConfig                 : [CACHE WARNING] Redis cache get failed for key 'all' in cache 'leave_types': Unable to connect to Redis. Falling back to database query.
2026-09-09 14:43:04.807  INFO [http-nio-8080-exec-10] [trace:4bcd9b19] c.d.E.security.RequestLoggingFilter      : [HTTP OUT] GET /leaves/balances/me -> 200 (29ms)
2026-09-09 14:43:04.808  INFO [http-nio-8080-exec-8] [trace:0c61df58] c.d.E.security.RequestLoggingFilter      : [HTTP IN]  GET /leaves/balances/me from IP 0:0:0:0:0:0:0:1
2026-09-09 14:43:04.816  WARN [http-nio-8080-exec-2] [trace:61a0d0df] c.d.E.config.CacheConfig                 : [CACHE WARNING] Redis cache put failed for key 'all' in cache 'leave_types': Unable to connect to Redis. Continuing execution.
2026-09-09 14:43:04.817  INFO [http-nio-8080-exec-2] [trace:61a0d0df] c.d.E.security.RequestLoggingFilter      : [HTTP OUT] GET /leaves/types -> 200 (26ms)
2026-09-09 14:43:04.819  INFO [http-nio-8080-exec-4] [trace:200d3ff2] c.d.E.security.RequestLoggingFilter      : [HTTP IN]  GET /leaves/types from IP 0:0:0:0:0:0:0:1
2026-09-09 14:43:04.824  INFO [http-nio-8080-exec-5] [trace:c62972fd] c.d.E.security.RequestLoggingFilter      : [HTTP OUT] GET /leaves/requests? -> 200 (33ms)
2026-09-09 14:43:04.827  INFO [http-nio-8080-exec-7] [trace:010313dd] c.d.E.security.RequestLoggingFilter      : [HTTP IN]  GET /leaves/requests? from IP 0:0:0:0:0:0:0:1
2026-09-09 14:43:04.828  INFO [http-nio-8080-exec-8] [trace:0c61df58] c.d.E.security.RequestLoggingFilter      : [HTTP OUT] GET /leaves/balances/me -> 200 (20ms)
2026-09-09 14:43:04.835  WARN [http-nio-8080-exec-4] [trace:200d3ff2] c.d.E.config.CacheConfig                 : [CACHE WARNING] Redis cache get failed for key 'all' in cache 'leave_types': Unable to connect to Redis. Falling back to database query.
2026-09-09 14:43:04.841  WARN [http-nio-8080-exec-4] [trace:200d3ff2] c.d.E.config.CacheConfig                 : [CACHE WARNING] Redis cache put failed for key 'all' in cache 'leave_types': Unable to connect to Redis. Continuing execution.
2026-09-09 14:43:04.843  INFO [http-nio-8080-exec-4] [trace:200d3ff2] c.d.E.security.RequestLoggingFilter      : [HTTP OUT] GET /leaves/types -> 200 (24ms)
2026-09-09 14:43:04.877  INFO [http-nio-8080-exec-7] [trace:010313dd] c.d.E.security.RequestLoggingFilter      : [HTTP OUT] GET /leaves/requests? -> 200 (51ms)
2026-09-09 14:43:06.908  INFO [http-nio-8080-exec-1] [trace:99e1a37c] c.d.E.security.RequestLoggingFilter      : [HTTP IN]  GET /auth/pending-users from IP 0:0:0:0:0:0:0:1
2026-09-09 14:43:06.912  INFO [http-nio-8080-exec-3] [trace:f97addbf] c.d.E.security.RequestLoggingFilter      : [HTTP IN]  GET /health from IP 0:0:0:0:0:0:0:1
2026-09-09 14:43:06.914  INFO [http-nio-8080-exec-3] [trace:f97addbf] c.d.E.security.RequestLoggingFilter      : [HTTP OUT] GET /health -> 200 (2ms)
2026-09-09 14:43:07.014  INFO [http-nio-8080-exec-1] [trace:99e1a37c] c.d.E.security.RequestLoggingFilter      : [HTTP OUT] GET /auth/pending-users -> 200 (106ms)
2026-09-09 14:43:09.407  INFO [http-nio-8080-exec-6] [trace:c99b88fb] c.d.E.security.RequestLoggingFilter      : [HTTP IN]  GET /auth/me from IP 0:0:0:0:0:0:0:1
2026-09-09 14:43:09.410  INFO [http-nio-8080-exec-9] [trace:4c7bf227] c.d.E.security.RequestLoggingFilter      : [HTTP IN]  GET /departments from IP 0:0:0:0:0:0:0:1
2026-09-09 14:43:09.410  INFO [http-nio-8080-exec-10] [trace:29b259f4] c.d.E.security.RequestLoggingFilter      : [HTTP IN]  GET /designations from IP 0:0:0:0:0:0:0:1
2026-09-09 14:43:09.410  INFO [http-nio-8080-exec-2] [trace:16942816] c.d.E.security.RequestLoggingFilter      : [HTTP IN]  GET /employees/search?limit=100 from IP 0:0:0:0:0:0:0:1
2026-09-09 14:43:09.411  INFO [http-nio-8080-exec-5] [trace:59e8c01c] c.d.E.security.RequestLoggingFilter      : [HTTP IN]  GET /auth/roles from IP 0:0:0:0:0:0:0:1
2026-09-09 14:43:09.411  INFO [http-nio-8080-exec-8] [trace:dc0dcdc3] c.d.E.security.RequestLoggingFilter      : [HTTP IN]  GET /auth/permissions from IP 0:0:0:0:0:0:0:1
2026-09-09 14:43:09.437  INFO [http-nio-8080-exec-6] [trace:c99b88fb] c.d.E.security.RequestLoggingFilter      : [HTTP OUT] GET /auth/me -> 200 (30ms)
2026-09-09 14:43:09.437  INFO [http-nio-8080-exec-8] [trace:dc0dcdc3] c.d.E.security.RequestLoggingFilter      : [HTTP OUT] GET /auth/permissions -> 200 (26ms)
2026-09-09 14:43:09.439  WARN [http-nio-8080-exec-10] [trace:29b259f4] c.d.E.config.CacheConfig                 : [CACHE WARNING] Redis cache get failed for key 'list_0_null' in cache 'designations': Unable to connect to Redis. Falling back to database query.
2026-09-09 14:43:09.442  INFO [http-nio-8080-exec-4] [trace:f5dd5e63] c.d.E.security.RequestLoggingFilter      : [HTTP IN]  GET /auth/users from IP 0:0:0:0:0:0:0:1
2026-09-09 14:43:09.443  INFO [http-nio-8080-exec-7] [trace:cd388a8a] c.d.E.security.RequestLoggingFilter      : [HTTP IN]  GET /auth/pending-users from IP 0:0:0:0:0:0:0:1
2026-09-09 14:43:09.443  INFO [http-nio-8080-exec-2] [trace:16942816] c.d.E.security.RequestLoggingFilter      : [HTTP OUT] GET /employees/search?limit=100 -> 200 (33ms)
2026-09-09 14:43:09.446  WARN [http-nio-8080-exec-9] [trace:4c7bf227] c.d.E.config.CacheConfig                 : [CACHE WARNING] Redis cache get failed for key 'list_0_null' in cache 'departments': Unable to connect to Redis. Falling back to database query.
2026-09-09 14:43:09.446  INFO [http-nio-8080-exec-3] [trace:44cb49cf] c.d.E.security.RequestLoggingFilter      : [HTTP IN]  GET /auth/me from IP 0:0:0:0:0:0:0:1
2026-09-09 14:43:09.453  WARN [http-nio-8080-exec-10] [trace:29b259f4] c.d.E.config.CacheConfig                 : [CACHE WARNING] Redis cache put failed for key 'list_0_null' in cache 'designations': Unable to connect to Redis. Continuing execution.
2026-09-09 14:43:09.453  INFO [http-nio-8080-exec-10] [trace:29b259f4] c.d.E.security.RequestLoggingFilter      : [HTTP OUT] GET /designations -> 200 (43ms)
2026-09-09 14:43:09.455  INFO [http-nio-8080-exec-5] [trace:59e8c01c] c.d.E.security.RequestLoggingFilter      : [HTTP OUT] GET /auth/roles -> 200 (44ms)
2026-09-09 14:43:09.458  INFO [http-nio-8080-exec-1] [trace:36ffc2c6] c.d.E.security.RequestLoggingFilter      : [HTTP IN]  GET /employees/search?limit=100 from IP 0:0:0:0:0:0:0:1
2026-09-09 14:43:09.458  INFO [http-nio-8080-exec-6] [trace:9db84d63] c.d.E.security.RequestLoggingFilter      : [HTTP IN]  GET /designations from IP 0:0:0:0:0:0:0:1
2026-09-09 14:43:09.458  INFO [http-nio-8080-exec-3] [trace:44cb49cf] c.d.E.security.RequestLoggingFilter      : [HTTP OUT] GET /auth/me -> 200 (12ms)
2026-09-09 14:43:09.458  WARN [http-nio-8080-exec-9] [trace:4c7bf227] c.d.E.config.CacheConfig                 : [CACHE WARNING] Redis cache put failed for key 'list_0_null' in cache 'departments': Unable to connect to Redis. Continuing execution.
2026-09-09 14:43:09.463  INFO [http-nio-8080-exec-8] [trace:cc09913f] c.d.E.security.RequestLoggingFilter      : [HTTP IN]  GET /auth/roles from IP 0:0:0:0:0:0:0:1
2026-09-09 14:43:09.463  INFO [http-nio-8080-exec-9] [trace:4c7bf227] c.d.E.security.RequestLoggingFilter      : [HTTP OUT] GET /departments -> 200 (53ms)
2026-09-09 14:43:09.465  INFO [http-nio-8080-exec-2] [trace:8ff35490] c.d.E.security.RequestLoggingFilter      : [HTTP IN]  GET /departments from IP 0:0:0:0:0:0:0:1
2026-09-09 14:43:09.470  WARN [http-nio-8080-exec-6] [trace:9db84d63] c.d.E.config.CacheConfig                 : [CACHE WARNING] Redis cache get failed for key 'list_0_null' in cache 'designations': Unable to connect to Redis. Falling back to database query.
2026-09-09 14:43:09.472  INFO [http-nio-8080-exec-1] [trace:36ffc2c6] c.d.E.security.RequestLoggingFilter      : [HTTP OUT] GET /employees/search?limit=100 -> 200 (14ms)
2026-09-09 14:43:09.474  WARN [http-nio-8080-exec-6] [trace:9db84d63] c.d.E.config.CacheConfig                 : [CACHE WARNING] Redis cache put failed for key 'list_0_null' in cache 'designations': Unable to connect to Redis. Continuing execution.
2026-09-09 14:43:09.475  INFO [http-nio-8080-exec-6] [trace:9db84d63] c.d.E.security.RequestLoggingFilter      : [HTTP OUT] GET /designations -> 200 (17ms)
2026-09-09 14:43:09.479  INFO [http-nio-8080-exec-8] [trace:cc09913f] c.d.E.security.RequestLoggingFilter      : [HTTP OUT] GET /auth/roles -> 200 (16ms)
2026-09-09 14:43:09.480  WARN [http-nio-8080-exec-2] [trace:8ff35490] c.d.E.config.CacheConfig                 : [CACHE WARNING] Redis cache get failed for key 'list_0_null' in cache 'departments': Unable to connect to Redis. Falling back to database query.
2026-09-09 14:43:09.480  INFO [http-nio-8080-exec-10] [trace:af222682] c.d.E.security.RequestLoggingFilter      : [HTTP IN]  GET /auth/roles from IP 0:0:0:0:0:0:0:1
2026-09-09 14:43:09.494  WARN [http-nio-8080-exec-2] [trace:8ff35490] c.d.E.config.CacheConfig                 : [CACHE WARNING] Redis cache put failed for key 'list_0_null' in cache 'departments': Unable to connect to Redis. Continuing execution.
2026-09-09 14:43:09.494  INFO [http-nio-8080-exec-2] [trace:8ff35490] c.d.E.security.RequestLoggingFilter      : [HTTP OUT] GET /departments -> 200 (29ms)
2026-09-09 14:43:09.494  INFO [http-nio-8080-exec-10] [trace:af222682] c.d.E.security.RequestLoggingFilter      : [HTTP OUT] GET /auth/roles -> 200 (14ms)
2026-09-09 14:43:09.509  INFO [http-nio-8080-exec-7] [trace:cd388a8a] c.d.E.security.RequestLoggingFilter      : [HTTP OUT] GET /auth/pending-users -> 200 (66ms)
2026-09-09 14:43:09.574  INFO [http-nio-8080-exec-4] [trace:f5dd5e63] c.d.E.security.RequestLoggingFilter      : [HTTP OUT] GET /auth/users -> 200 (132ms)
2026-09-09 14:43:11.688  INFO [http-nio-8080-exec-5] [trace:d2d68616] c.d.E.security.RequestLoggingFilter      : [HTTP IN]  GET /auth/me from IP 0:0:0:0:0:0:0:1
2026-09-09 14:43:11.698  INFO [http-nio-8080-exec-3] [trace:623bd02d] c.d.E.security.RequestLoggingFilter      : [HTTP IN]  GET /audit-logs from IP 0:0:0:0:0:0:0:1
2026-09-09 14:43:11.701  INFO [http-nio-8080-exec-5] [trace:d2d68616] c.d.E.security.RequestLoggingFilter      : [HTTP OUT] GET /auth/me -> 200 (13ms)
2026-09-09 14:43:11.701  INFO [http-nio-8080-exec-9] [trace:f48fdd04] c.d.E.security.RequestLoggingFilter      : [HTTP IN]  GET /auth/me from IP 0:0:0:0:0:0:0:1
2026-09-09 14:43:11.710  INFO [http-nio-8080-exec-9] [trace:f48fdd04] c.d.E.security.RequestLoggingFilter      : [HTTP OUT] GET /auth/me -> 200 (9ms)
2026-09-09 14:43:11.718  INFO [http-nio-8080-exec-3] [trace:623bd02d] c.d.E.security.RequestLoggingFilter      : [HTTP OUT] GET /audit-logs -> 200 (20ms)
2026-09-09 14:43:15.526  INFO [http-nio-8080-exec-1] [trace:7b5dc01d] c.d.E.security.RequestLoggingFilter      : [HTTP IN]  GET /auth/me from IP 0:0:0:0:0:0:0:1
2026-09-09 14:43:15.527  INFO [http-nio-8080-exec-6] [trace:f979c17e] c.d.E.security.RequestLoggingFilter      : [HTTP IN]  OPTIONS /employees/me from IP 0:0:0:0:0:0:0:1
2026-09-09 14:43:15.527  INFO [http-nio-8080-exec-8] [trace:4ebdf2ac] c.d.E.security.RequestLoggingFilter      : [HTTP IN]  OPTIONS /employees/me from IP 0:0:0:0:0:0:0:1
2026-09-09 14:43:15.528  INFO [http-nio-8080-exec-8] [trace:4ebdf2ac] c.d.E.security.RequestLoggingFilter      : [HTTP OUT] OPTIONS /employees/me -> 200 (1ms)
2026-09-09 14:43:15.528  INFO [http-nio-8080-exec-6] [trace:f979c17e] c.d.E.security.RequestLoggingFilter      : [HTTP OUT] OPTIONS /employees/me -> 200 (1ms)
2026-09-09 14:43:15.531  INFO [http-nio-8080-exec-2] [trace:965a235d] c.d.E.security.RequestLoggingFilter      : [HTTP IN]  GET /employees/me from IP 0:0:0:0:0:0:0:1
2026-09-09 14:43:15.535  INFO [http-nio-8080-exec-1] [trace:7b5dc01d] c.d.E.security.RequestLoggingFilter      : [HTTP OUT] GET /auth/me -> 200 (9ms)
2026-09-09 14:43:15.536  INFO [http-nio-8080-exec-10] [trace:1cd9512b] c.d.E.security.RequestLoggingFilter      : [HTTP IN]  GET /auth/me from IP 0:0:0:0:0:0:0:1
2026-09-09 14:43:15.881  INFO [http-nio-8080-exec-10] [trace:1cd9512b] c.d.E.security.RequestLoggingFilter      : [HTTP OUT] GET /auth/me -> 200 (345ms)
2026-09-09 14:43:16.086  INFO [http-nio-8080-exec-2] [trace:965a235d] c.d.E.security.RequestLoggingFilter      : [HTTP OUT] GET /employees/me -> 200 (555ms)
2026-09-09 14:43:16.093  INFO [http-nio-8080-exec-7] [trace:b5983ebe] c.d.E.security.RequestLoggingFilter      : [HTTP IN]  GET /employees/me from IP 0:0:0:0:0:0:0:1
2026-09-09 14:43:16.105  INFO [http-nio-8080-exec-4] [trace:4ee7d3c3] c.d.E.security.RequestLoggingFilter      : [HTTP IN]  OPTIONS /salaries/fb519c20-26fe-4517-b785-7845aa4b8022 from IP 0:0:0:0:0:0:0:1
2026-09-09 14:43:16.108  INFO [http-nio-8080-exec-4] [trace:4ee7d3c3] c.d.E.security.RequestLoggingFilter      : [HTTP OUT] OPTIONS /salaries/fb519c20-26fe-4517-b785-7845aa4b8022 -> 200 (3ms)
2026-09-09 14:43:16.118  INFO [http-nio-8080-exec-5] [trace:a109573f] c.d.E.security.RequestLoggingFilter      : [HTTP IN]  GET /salaries/fb519c20-26fe-4517-b785-7845aa4b8022 from IP 0:0:0:0:0:0:0:1
2026-09-09 14:43:16.199  INFO [http-nio-8080-exec-7] [trace:b5983ebe] c.d.E.security.RequestLoggingFilter      : [HTTP OUT] GET /employees/me -> 200 (106ms)
2026-09-09 14:43:16.199  INFO [http-nio-8080-exec-9] [trace:b960f0f2] c.d.E.security.RequestLoggingFilter      : [HTTP IN]  GET /employees/me from IP 0:0:0:0:0:0:0:1
2026-09-09 14:43:16.214  INFO [http-nio-8080-exec-5] [trace:a109573f] c.d.E.security.RequestLoggingFilter      : [HTTP OUT] GET /salaries/fb519c20-26fe-4517-b785-7845aa4b8022 -> 200 (96ms)
2026-09-09 14:43:16.214  INFO [http-nio-8080-exec-3] [trace:8f87335f] c.d.E.security.RequestLoggingFilter      : [HTTP IN]  GET /salaries/fb519c20-26fe-4517-b785-7845aa4b8022 from IP 0:0:0:0:0:0:0:1
2026-09-09 14:43:16.214  INFO [http-nio-8080-exec-6] [trace:6fc5ced5] c.d.E.security.RequestLoggingFilter      : [HTTP IN]  OPTIONS /bank-details/fb519c20-26fe-4517-b785-7845aa4b8022 from IP 0:0:0:0:0:0:0:1
2026-09-09 14:43:16.214  INFO [http-nio-8080-exec-6] [trace:6fc5ced5] c.d.E.security.RequestLoggingFilter      : [HTTP OUT] OPTIONS /bank-details/fb519c20-26fe-4517-b785-7845aa4b8022 -> 200 (0ms)
2026-09-09 14:43:16.214  INFO [http-nio-8080-exec-8] [trace:07fa9e81] c.d.E.security.RequestLoggingFilter      : [HTTP IN]  GET /bank-details/fb519c20-26fe-4517-b785-7845aa4b8022 from IP 0:0:0:0:0:0:0:1
2026-09-09 14:43:16.230  INFO [http-nio-8080-exec-3] [trace:8f87335f] c.d.E.security.RequestLoggingFilter      : [HTTP OUT] GET /salaries/fb519c20-26fe-4517-b785-7845aa4b8022 -> 200 (16ms)
2026-09-09 14:43:16.246  INFO [http-nio-8080-exec-9] [trace:b960f0f2] c.d.E.security.RequestLoggingFilter      : [HTTP OUT] GET /employees/me -> 200 (47ms)
2026-09-09 14:43:16.246  INFO [http-nio-8080-exec-1] [trace:47c987fc] c.d.E.security.RequestLoggingFilter      : [HTTP IN]  GET /employees/me from IP 0:0:0:0:0:0:0:1
2026-09-09 14:43:16.250  INFO [http-nio-8080-exec-10] [trace:21e98b4f] c.d.E.security.RequestLoggingFilter      : [HTTP IN]  GET /salaries/fb519c20-26fe-4517-b785-7845aa4b8022 from IP 0:0:0:0:0:0:0:1
2026-09-09 14:43:16.251  INFO [http-nio-8080-exec-8] [trace:07fa9e81] c.d.E.security.RequestLoggingFilter      : [HTTP OUT] GET /bank-details/fb519c20-26fe-4517-b785-7845aa4b8022 -> 200 (37ms)
2026-09-09 14:43:16.251  INFO [http-nio-8080-exec-2] [trace:e18e8bab] c.d.E.security.RequestLoggingFilter      : [HTTP IN]  GET /bank-details/fb519c20-26fe-4517-b785-7845aa4b8022 from IP 0:0:0:0:0:0:0:1
2026-09-09 14:43:16.255  INFO [http-nio-8080-exec-4] [trace:029d4434] c.d.E.security.RequestLoggingFilter      : [HTTP IN]  OPTIONS /documents/employee/fb519c20-26fe-4517-b785-7845aa4b8022 from IP 0:0:0:0:0:0:0:1
2026-09-09 14:43:16.255  INFO [http-nio-8080-exec-4] [trace:029d4434] c.d.E.security.RequestLoggingFilter      : [HTTP OUT] OPTIONS /documents/employee/fb519c20-26fe-4517-b785-7845aa4b8022 -> 200 (0ms)
2026-09-09 14:43:16.262  INFO [http-nio-8080-exec-7] [trace:9884093c] c.d.E.security.RequestLoggingFilter      : [HTTP IN]  GET /documents/employee/fb519c20-26fe-4517-b785-7845aa4b8022 from IP 0:0:0:0:0:0:0:1
2026-09-09 14:43:16.262  INFO [http-nio-8080-exec-10] [trace:21e98b4f] c.d.E.security.RequestLoggingFilter      : [HTTP OUT] GET /salaries/fb519c20-26fe-4517-b785-7845aa4b8022 -> 200 (12ms)
2026-09-09 14:43:16.267  INFO [http-nio-8080-exec-2] [trace:e18e8bab] c.d.E.security.RequestLoggingFilter      : [HTTP OUT] GET /bank-details/fb519c20-26fe-4517-b785-7845aa4b8022 -> 200 (16ms)
2026-09-09 14:43:16.267  INFO [http-nio-8080-exec-5] [trace:7445566a] c.d.E.security.RequestLoggingFilter      : [HTTP IN]  GET /bank-details/fb519c20-26fe-4517-b785-7845aa4b8022 from IP 0:0:0:0:0:0:0:1
2026-09-09 14:43:16.267  INFO [http-nio-8080-exec-1] [trace:47c987fc] c.d.E.security.RequestLoggingFilter      : [HTTP OUT] GET /employees/me -> 200 (21ms)
2026-09-09 14:43:16.267  INFO [http-nio-8080-exec-6] [trace:60fc992d] c.d.E.security.RequestLoggingFilter      : [HTTP IN]  GET /employees/me from IP 0:0:0:0:0:0:0:1
2026-09-09 14:43:16.272  INFO [http-nio-8080-exec-3] [trace:f8288505] c.d.E.security.RequestLoggingFilter      : [HTTP IN]  GET /salaries/fb519c20-26fe-4517-b785-7845aa4b8022 from IP 0:0:0:0:0:0:0:1
2026-09-09 14:43:16.278  INFO [http-nio-8080-exec-5] [trace:7445566a] c.d.E.security.RequestLoggingFilter      : [HTTP OUT] GET /bank-details/fb519c20-26fe-4517-b785-7845aa4b8022 -> 200 (11ms)
2026-09-09 14:43:16.278  INFO [http-nio-8080-exec-3] [trace:f8288505] c.d.E.security.RequestLoggingFilter      : [HTTP OUT] GET /salaries/fb519c20-26fe-4517-b785-7845aa4b8022 -> 200 (6ms)
2026-09-09 14:43:16.291  INFO [http-nio-8080-exec-9] [trace:bebdac88] c.d.E.security.RequestLoggingFilter      : [HTTP IN]  GET /bank-details/fb519c20-26fe-4517-b785-7845aa4b8022 from IP 0:0:0:0:0:0:0:1
2026-09-09 14:43:16.293  INFO [http-nio-8080-exec-7] [trace:9884093c] c.d.E.security.RequestLoggingFilter      : [HTTP OUT] GET /documents/employee/fb519c20-26fe-4517-b785-7845aa4b8022 -> 200 (31ms)
2026-09-09 14:43:16.293  INFO [http-nio-8080-exec-8] [trace:ae365d29] c.d.E.security.RequestLoggingFilter      : [HTTP IN]  GET /documents/employee/fb519c20-26fe-4517-b785-7845aa4b8022 from IP 0:0:0:0:0:0:0:1
2026-09-09 14:43:16.301  INFO [http-nio-8080-exec-9] [trace:bebdac88] c.d.E.security.RequestLoggingFilter      : [HTTP OUT] GET /bank-details/fb519c20-26fe-4517-b785-7845aa4b8022 -> 200 (10ms)
2026-09-09 14:43:16.315  INFO [http-nio-8080-exec-6] [trace:60fc992d] c.d.E.security.RequestLoggingFilter      : [HTTP OUT] GET /employees/me -> 200 (48ms)
2026-09-09 14:43:16.319  INFO [http-nio-8080-exec-8] [trace:ae365d29] c.d.E.security.RequestLoggingFilter      : [HTTP OUT] GET /documents/employee/fb519c20-26fe-4517-b785-7845aa4b8022 -> 200 (26ms)
2026-09-09 14:43:16.320  INFO [http-nio-8080-exec-4] [trace:27b240c6] c.d.E.security.RequestLoggingFilter      : [HTTP IN]  GET /salaries/fb519c20-26fe-4517-b785-7845aa4b8022 from IP 0:0:0:0:0:0:0:1
2026-09-09 14:43:16.320  INFO [http-nio-8080-exec-10] [trace:3b02a08f] c.d.E.security.RequestLoggingFilter      : [HTTP IN]  GET /documents/employee/fb519c20-26fe-4517-b785-7845aa4b8022 from IP 0:0:0:0:0:0:0:1
2026-09-09 14:43:16.334  INFO [http-nio-8080-exec-4] [trace:27b240c6] c.d.E.security.RequestLoggingFilter      : [HTTP OUT] GET /salaries/fb519c20-26fe-4517-b785-7845aa4b8022 -> 200 (14ms)
2026-09-09 14:43:16.336  INFO [http-nio-8080-exec-10] [trace:3b02a08f] c.d.E.security.RequestLoggingFilter      : [HTTP OUT] GET /documents/employee/fb519c20-26fe-4517-b785-7845aa4b8022 -> 200 (16ms)
2026-09-09 14:43:16.336  INFO [http-nio-8080-exec-2] [trace:49ef8f65] c.d.E.security.RequestLoggingFilter      : [HTTP IN]  GET /documents/employee/fb519c20-26fe-4517-b785-7845aa4b8022 from IP 0:0:0:0:0:0:0:1
2026-09-09 14:43:16.339  INFO [http-nio-8080-exec-1] [trace:a5842f36] c.d.E.security.RequestLoggingFilter      : [HTTP IN]  GET /bank-details/fb519c20-26fe-4517-b785-7845aa4b8022 from IP 0:0:0:0:0:0:0:1
2026-09-09 14:43:16.343  INFO [http-nio-8080-exec-2] [trace:49ef8f65] c.d.E.security.RequestLoggingFilter      : [HTTP OUT] GET /documents/employee/fb519c20-26fe-4517-b785-7845aa4b8022 -> 200 (7ms)
2026-09-09 14:43:16.350  INFO [http-nio-8080-exec-1] [trace:a5842f36] c.d.E.security.RequestLoggingFilter      : [HTTP OUT] GET /bank-details/fb519c20-26fe-4517-b785-7845aa4b8022 -> 200 (11ms)
2026-09-09 14:43:16.355  INFO [http-nio-8080-exec-5] [trace:9785ab21] c.d.E.security.RequestLoggingFilter      : [HTTP IN]  GET /documents/employee/fb519c20-26fe-4517-b785-7845aa4b8022 from IP 0:0:0:0:0:0:0:1
2026-09-09 14:43:16.363  INFO [http-nio-8080-exec-5] [trace:9785ab21] c.d.E.security.RequestLoggingFilter      : [HTTP OUT] GET /documents/employee/fb519c20-26fe-4517-b785-7845aa4b8022 -> 200 (8ms)
2026-09-09 14:43:21.908  INFO [http-nio-8080-exec-3] [trace:21d6de29] c.d.E.security.RequestLoggingFilter      : [HTTP IN]  GET /health from IP 0:0:0:0:0:0:0:1
2026-09-09 14:43:21.910  INFO [http-nio-8080-exec-3] [trace:21d6de29] c.d.E.security.RequestLoggingFilter      : [HTTP OUT] GET /health -> 200 (2ms)
2026-09-09 14:43:29.989  INFO [http-nio-8080-exec-7] [trace:6a8ab952] c.d.E.security.RequestLoggingFilter      : [HTTP IN]  GET /auth/me from IP 0:0:0:0:0:0:0:1
2026-09-09 14:43:29.991  INFO [http-nio-8080-exec-9] [trace:cbec0e82] c.d.E.security.RequestLoggingFilter      : [HTTP IN]  GET /employees/search?limit=100 from IP 0:0:0:0:0:0:0:1
2026-09-09 14:43:29.993  INFO [http-nio-8080-exec-6] [trace:f0ca1f42] c.d.E.security.RequestLoggingFilter      : [HTTP IN]  GET /departments from IP 0:0:0:0:0:0:0:1
2026-09-09 14:43:29.993  INFO [http-nio-8080-exec-4] [trace:3f1ecb64] c.d.E.security.RequestLoggingFilter      : [HTTP IN]  GET /leaves/requests?limit=100 from IP 0:0:0:0:0:0:0:1
2026-09-09 14:43:29.993  INFO [http-nio-8080-exec-8] [trace:53c63a7c] c.d.E.security.RequestLoggingFilter      : [HTTP IN]  GET /leaves/balances/me from IP 0:0:0:0:0:0:0:1
2026-09-09 14:43:29.993  INFO [http-nio-8080-exec-10] [trace:470318ec] c.d.E.security.RequestLoggingFilter      : [HTTP IN]  GET /attendance/records?limit=100 from IP 0:0:0:0:0:0:0:1
2026-09-09 14:43:30.001  INFO [http-nio-8080-exec-7] [trace:6a8ab952] c.d.E.security.RequestLoggingFilter      : [HTTP OUT] GET /auth/me -> 200 (12ms)
2026-09-09 14:43:30.001  WARN [http-nio-8080-exec-6] [trace:f0ca1f42] c.d.E.config.CacheConfig                 : [CACHE WARNING] Redis cache get failed for key 'list_0_null' in cache 'departments': Unable to connect to Redis. Falling back to database query.
2026-09-09 14:43:30.001  INFO [http-nio-8080-exec-8] [trace:53c63a7c] c.d.E.security.RequestLoggingFilter      : [HTTP OUT] GET /leaves/balances/me -> 200 (8ms)
2026-09-09 14:43:30.001  INFO [http-nio-8080-exec-9] [trace:cbec0e82] c.d.E.security.RequestLoggingFilter      : [HTTP OUT] GET /employees/search?limit=100 -> 200 (10ms)
2026-09-09 14:43:30.009  INFO [http-nio-8080-exec-2] [trace:c86f0aed] c.d.E.security.RequestLoggingFilter      : [HTTP IN]  GET /projects from IP 0:0:0:0:0:0:0:1
2026-09-09 14:43:30.014  INFO [http-nio-8080-exec-1] [trace:8b6c1592] c.d.E.security.RequestLoggingFilter      : [HTTP IN]  GET /reviews? from IP 0:0:0:0:0:0:0:1
2026-09-09 14:43:30.014  INFO [http-nio-8080-exec-10] [trace:470318ec] c.d.E.security.RequestLoggingFilter      : [HTTP OUT] GET /attendance/records?limit=100 -> 200 (21ms)
2026-09-09 14:43:30.014  INFO [http-nio-8080-exec-4] [trace:3f1ecb64] c.d.E.security.RequestLoggingFilter      : [HTTP OUT] GET /leaves/requests?limit=100 -> 200 (21ms)
2026-09-09 14:43:30.014  INFO [http-nio-8080-exec-5] [trace:b87768ec] c.d.E.security.RequestLoggingFilter      : [HTTP IN]  GET /announcements from IP 0:0:0:0:0:0:0:1
2026-09-09 14:43:30.021  INFO [http-nio-8080-exec-3] [trace:9fe46acd] c.d.E.security.RequestLoggingFilter      : [HTTP IN]  GET /auth/pending-users from IP 0:0:0:0:0:0:0:1
2026-09-09 14:43:30.023  INFO [http-nio-8080-exec-7] [trace:01f1a909] c.d.E.security.RequestLoggingFilter      : [HTTP IN]  GET /payroll/runs?limit=100 from IP 0:0:0:0:0:0:0:1
2026-09-09 14:43:30.029  WARN [http-nio-8080-exec-6] [trace:f0ca1f42] c.d.E.config.CacheConfig                 : [CACHE WARNING] Redis cache put failed for key 'list_0_null' in cache 'departments': Unable to connect to Redis. Continuing execution.
2026-09-09 14:43:30.031  INFO [http-nio-8080-exec-6] [trace:f0ca1f42] c.d.E.security.RequestLoggingFilter      : [HTTP OUT] GET /departments -> 200 (38ms)
2026-09-09 14:43:30.031  INFO [http-nio-8080-exec-5] [trace:b87768ec] c.d.E.security.RequestLoggingFilter      : [HTTP OUT] GET /announcements -> 200 (17ms)
2026-09-09 14:43:30.036  INFO [http-nio-8080-exec-1] [trace:8b6c1592] c.d.E.security.RequestLoggingFilter      : [HTTP OUT] GET /reviews? -> 200 (22ms)
2026-09-09 14:43:30.036  INFO [http-nio-8080-exec-2] [trace:c86f0aed] c.d.E.security.RequestLoggingFilter      : [HTTP OUT] GET /projects -> 200 (27ms)
2026-09-09 14:43:30.038  INFO [http-nio-8080-exec-8] [trace:89e7c34d] c.d.E.security.RequestLoggingFilter      : [HTTP IN]  GET /auth/me from IP 0:0:0:0:0:0:0:1
2026-09-09 14:43:30.039  INFO [http-nio-8080-exec-9] [trace:b6220737] c.d.E.security.RequestLoggingFilter      : [HTTP IN]  GET /leaves/balances/me from IP 0:0:0:0:0:0:0:1
2026-09-09 14:43:30.041  INFO [http-nio-8080-exec-10] [trace:0ca67732] c.d.E.security.RequestLoggingFilter      : [HTTP IN]  GET /employees/search?limit=100 from IP 0:0:0:0:0:0:0:1
2026-09-09 14:43:30.041  INFO [http-nio-8080-exec-4] [trace:5f9d4106] c.d.E.security.RequestLoggingFilter      : [HTTP IN]  GET /attendance/records?limit=100 from IP 0:0:0:0:0:0:0:1
2026-09-09 14:43:30.047  INFO [http-nio-8080-exec-8] [trace:89e7c34d] c.d.E.security.RequestLoggingFilter      : [HTTP OUT] GET /auth/me -> 200 (9ms)
2026-09-09 14:43:30.054  INFO [http-nio-8080-exec-9] [trace:b6220737] c.d.E.security.RequestLoggingFilter      : [HTTP OUT] GET /leaves/balances/me -> 200 (15ms)
2026-09-09 14:43:30.056  INFO [http-nio-8080-exec-5] [trace:cebb29fb] c.d.E.security.RequestLoggingFilter      : [HTTP IN]  GET /leaves/requests?limit=100 from IP 0:0:0:0:0:0:0:1
2026-09-09 14:43:30.057  INFO [http-nio-8080-exec-10] [trace:0ca67732] c.d.E.security.RequestLoggingFilter      : [HTTP OUT] GET /employees/search?limit=100 -> 200 (16ms)
2026-09-09 14:43:30.058  INFO [http-nio-8080-exec-6] [trace:e485bbc8] c.d.E.security.RequestLoggingFilter      : [HTTP IN]  GET /announcements from IP 0:0:0:0:0:0:0:1
2026-09-09 14:43:30.060  INFO [http-nio-8080-exec-4] [trace:5f9d4106] c.d.E.security.RequestLoggingFilter      : [HTTP OUT] GET /attendance/records?limit=100 -> 200 (19ms)
2026-09-09 14:43:30.061  INFO [http-nio-8080-exec-1] [trace:a1ef27e0] c.d.E.security.RequestLoggingFilter      : [HTTP IN]  GET /departments from IP 0:0:0:0:0:0:0:1
2026-09-09 14:43:30.063  INFO [http-nio-8080-exec-2] [trace:ec15d382] c.d.E.security.RequestLoggingFilter      : [HTTP IN]  GET /reviews? from IP 0:0:0:0:0:0:0:1
2026-09-09 14:43:30.070  INFO [http-nio-8080-exec-6] [trace:e485bbc8] c.d.E.security.RequestLoggingFilter      : [HTTP OUT] GET /announcements -> 200 (12ms)
2026-09-09 14:43:30.071  INFO [http-nio-8080-exec-7] [trace:01f1a909] c.d.E.security.RequestLoggingFilter      : [HTTP OUT] GET /payroll/runs?limit=100 -> 200 (48ms)
2026-09-09 14:43:30.073  INFO [http-nio-8080-exec-8] [trace:1e685e1b] c.d.E.security.RequestLoggingFilter      : [HTTP IN]  GET /projects from IP 0:0:0:0:0:0:0:1
2026-09-09 14:43:30.074  INFO [http-nio-8080-exec-9] [trace:dd4772b0] c.d.E.security.RequestLoggingFilter      : [HTTP IN]  GET /leaves/balances/me from IP 0:0:0:0:0:0:0:1
2026-09-09 14:43:30.074  WARN [http-nio-8080-exec-1] [trace:a1ef27e0] c.d.E.config.CacheConfig                 : [CACHE WARNING] Redis cache get failed for key 'list_0_null' in cache 'departments': Unable to connect to Redis. Falling back to database query.
2026-09-09 14:43:30.078  INFO [http-nio-8080-exec-5] [trace:cebb29fb] c.d.E.security.RequestLoggingFilter      : [HTTP OUT] GET /leaves/requests?limit=100 -> 200 (22ms)
2026-09-09 14:43:30.079  INFO [http-nio-8080-exec-2] [trace:ec15d382] c.d.E.security.RequestLoggingFilter      : [HTTP OUT] GET /reviews? -> 200 (16ms)
2026-09-09 14:43:30.086  INFO [http-nio-8080-exec-10] [trace:78d6c803] c.d.E.security.RequestLoggingFilter      : [HTTP IN]  GET /employees/search?limit=100 from IP 0:0:0:0:0:0:0:1
2026-09-09 14:43:30.088  INFO [http-nio-8080-exec-4] [trace:acebdba5] c.d.E.security.RequestLoggingFilter      : [HTTP IN]  GET /attendance/records?limit=100 from IP 0:0:0:0:0:0:0:1
2026-09-09 14:43:30.092  INFO [http-nio-8080-exec-8] [trace:1e685e1b] c.d.E.security.RequestLoggingFilter      : [HTTP OUT] GET /projects -> 200 (19ms)
2026-09-09 14:43:30.092  INFO [http-nio-8080-exec-9] [trace:dd4772b0] c.d.E.security.RequestLoggingFilter      : [HTTP OUT] GET /leaves/balances/me -> 200 (18ms)
2026-09-09 14:43:30.095  WARN [http-nio-8080-exec-1] [trace:a1ef27e0] c.d.E.config.CacheConfig                 : [CACHE WARNING] Redis cache put failed for key 'list_0_null' in cache 'departments': Unable to connect to Redis. Continuing execution.
2026-09-09 14:43:30.096  INFO [http-nio-8080-exec-1] [trace:a1ef27e0] c.d.E.security.RequestLoggingFilter      : [HTTP OUT] GET /departments -> 200 (35ms)
2026-09-09 14:43:30.098  INFO [http-nio-8080-exec-6] [trace:9fa37e42] c.d.E.security.RequestLoggingFilter      : [HTTP IN]  GET /announcements from IP 0:0:0:0:0:0:0:1
2026-09-09 14:43:30.099  INFO [http-nio-8080-exec-7] [trace:08419870] c.d.E.security.RequestLoggingFilter      : [HTTP IN]  GET /payroll/runs?limit=100 from IP 0:0:0:0:0:0:0:1
2026-09-09 14:43:30.101  INFO [http-nio-8080-exec-5] [trace:0dafc292] c.d.E.security.RequestLoggingFilter      : [HTTP IN]  GET /leaves/requests?limit=100 from IP 0:0:0:0:0:0:0:1
2026-09-09 14:43:30.105  INFO [http-nio-8080-exec-10] [trace:78d6c803] c.d.E.security.RequestLoggingFilter      : [HTTP OUT] GET /employees/search?limit=100 -> 200 (19ms)
2026-09-09 14:43:30.111  INFO [http-nio-8080-exec-6] [trace:9fa37e42] c.d.E.security.RequestLoggingFilter      : [HTTP OUT] GET /announcements -> 200 (13ms)
2026-09-09 14:43:30.111  INFO [http-nio-8080-exec-2] [trace:f9b882d0] c.d.E.security.RequestLoggingFilter      : [HTTP IN]  GET /reviews? from IP 0:0:0:0:0:0:0:1
2026-09-09 14:43:30.112  INFO [http-nio-8080-exec-4] [trace:acebdba5] c.d.E.security.RequestLoggingFilter      : [HTTP OUT] GET /attendance/records?limit=100 -> 200 (24ms)
2026-09-09 14:43:30.113  INFO [http-nio-8080-exec-8] [trace:2752e641] c.d.E.security.RequestLoggingFilter      : [HTTP IN]  GET /leaves/balances/me from IP 0:0:0:0:0:0:0:1
2026-09-09 14:43:30.114  INFO [http-nio-8080-exec-9] [trace:9378f15a] c.d.E.security.RequestLoggingFilter      : [HTTP IN]  GET /projects from IP 0:0:0:0:0:0:0:1
2026-09-09 14:43:30.124  INFO [http-nio-8080-exec-5] [trace:0dafc292] c.d.E.security.RequestLoggingFilter      : [HTTP OUT] GET /leaves/requests?limit=100 -> 200 (23ms)
2026-09-09 14:43:30.124  INFO [http-nio-8080-exec-2] [trace:f9b882d0] c.d.E.security.RequestLoggingFilter      : [HTTP OUT] GET /reviews? -> 200 (13ms)
2026-09-09 14:43:30.127  INFO [http-nio-8080-exec-1] [trace:06218cc0] c.d.E.security.RequestLoggingFilter      : [HTTP IN]  GET /departments from IP 0:0:0:0:0:0:0:1
2026-09-09 14:43:30.131  INFO [http-nio-8080-exec-8] [trace:2752e641] c.d.E.security.RequestLoggingFilter      : [HTTP OUT] GET /leaves/balances/me -> 200 (18ms)
2026-09-09 14:43:30.132  INFO [http-nio-8080-exec-10] [trace:6eb5d66c] c.d.E.security.RequestLoggingFilter      : [HTTP IN]  GET /employees/search?limit=100 from IP 0:0:0:0:0:0:0:1
2026-09-09 14:43:30.135  INFO [http-nio-8080-exec-6] [trace:adcba034] c.d.E.security.RequestLoggingFilter      : [HTTP IN]  GET /announcements from IP 0:0:0:0:0:0:0:1
2026-09-09 14:43:30.136  INFO [http-nio-8080-exec-9] [trace:9378f15a] c.d.E.security.RequestLoggingFilter      : [HTTP OUT] GET /projects -> 200 (22ms)
2026-09-09 14:43:30.137  INFO [http-nio-8080-exec-3] [trace:9fe46acd] c.d.E.security.RequestLoggingFilter      : [HTTP OUT] GET /auth/pending-users -> 200 (116ms)
2026-09-09 14:43:30.140  INFO [http-nio-8080-exec-4] [trace:26298f12] c.d.E.security.RequestLoggingFilter      : [HTTP IN]  GET /attendance/records?limit=100 from IP 0:0:0:0:0:0:0:1
2026-09-09 14:43:30.144  INFO [http-nio-8080-exec-2] [trace:ab7e6e79] c.d.E.security.RequestLoggingFilter      : [HTTP IN]  GET /reviews? from IP 0:0:0:0:0:0:0:1
2026-09-09 14:43:30.146  WARN [http-nio-8080-exec-1] [trace:06218cc0] c.d.E.config.CacheConfig                 : [CACHE WARNING] Redis cache get failed for key 'list_0_null' in cache 'departments': Unable to connect to Redis. Falling back to database query.
2026-09-09 14:43:30.148  INFO [http-nio-8080-exec-6] [trace:adcba034] c.d.E.security.RequestLoggingFilter      : [HTTP OUT] GET /announcements -> 200 (13ms)
2026-09-09 14:43:30.149  INFO [http-nio-8080-exec-10] [trace:6eb5d66c] c.d.E.security.RequestLoggingFilter      : [HTTP OUT] GET /employees/search?limit=100 -> 200 (17ms)
2026-09-09 14:43:30.149  INFO [http-nio-8080-exec-7] [trace:08419870] c.d.E.security.RequestLoggingFilter      : [HTTP OUT] GET /payroll/runs?limit=100 -> 200 (50ms)
2026-09-09 14:43:30.152  INFO [http-nio-8080-exec-5] [trace:55ed00ba] c.d.E.security.RequestLoggingFilter      : [HTTP IN]  GET /leaves/requests?limit=100 from IP 0:0:0:0:0:0:0:1
2026-09-09 14:43:30.155  INFO [http-nio-8080-exec-8] [trace:738dab4e] c.d.E.security.RequestLoggingFilter      : [HTTP IN]  GET /leaves/balances/me from IP 0:0:0:0:0:0:0:1
2026-09-09 14:43:30.157  INFO [http-nio-8080-exec-9] [trace:98fd8c15] c.d.E.security.RequestLoggingFilter      : [HTTP IN]  GET /projects from IP 0:0:0:0:0:0:0:1
2026-09-09 14:43:30.160  INFO [http-nio-8080-exec-2] [trace:ab7e6e79] c.d.E.security.RequestLoggingFilter      : [HTTP OUT] GET /reviews? -> 200 (16ms)
2026-09-09 14:43:30.160  INFO [http-nio-8080-exec-3] [trace:e72650e8] c.d.E.security.RequestLoggingFilter      : [HTTP IN]  GET /auth/pending-users from IP 0:0:0:0:0:0:0:1
2026-09-09 14:43:30.160  WARN [http-nio-8080-exec-1] [trace:06218cc0] c.d.E.config.CacheConfig                 : [CACHE WARNING] Redis cache put failed for key 'list_0_null' in cache 'departments': Unable to connect to Redis. Continuing execution.
2026-09-09 14:43:30.171  INFO [http-nio-8080-exec-4] [trace:26298f12] c.d.E.security.RequestLoggingFilter      : [HTTP OUT] GET /attendance/records?limit=100 -> 200 (31ms)
2026-09-09 14:43:30.171  INFO [http-nio-8080-exec-1] [trace:06218cc0] c.d.E.security.RequestLoggingFilter      : [HTTP OUT] GET /departments -> 200 (44ms)
2026-09-09 14:43:30.174  INFO [http-nio-8080-exec-8] [trace:738dab4e] c.d.E.security.RequestLoggingFilter      : [HTTP OUT] GET /leaves/balances/me -> 200 (19ms)
2026-09-09 14:43:30.176  INFO [http-nio-8080-exec-6] [trace:3c701a30] c.d.E.security.RequestLoggingFilter      : [HTTP IN]  GET /announcements from IP 0:0:0:0:0:0:0:1
2026-09-09 14:43:30.183  INFO [http-nio-8080-exec-10] [trace:a62e7329] c.d.E.security.RequestLoggingFilter      : [HTTP IN]  GET /employees/search?limit=100 from IP 0:0:0:0:0:0:0:1
2026-09-09 14:43:30.183  INFO [http-nio-8080-exec-7] [trace:66fb75d0] c.d.E.security.RequestLoggingFilter      : [HTTP IN]  GET /payroll/runs?limit=100 from IP 0:0:0:0:0:0:0:1
2026-09-09 14:43:30.191  INFO [http-nio-8080-exec-5] [trace:55ed00ba] c.d.E.security.RequestLoggingFilter      : [HTTP OUT] GET /leaves/requests?limit=100 -> 200 (39ms)
2026-09-09 14:43:30.191  INFO [http-nio-8080-exec-9] [trace:98fd8c15] c.d.E.security.RequestLoggingFilter      : [HTTP OUT] GET /projects -> 200 (34ms)
2026-09-09 14:43:30.193  INFO [http-nio-8080-exec-2] [trace:ef4dc54c] c.d.E.security.RequestLoggingFilter      : [HTTP IN]  GET /reviews? from IP 0:0:0:0:0:0:0:1
2026-09-09 14:43:30.193  INFO [http-nio-8080-exec-1] [trace:debd3d40] c.d.E.security.RequestLoggingFilter      : [HTTP IN]  GET /attendance/records?limit=100 from IP 0:0:0:0:0:0:0:1
2026-09-09 14:43:30.193  INFO [http-nio-8080-exec-6] [trace:3c701a30] c.d.E.security.RequestLoggingFilter      : [HTTP OUT] GET /announcements -> 200 (17ms)
2026-09-09 14:43:30.195  INFO [http-nio-8080-exec-4] [trace:d310627f] c.d.E.security.RequestLoggingFilter      : [HTTP IN]  GET /departments from IP 0:0:0:0:0:0:0:1
2026-09-09 14:43:30.195  INFO [http-nio-8080-exec-10] [trace:a62e7329] c.d.E.security.RequestLoggingFilter      : [HTTP OUT] GET /employees/search?limit=100 -> 200 (12ms)
2026-09-09 14:43:30.195  INFO [http-nio-8080-exec-8] [trace:997895b5] c.d.E.security.RequestLoggingFilter      : [HTTP IN]  GET /leaves/requests?limit=100 from IP 0:0:0:0:0:0:0:1
2026-09-09 14:43:30.195  INFO [http-nio-8080-exec-2] [trace:ef4dc54c] c.d.E.security.RequestLoggingFilter      : [HTTP OUT] GET /reviews? -> 200 (2ms)
2026-09-09 14:43:30.195  WARN [http-nio-8080-exec-4] [trace:d310627f] c.d.E.config.CacheConfig                 : [CACHE WARNING] Redis cache get failed for key 'list_0_null' in cache 'departments': Unable to connect to Redis. Falling back to database query.
2026-09-09 14:43:30.195  INFO [http-nio-8080-exec-5] [trace:9fa7e37e] c.d.E.security.RequestLoggingFilter      : [HTTP IN]  GET /projects from IP 0:0:0:0:0:0:0:1
2026-09-09 14:43:30.208  INFO [http-nio-8080-exec-1] [trace:debd3d40] c.d.E.security.RequestLoggingFilter      : [HTTP OUT] GET /attendance/records?limit=100 -> 200 (15ms)
2026-09-09 14:43:30.233  INFO [http-nio-8080-exec-9] [trace:ba8cce15] c.d.E.security.RequestLoggingFilter      : [HTTP IN]  GET /payroll/runs?limit=100 from IP 0:0:0:0:0:0:0:1
2026-09-09 14:43:30.234  INFO [http-nio-8080-exec-8] [trace:997895b5] c.d.E.security.RequestLoggingFilter      : [HTTP OUT] GET /leaves/requests?limit=100 -> 200 (39ms)
2026-09-09 14:43:30.232  INFO [http-nio-8080-exec-7] [trace:66fb75d0] c.d.E.security.RequestLoggingFilter      : [HTTP OUT] GET /payroll/runs?limit=100 -> 200 (49ms)
2026-09-09 14:43:30.238  WARN [http-nio-8080-exec-4] [trace:d310627f] c.d.E.config.CacheConfig                 : [CACHE WARNING] Redis cache put failed for key 'list_0_null' in cache 'departments': Unable to connect to Redis. Continuing execution.
2026-09-09 14:43:30.238  INFO [http-nio-8080-exec-5] [trace:9fa7e37e] c.d.E.security.RequestLoggingFilter      : [HTTP OUT] GET /projects -> 200 (43ms)
2026-09-09 14:43:30.238  INFO [http-nio-8080-exec-4] [trace:d310627f] c.d.E.security.RequestLoggingFilter      : [HTTP OUT] GET /departments -> 200 (43ms)
2026-09-09 14:43:30.238  INFO [http-nio-8080-exec-6] [trace:4dcc1bb3] c.d.E.security.RequestLoggingFilter      : [HTTP IN]  GET /departments from IP 0:0:0:0:0:0:0:1
2026-09-09 14:43:30.255  WARN [http-nio-8080-exec-6] [trace:4dcc1bb3] c.d.E.config.CacheConfig                 : [CACHE WARNING] Redis cache get failed for key 'list_0_null' in cache 'departments': Unable to connect to Redis. Falling back to database query.
2026-09-09 14:43:30.271  WARN [http-nio-8080-exec-6] [trace:4dcc1bb3] c.d.E.config.CacheConfig                 : [CACHE WARNING] Redis cache put failed for key 'list_0_null' in cache 'departments': Unable to connect to Redis. Continuing execution.
2026-09-09 14:43:30.272  INFO [http-nio-8080-exec-6] [trace:4dcc1bb3] c.d.E.security.RequestLoggingFilter      : [HTTP OUT] GET /departments -> 200 (34ms)
2026-09-09 14:43:30.290  INFO [http-nio-8080-exec-3] [trace:e72650e8] c.d.E.security.RequestLoggingFilter      : [HTTP OUT] GET /auth/pending-users -> 200 (130ms)
2026-09-09 14:43:30.292  INFO [http-nio-8080-exec-10] [trace:e6092c52] c.d.E.security.RequestLoggingFilter      : [HTTP IN]  GET /auth/pending-users from IP 0:0:0:0:0:0:0:1
2026-09-09 14:43:30.294  INFO [http-nio-8080-exec-9] [trace:ba8cce15] c.d.E.security.RequestLoggingFilter      : [HTTP OUT] GET /payroll/runs?limit=100 -> 200 (61ms)
2026-09-09 14:43:30.296  INFO [http-nio-8080-exec-2] [trace:4d530090] c.d.E.security.RequestLoggingFilter      : [HTTP IN]  GET /payroll/runs?limit=100 from IP 0:0:0:0:0:0:0:1
2026-09-09 14:43:30.343  INFO [http-nio-8080-exec-2] [trace:4d530090] c.d.E.security.RequestLoggingFilter      : [HTTP OUT] GET /payroll/runs?limit=100 -> 200 (47ms)
2026-09-09 14:43:30.397  INFO [http-nio-8080-exec-10] [trace:e6092c52] c.d.E.security.RequestLoggingFilter      : [HTTP OUT] GET /auth/pending-users -> 200 (105ms)
2026-09-09 14:43:30.397  INFO [http-nio-8080-exec-1] [trace:ee8c293e] c.d.E.security.RequestLoggingFilter      : [HTTP IN]  GET /auth/pending-users from IP 0:0:0:0:0:0:0:1
2026-09-09 14:43:30.497  INFO [http-nio-8080-exec-1] [trace:ee8c293e] c.d.E.security.RequestLoggingFilter      : [HTTP OUT] GET /auth/pending-users -> 200 (100ms)
2026-09-09 14:43:30.498  INFO [http-nio-8080-exec-8] [trace:b6fc6278] c.d.E.security.RequestLoggingFilter      : [HTTP IN]  GET /auth/pending-users from IP 0:0:0:0:0:0:0:1
2026-09-09 14:43:30.604  INFO [http-nio-8080-exec-8] [trace:b6fc6278] c.d.E.security.RequestLoggingFilter      : [HTTP OUT] GET /auth/pending-users -> 200 (106ms)
2026-09-09 14:43:36.915  INFO [http-nio-8080-exec-7] [trace:8be76b37] c.d.E.security.RequestLoggingFilter      : [HTTP IN]  GET /auth/pending-users from IP 0:0:0:0:0:0:0:1
2026-09-09 14:43:36.915  INFO [http-nio-8080-exec-5] [trace:bd5ca10f] c.d.E.security.RequestLoggingFilter      : [HTTP IN]  GET /health from IP 0:0:0:0:0:0:0:1
2026-09-09 14:43:36.915  INFO [http-nio-8080-exec-5] [trace:bd5ca10f] c.d.E.security.RequestLoggingFilter      : [HTTP OUT] GET /health -> 200 (0ms)
2026-09-09 14:43:36.966  INFO [http-nio-8080-exec-7] [trace:8be76b37] c.d.E.security.RequestLoggingFilter      : [HTTP OUT] GET /auth/pending-users -> 200 (51ms)
2026-09-09 14:43:51.917  INFO [http-nio-8080-exec-4] [trace:c7570edd] c.d.E.security.RequestLoggingFilter      : [HTTP IN]  GET /health from IP 0:0:0:0:0:0:0:1
2026-09-09 14:43:51.917  INFO [http-nio-8080-exec-4] [trace:c7570edd] c.d.E.security.RequestLoggingFilter      : [HTTP OUT] GET /health -> 200 (0ms)
2026-09-09 14:44:06.911  INFO [http-nio-8080-exec-6] [trace:faa959c1] c.d.E.security.RequestLoggingFilter      : [HTTP IN]  GET /auth/pending-users from IP 0:0:0:0:0:0:0:1
2026-09-09 14:44:06.911  INFO [http-nio-8080-exec-3] [trace:008f518a] c.d.E.security.RequestLoggingFilter      : [HTTP IN]  GET /health from IP 0:0:0:0:0:0:0:1
2026-09-09 14:44:06.911  INFO [http-nio-8080-exec-3] [trace:008f518a] c.d.E.security.RequestLoggingFilter      : [HTTP OUT] GET /health -> 200 (0ms)
2026-09-09 14:44:06.952  INFO [http-nio-8080-exec-6] [trace:faa959c1] c.d.E.security.RequestLoggingFilter      : [HTTP OUT] GET /auth/pending-users -> 200 (41ms)
2026-09-09 14:44:21.919  INFO [http-nio-8080-exec-9] [trace:a665e9d8] c.d.E.security.RequestLoggingFilter      : [HTTP IN]  GET /health from IP 0:0:0:0:0:0:0:1
2026-09-09 14:44:21.922  INFO [http-nio-8080-exec-9] [trace:a665e9d8] c.d.E.security.RequestLoggingFilter      : [HTTP OUT] GET /health -> 200 (3ms)
2026-09-09 14:44:36.907  INFO [http-nio-8080-exec-5] [trace:b97ccf97] c.d.E.security.RequestLoggingFilter      : [HTTP IN]  GET /auth/pending-users from IP 0:0:0:0:0:0:0:1
2026-09-09 14:44:36.907  INFO [http-nio-8080-exec-7] [trace:515e47e5] c.d.E.security.RequestLoggingFilter      : [HTTP IN]  GET /health from IP 0:0:0:0:0:0:0:1
2026-09-09 14:44:36.923  INFO [http-nio-8080-exec-7] [trace:515e47e5] c.d.E.security.RequestLoggingFilter      : [HTTP OUT] GET /health -> 200 (16ms)
2026-09-09 14:44:36.950  INFO [http-nio-8080-exec-5] [trace:b97ccf97] c.d.E.security.RequestLoggingFilter      : [HTTP OUT] GET /auth/pending-users -> 200 (43ms)
2026-09-09 14:44:51.914  INFO [http-nio-8080-exec-4] [trace:a27a418c] c.d.E.security.RequestLoggingFilter      : [HTTP IN]  GET /health from IP 0:0:0:0:0:0:0:1
2026-09-09 14:44:51.916  INFO [http-nio-8080-exec-4] [trace:a27a418c] c.d.E.security.RequestLoggingFilter      : [HTTP OUT] GET /health -> 200 (2ms)
2026-09-09 14:44:54.086  INFO [http-nio-8080-exec-3] [trace:71e7efd6] c.d.E.security.RequestLoggingFilter      : [HTTP IN]  GET /auth/me from IP 0:0:0:0:0:0:0:1
2026-09-09 14:44:54.093  INFO [http-nio-8080-exec-6] [trace:72490a39] c.d.E.security.RequestLoggingFilter      : [HTTP IN]  GET /employees/search?skip=0&limit=10 from IP 0:0:0:0:0:0:0:1
2026-09-09 14:44:54.113  INFO [http-nio-8080-exec-3] [trace:71e7efd6] c.d.E.security.RequestLoggingFilter      : [HTTP OUT] GET /auth/me -> 200 (27ms)
2026-09-09 14:44:54.115  INFO [http-nio-8080-exec-9] [trace:21080333] c.d.E.security.RequestLoggingFilter      : [HTTP IN]  GET /auth/me from IP 0:0:0:0:0:0:0:1
2026-09-09 14:44:54.127  INFO [http-nio-8080-exec-6] [trace:72490a39] c.d.E.security.RequestLoggingFilter      : [HTTP OUT] GET /employees/search?skip=0&limit=10 -> 200 (34ms)
2026-09-09 14:44:54.127  INFO [http-nio-8080-exec-9] [trace:21080333] c.d.E.security.RequestLoggingFilter      : [HTTP OUT] GET /auth/me -> 200 (12ms)
2026-09-09 14:44:54.128  INFO [http-nio-8080-exec-1] [trace:752bfbdf] c.d.E.security.RequestLoggingFilter      : [HTTP IN]  GET /employees/search?skip=0&limit=10 from IP 0:0:0:0:0:0:0:1
2026-09-09 14:44:54.132  INFO [http-nio-8080-exec-2] [trace:ee9c5ddb] c.d.E.security.RequestLoggingFilter      : [HTTP IN]  GET /departments from IP 0:0:0:0:0:0:0:1
2026-09-09 14:44:54.132  INFO [http-nio-8080-exec-8] [trace:b96fbdc5] c.d.E.security.RequestLoggingFilter      : [HTTP IN]  GET /designations from IP 0:0:0:0:0:0:0:1
2026-09-09 14:44:54.140  INFO [http-nio-8080-exec-1] [trace:752bfbdf] c.d.E.security.RequestLoggingFilter      : [HTTP OUT] GET /employees/search?skip=0&limit=10 -> 200 (12ms)
2026-09-09 14:44:54.141  INFO [http-nio-8080-exec-10] [trace:e43b0d49] c.d.E.security.RequestLoggingFilter      : [HTTP IN]  GET /employees/search?skip=0&limit=10 from IP 0:0:0:0:0:0:0:1
2026-09-09 14:44:54.157  INFO [http-nio-8080-exec-10] [trace:e43b0d49] c.d.E.security.RequestLoggingFilter      : [HTTP OUT] GET /employees/search?skip=0&limit=10 -> 200 (16ms)
2026-09-09 14:44:54.166  WARN [http-nio-8080-exec-2] [trace:ee9c5ddb] c.d.E.config.CacheConfig                 : [CACHE WARNING] Redis cache get failed for key 'list_0_null' in cache 'departments': Unable to connect to Redis. Falling back to database query.
2026-09-09 14:44:54.175  WARN [http-nio-8080-exec-8] [trace:b96fbdc5] c.d.E.config.CacheConfig                 : [CACHE WARNING] Redis cache get failed for key 'list_0_null' in cache 'designations': Unable to connect to Redis. Falling back to database query.
2026-09-09 14:44:54.194  WARN [http-nio-8080-exec-8] [trace:b96fbdc5] c.d.E.config.CacheConfig                 : [CACHE WARNING] Redis cache put failed for key 'list_0_null' in cache 'designations': Unable to connect to Redis. Continuing execution.
2026-09-09 14:44:54.197  INFO [http-nio-8080-exec-8] [trace:b96fbdc5] c.d.E.security.RequestLoggingFilter      : [HTTP OUT] GET /designations -> 200 (65ms)
2026-09-09 14:44:54.198  INFO [http-nio-8080-exec-7] [trace:000c442f] c.d.E.security.RequestLoggingFilter      : [HTTP IN]  GET /designations from IP 0:0:0:0:0:0:0:1
2026-09-09 14:44:54.201  WARN [http-nio-8080-exec-2] [trace:ee9c5ddb] c.d.E.config.CacheConfig                 : [CACHE WARNING] Redis cache put failed for key 'list_0_null' in cache 'departments': Unable to connect to Redis. Continuing execution.
2026-09-09 14:44:54.203  INFO [http-nio-8080-exec-2] [trace:ee9c5ddb] c.d.E.security.RequestLoggingFilter      : [HTTP OUT] GET /departments -> 200 (71ms)
2026-09-09 14:44:54.205  INFO [http-nio-8080-exec-5] [trace:b764efb4] c.d.E.security.RequestLoggingFilter      : [HTTP IN]  GET /departments from IP 0:0:0:0:0:0:0:1
2026-09-09 14:44:54.216  WARN [http-nio-8080-exec-7] [trace:000c442f] c.d.E.config.CacheConfig                 : [CACHE WARNING] Redis cache get failed for key 'list_0_null' in cache 'designations': Unable to connect to Redis. Falling back to database query.
2026-09-09 14:44:54.226  WARN [http-nio-8080-exec-5] [trace:b764efb4] c.d.E.config.CacheConfig                 : [CACHE WARNING] Redis cache get failed for key 'list_0_null' in cache 'departments': Unable to connect to Redis. Falling back to database query.
2026-09-09 14:44:54.229  WARN [http-nio-8080-exec-7] [trace:000c442f] c.d.E.config.CacheConfig                 : [CACHE WARNING] Redis cache put failed for key 'list_0_null' in cache 'designations': Unable to connect to Redis. Continuing execution.
2026-09-09 14:44:54.229  INFO [http-nio-8080-exec-7] [trace:000c442f] c.d.E.security.RequestLoggingFilter      : [HTTP OUT] GET /designations -> 200 (31ms)
2026-09-09 14:44:54.233  INFO [http-nio-8080-exec-4] [trace:2d7ee6d0] c.d.E.security.RequestLoggingFilter      : [HTTP IN]  GET /designations from IP 0:0:0:0:0:0:0:1
2026-09-09 14:44:54.244  WARN [http-nio-8080-exec-5] [trace:b764efb4] c.d.E.config.CacheConfig                 : [CACHE WARNING] Redis cache put failed for key 'list_0_null' in cache 'departments': Unable to connect to Redis. Continuing execution.
2026-09-09 14:44:54.250  INFO [http-nio-8080-exec-5] [trace:b764efb4] c.d.E.security.RequestLoggingFilter      : [HTTP OUT] GET /departments -> 200 (45ms)
2026-09-09 14:44:54.250  INFO [http-nio-8080-exec-3] [trace:d833766a] c.d.E.security.RequestLoggingFilter      : [HTTP IN]  GET /departments from IP 0:0:0:0:0:0:0:1
2026-09-09 14:44:54.257  WARN [http-nio-8080-exec-4] [trace:2d7ee6d0] c.d.E.config.CacheConfig                 : [CACHE WARNING] Redis cache get failed for key 'list_0_null' in cache 'designations': Unable to connect to Redis. Falling back to database query.
2026-09-09 14:44:54.363  WARN [http-nio-8080-exec-3] [trace:d833766a] c.d.E.config.CacheConfig                 : [CACHE WARNING] Redis cache get failed for key 'list_0_null' in cache 'departments': Unable to connect to Redis. Falling back to database query.
2026-09-09 14:44:54.375  WARN [http-nio-8080-exec-4] [trace:2d7ee6d0] c.d.E.config.CacheConfig                 : [CACHE WARNING] Redis cache put failed for key 'list_0_null' in cache 'designations': Unable to connect to Redis. Continuing execution.
2026-09-09 14:44:54.375  INFO [http-nio-8080-exec-4] [trace:2d7ee6d0] c.d.E.security.RequestLoggingFilter      : [HTTP OUT] GET /designations -> 200 (143ms)
2026-09-09 14:44:54.393  WARN [http-nio-8080-exec-3] [trace:d833766a] c.d.E.config.CacheConfig                 : [CACHE WARNING] Redis cache put failed for key 'list_0_null' in cache 'departments': Unable to connect to Redis. Continuing execution.
2026-09-09 14:44:54.394  INFO [http-nio-8080-exec-3] [trace:d833766a] c.d.E.security.RequestLoggingFilter      : [HTTP OUT] GET /departments -> 200 (144ms)
2026-09-09 14:44:56.448  INFO [http-nio-8080-exec-6] [trace:83c61bbe] c.d.E.security.RequestLoggingFilter      : [HTTP IN]  GET /auth/me from IP 0:0:0:0:0:0:0:1
2026-09-09 14:44:56.448  INFO [http-nio-8080-exec-9] [trace:7d2154ba] c.d.E.security.RequestLoggingFilter      : [HTTP IN]  GET /attendance/records?limit=500 from IP 0:0:0:0:0:0:0:1
2026-09-09 14:44:56.448  INFO [http-nio-8080-exec-1] [trace:da106b8d] c.d.E.security.RequestLoggingFilter      : [HTTP IN]  GET /employees/search?limit=100 from IP 0:0:0:0:0:0:0:1
2026-09-09 14:44:56.448  INFO [http-nio-8080-exec-10] [trace:60f3158d] c.d.E.security.RequestLoggingFilter      : [HTTP IN]  GET /attendance/records?limit=100&date_from=2026-09-09&date_to=2026-09-09 from IP 0:0:0:0:0:0:0:1
2026-09-09 14:44:56.448  INFO [http-nio-8080-exec-8] [trace:07de6714] c.d.E.security.RequestLoggingFilter      : [HTTP IN]  GET /attendance/records?employee_public_id=fb519c20-26fe-4517-b785-7845aa4b8022&limit=100&date_from=2026-09-09&date_to=2026-09-09 from IP 0:0:0:0:0:0:0:1
2026-09-09 14:44:56.471  INFO [http-nio-8080-exec-6] [trace:83c61bbe] c.d.E.security.RequestLoggingFilter      : [HTTP OUT] GET /auth/me -> 200 (23ms)
2026-09-09 14:44:56.474  INFO [http-nio-8080-exec-2] [trace:9fefd9cc] c.d.E.security.RequestLoggingFilter      : [HTTP IN]  GET /auth/me from IP 0:0:0:0:0:0:0:1
2026-09-09 14:44:56.482  INFO [http-nio-8080-exec-1] [trace:da106b8d] c.d.E.security.RequestLoggingFilter      : [HTTP OUT] GET /employees/search?limit=100 -> 200 (34ms)
2026-09-09 14:44:56.484  INFO [http-nio-8080-exec-1] [trace:2a54b62d] c.d.E.security.RequestLoggingFilter      : [HTTP IN]  GET /employees/search?limit=100 from IP 0:0:0:0:0:0:0:1
2026-09-09 14:44:56.489  INFO [http-nio-8080-exec-2] [trace:9fefd9cc] c.d.E.security.RequestLoggingFilter      : [HTTP OUT] GET /auth/me -> 200 (15ms)
2026-09-09 14:44:56.489  INFO [http-nio-8080-exec-10] [trace:60f3158d] c.d.E.security.RequestLoggingFilter      : [HTTP OUT] GET /attendance/records?limit=100&date_from=2026-09-09&date_to=2026-09-09 -> 200 (41ms)
2026-09-09 14:44:56.489  INFO [http-nio-8080-exec-5] [trace:cb6c400a] c.d.E.security.RequestLoggingFilter      : [HTTP IN]  GET /attendance/records?limit=500 from IP 0:0:0:0:0:0:0:1
2026-09-09 14:44:56.489  INFO [http-nio-8080-exec-9] [trace:7d2154ba] c.d.E.security.RequestLoggingFilter      : [HTTP OUT] GET /attendance/records?limit=500 -> 200 (41ms)
2026-09-09 14:44:56.489  INFO [http-nio-8080-exec-4] [trace:2440f9a5] c.d.E.security.RequestLoggingFilter      : [HTTP IN]  GET /attendance/records?limit=100&date_from=2026-09-09&date_to=2026-09-09 from IP 0:0:0:0:0:0:0:1
2026-09-09 14:44:56.501  INFO [http-nio-8080-exec-8] [trace:07de6714] c.d.E.security.RequestLoggingFilter      : [HTTP OUT] GET /attendance/records?employee_public_id=fb519c20-26fe-4517-b785-7845aa4b8022&limit=100&date_from=2026-09-09&date_to=2026-09-09 -> 200 (53ms)
2026-09-09 14:44:56.505  INFO [http-nio-8080-exec-3] [trace:c2219187] c.d.E.security.RequestLoggingFilter      : [HTTP IN]  GET /attendance/records?employee_public_id=fb519c20-26fe-4517-b785-7845aa4b8022&limit=100&date_from=2026-09-09&date_to=2026-09-09 from IP 0:0:0:0:0:0:0:1
2026-09-09 14:44:56.512  INFO [http-nio-8080-exec-4] [trace:2440f9a5] c.d.E.security.RequestLoggingFilter      : [HTTP OUT] GET /attendance/records?limit=100&date_from=2026-09-09&date_to=2026-09-09 -> 200 (23ms)
2026-09-09 14:44:56.521  INFO [http-nio-8080-exec-1] [trace:2a54b62d] c.d.E.security.RequestLoggingFilter      : [HTTP OUT] GET /employees/search?limit=100 -> 200 (37ms)
2026-09-09 14:44:56.522  INFO [http-nio-8080-exec-6] [trace:11089c27] c.d.E.security.RequestLoggingFilter      : [HTTP IN]  GET /employees/search?limit=100 from IP 0:0:0:0:0:0:0:1
2026-09-09 14:44:56.525  INFO [http-nio-8080-exec-3] [trace:c2219187] c.d.E.security.RequestLoggingFilter      : [HTTP OUT] GET /attendance/records?employee_public_id=fb519c20-26fe-4517-b785-7845aa4b8022&limit=100&date_from=2026-09-09&date_to=2026-09-09 -> 200 (20ms)
2026-09-09 14:44:56.529  INFO [http-nio-8080-exec-7] [trace:999eaf77] c.d.E.security.RequestLoggingFilter      : [HTTP IN]  GET /attendance/records?limit=500 from IP 0:0:0:0:0:0:0:1
2026-09-09 14:44:56.534  INFO [http-nio-8080-exec-5] [trace:cb6c400a] c.d.E.security.RequestLoggingFilter      : [HTTP OUT] GET /attendance/records?limit=500 -> 200 (45ms)
2026-09-09 14:44:56.552  INFO [http-nio-8080-exec-6] [trace:11089c27] c.d.E.security.RequestLoggingFilter      : [HTTP OUT] GET /employees/search?limit=100 -> 200 (30ms)
2026-09-09 14:44:56.552  INFO [http-nio-8080-exec-2] [trace:ab664a0d] c.d.E.security.RequestLoggingFilter      : [HTTP IN]  GET /attendance/records?employee_public_id=fb519c20-26fe-4517-b785-7845aa4b8022&limit=100&date_from=2026-09-09&date_to=2026-09-09 from IP 0:0:0:0:0:0:0:1
2026-09-09 14:44:56.568  INFO [http-nio-8080-exec-7] [trace:999eaf77] c.d.E.security.RequestLoggingFilter      : [HTTP OUT] GET /attendance/records?limit=500 -> 200 (39ms)
2026-09-09 14:44:56.580  INFO [http-nio-8080-exec-2] [trace:ab664a0d] c.d.E.security.RequestLoggingFilter      : [HTTP OUT] GET /attendance/records?employee_public_id=fb519c20-26fe-4517-b785-7845aa4b8022&limit=100&date_from=2026-09-09&date_to=2026-09-09 -> 200 (28ms)
2026-09-09 14:44:58.759  INFO [http-nio-8080-exec-10] [trace:9d033b1b] c.d.E.security.RequestLoggingFilter      : [HTTP IN]  GET /auth/me from IP 0:0:0:0:0:0:0:1
2026-09-09 14:44:58.764  INFO [http-nio-8080-exec-9] [trace:765e2710] c.d.E.security.RequestLoggingFilter      : [HTTP IN]  GET /payroll/runs?skip=0&limit=10 from IP 0:0:0:0:0:0:0:1
2026-09-09 14:44:58.764  INFO [http-nio-8080-exec-8] [trace:808c4eac] c.d.E.security.RequestLoggingFilter      : [HTTP IN]  GET /salaries from IP 0:0:0:0:0:0:0:1
2026-09-09 14:44:58.764  INFO [http-nio-8080-exec-4] [trace:77543e94] c.d.E.security.RequestLoggingFilter      : [HTTP IN]  GET /employees/search?limit=100 from IP 0:0:0:0:0:0:0:1
2026-09-09 14:44:58.771  INFO [http-nio-8080-exec-10] [trace:9d033b1b] c.d.E.security.RequestLoggingFilter      : [HTTP OUT] GET /auth/me -> 200 (12ms)
2026-09-09 14:44:58.772  INFO [http-nio-8080-exec-1] [trace:92844822] c.d.E.security.RequestLoggingFilter      : [HTTP IN]  GET /auth/me from IP 0:0:0:0:0:0:0:1
2026-09-09 14:44:58.786  INFO [http-nio-8080-exec-4] [trace:77543e94] c.d.E.security.RequestLoggingFilter      : [HTTP OUT] GET /employees/search?limit=100 -> 200 (22ms)
2026-09-09 14:44:58.788  INFO [http-nio-8080-exec-1] [trace:92844822] c.d.E.security.RequestLoggingFilter      : [HTTP OUT] GET /auth/me -> 200 (16ms)
2026-09-09 14:44:58.790  INFO [http-nio-8080-exec-9] [trace:765e2710] c.d.E.security.RequestLoggingFilter      : [HTTP OUT] GET /payroll/runs?skip=0&limit=10 -> 200 (26ms)
2026-09-09 14:44:58.794  INFO [http-nio-8080-exec-3] [trace:39c4f6db] c.d.E.security.RequestLoggingFilter      : [HTTP IN]  GET /payroll/runs?skip=0&limit=10 from IP 0:0:0:0:0:0:0:1
2026-09-09 14:44:58.806  INFO [http-nio-8080-exec-3] [trace:39c4f6db] c.d.E.security.RequestLoggingFilter      : [HTTP OUT] GET /payroll/runs?skip=0&limit=10 -> 200 (12ms)
2026-09-09 14:44:58.807  INFO [http-nio-8080-exec-5] [trace:29e62a4b] c.d.E.security.RequestLoggingFilter      : [HTTP IN]  GET /payroll/runs?skip=0&limit=10 from IP 0:0:0:0:0:0:0:1
2026-09-09 14:44:58.808  INFO [http-nio-8080-exec-8] [trace:808c4eac] c.d.E.security.RequestLoggingFilter      : [HTTP OUT] GET /salaries -> 200 (44ms)
2026-09-09 14:44:58.841  INFO [http-nio-8080-exec-5] [trace:29e62a4b] c.d.E.security.RequestLoggingFilter      : [HTTP OUT] GET /payroll/runs?skip=0&limit=10 -> 200 (34ms)
2026-09-09 14:45:00.373  INFO [http-nio-8080-exec-7] [trace:1c1f1ed8] c.d.E.security.RequestLoggingFilter      : [HTTP IN]  GET /leaves/requests? from IP 0:0:0:0:0:0:0:1
2026-09-09 14:45:00.373  INFO [http-nio-8080-exec-6] [trace:37085a03] c.d.E.security.RequestLoggingFilter      : [HTTP IN]  GET /auth/me from IP 0:0:0:0:0:0:0:1
2026-09-09 14:45:00.373  INFO [http-nio-8080-exec-2] [trace:08f69208] c.d.E.security.RequestLoggingFilter      : [HTTP IN]  GET /leaves/types from IP 0:0:0:0:0:0:0:1
2026-09-09 14:45:00.373  INFO [http-nio-8080-exec-10] [trace:616f9551] c.d.E.security.RequestLoggingFilter      : [HTTP IN]  GET /leaves/balances/me from IP 0:0:0:0:0:0:0:1
2026-09-09 14:45:00.395  INFO [http-nio-8080-exec-6] [trace:37085a03] c.d.E.security.RequestLoggingFilter      : [HTTP OUT] GET /auth/me -> 200 (22ms)
2026-09-09 14:45:00.396  WARN [http-nio-8080-exec-2] [trace:08f69208] c.d.E.config.CacheConfig                 : [CACHE WARNING] Redis cache get failed for key 'all' in cache 'leave_types': Unable to connect to Redis. Falling back to database query.
2026-09-09 14:45:00.396  INFO [http-nio-8080-exec-4] [trace:af625d84] c.d.E.security.RequestLoggingFilter      : [HTTP IN]  GET /auth/me from IP 0:0:0:0:0:0:0:1
2026-09-09 14:45:00.396  INFO [http-nio-8080-exec-10] [trace:616f9551] c.d.E.security.RequestLoggingFilter      : [HTTP OUT] GET /leaves/balances/me -> 200 (23ms)
2026-09-09 14:45:00.396  INFO [http-nio-8080-exec-1] [trace:f8e1adb3] c.d.E.security.RequestLoggingFilter      : [HTTP IN]  GET /leaves/balances/me from IP 0:0:0:0:0:0:0:1
2026-09-09 14:45:00.408  WARN [http-nio-8080-exec-2] [trace:08f69208] c.d.E.config.CacheConfig                 : [CACHE WARNING] Redis cache put failed for key 'all' in cache 'leave_types': Unable to connect to Redis. Continuing execution.
2026-09-09 14:45:00.410  INFO [http-nio-8080-exec-2] [trace:08f69208] c.d.E.security.RequestLoggingFilter      : [HTTP OUT] GET /leaves/types -> 200 (37ms)
2026-09-09 14:45:00.411  INFO [http-nio-8080-exec-9] [trace:9da4cf59] c.d.E.security.RequestLoggingFilter      : [HTTP IN]  GET /leaves/types from IP 0:0:0:0:0:0:0:1
2026-09-09 14:45:00.411  INFO [http-nio-8080-exec-4] [trace:af625d84] c.d.E.security.RequestLoggingFilter      : [HTTP OUT] GET /auth/me -> 200 (15ms)
2026-09-09 14:45:00.419  INFO [http-nio-8080-exec-7] [trace:1c1f1ed8] c.d.E.security.RequestLoggingFilter      : [HTTP OUT] GET /leaves/requests? -> 200 (46ms)
2026-09-09 14:45:00.419  INFO [http-nio-8080-exec-3] [trace:d3c63e3d] c.d.E.security.RequestLoggingFilter      : [HTTP IN]  GET /leaves/requests? from IP 0:0:0:0:0:0:0:1
2026-09-09 14:45:00.426  INFO [http-nio-8080-exec-1] [trace:f8e1adb3] c.d.E.security.RequestLoggingFilter      : [HTTP OUT] GET /leaves/balances/me -> 200 (30ms)
2026-09-09 14:45:00.426  INFO [http-nio-8080-exec-8] [trace:213552f3] c.d.E.security.RequestLoggingFilter      : [HTTP IN]  GET /leaves/balances/me from IP 0:0:0:0:0:0:0:1
2026-09-09 14:45:00.430  WARN [http-nio-8080-exec-9] [trace:9da4cf59] c.d.E.config.CacheConfig                 : [CACHE WARNING] Redis cache get failed for key 'all' in cache 'leave_types': Unable to connect to Redis. Falling back to database query.
2026-09-09 14:45:00.457  INFO [http-nio-8080-exec-8] [trace:213552f3] c.d.E.security.RequestLoggingFilter      : [HTTP OUT] GET /leaves/balances/me -> 200 (31ms)
2026-09-09 14:45:00.458  WARN [http-nio-8080-exec-9] [trace:9da4cf59] c.d.E.config.CacheConfig                 : [CACHE WARNING] Redis cache put failed for key 'all' in cache 'leave_types': Unable to connect to Redis. Continuing execution.
2026-09-09 14:45:00.459  INFO [http-nio-8080-exec-9] [trace:9da4cf59] c.d.E.security.RequestLoggingFilter      : [HTTP OUT] GET /leaves/types -> 200 (48ms)
2026-09-09 14:45:00.460  INFO [http-nio-8080-exec-5] [trace:6911de6a] c.d.E.security.RequestLoggingFilter      : [HTTP IN]  GET /leaves/types from IP 0:0:0:0:0:0:0:1
2026-09-09 14:45:00.462  INFO [http-nio-8080-exec-3] [trace:d3c63e3d] c.d.E.security.RequestLoggingFilter      : [HTTP OUT] GET /leaves/requests? -> 200 (41ms)
2026-09-09 14:45:00.462  INFO [http-nio-8080-exec-6] [trace:69011606] c.d.E.security.RequestLoggingFilter      : [HTTP IN]  GET /leaves/requests? from IP 0:0:0:0:0:0:0:1
2026-09-09 14:45:00.478  WARN [http-nio-8080-exec-5] [trace:6911de6a] c.d.E.config.CacheConfig                 : [CACHE WARNING] Redis cache get failed for key 'all' in cache 'leave_types': Unable to connect to Redis. Falling back to database query.
2026-09-09 14:45:00.483  INFO [http-nio-8080-exec-6] [trace:69011606] c.d.E.security.RequestLoggingFilter      : [HTTP OUT] GET /leaves/requests? -> 200 (21ms)
2026-09-09 14:45:00.495  WARN [http-nio-8080-exec-5] [trace:6911de6a] c.d.E.config.CacheConfig                 : [CACHE WARNING] Redis cache put failed for key 'all' in cache 'leave_types': Unable to connect to Redis. Continuing execution.
2026-09-09 14:45:00.497  INFO [http-nio-8080-exec-5] [trace:6911de6a] c.d.E.security.RequestLoggingFilter      : [HTTP OUT] GET /leaves/types -> 200 (37ms)
2026-09-09 14:45:01.967  INFO [http-nio-8080-exec-10] [trace:33a62add] c.d.E.security.RequestLoggingFilter      : [HTTP IN]  GET /auth/me from IP 0:0:0:0:0:0:0:1
2026-09-09 14:45:01.970  INFO [http-nio-8080-exec-2] [trace:cc879135] c.d.E.security.RequestLoggingFilter      : [HTTP IN]  GET /auth/pending-users from IP 0:0:0:0:0:0:0:1
2026-09-09 14:45:01.970  INFO [http-nio-8080-exec-4] [trace:759125fc] c.d.E.security.RequestLoggingFilter      : [HTTP IN]  GET /auth/users from IP 0:0:0:0:0:0:0:1
2026-09-09 14:45:01.970  INFO [http-nio-8080-exec-7] [trace:ad2920d8] c.d.E.security.RequestLoggingFilter      : [HTTP IN]  GET /documents/pending from IP 0:0:0:0:0:0:0:1
2026-09-09 14:45:01.978  INFO [http-nio-8080-exec-10] [trace:33a62add] c.d.E.security.RequestLoggingFilter      : [HTTP OUT] GET /auth/me -> 200 (11ms)
2026-09-09 14:45:01.983  INFO [http-nio-8080-exec-1] [trace:ebeec6d9] c.d.E.security.RequestLoggingFilter      : [HTTP IN]  GET /auth/me from IP 0:0:0:0:0:0:0:1
2026-09-09 14:45:01.993  INFO [http-nio-8080-exec-7] [trace:ad2920d8] c.d.E.security.RequestLoggingFilter      : [HTTP OUT] GET /documents/pending -> 200 (23ms)
2026-09-09 14:45:01.993  INFO [http-nio-8080-exec-8] [trace:d4c31b76] c.d.E.security.RequestLoggingFilter      : [HTTP IN]  GET /documents/pending from IP 0:0:0:0:0:0:0:1
2026-09-09 14:45:01.999  INFO [http-nio-8080-exec-1] [trace:ebeec6d9] c.d.E.security.RequestLoggingFilter      : [HTTP OUT] GET /auth/me -> 200 (16ms)
2026-09-09 14:45:02.012  INFO [http-nio-8080-exec-8] [trace:d4c31b76] c.d.E.security.RequestLoggingFilter      : [HTTP OUT] GET /documents/pending -> 200 (19ms)
2026-09-09 14:45:02.014  INFO [http-nio-8080-exec-9] [trace:35581aaf] c.d.E.security.RequestLoggingFilter      : [HTTP IN]  GET /documents/pending from IP 0:0:0:0:0:0:0:1
2026-09-09 14:45:02.028  INFO [http-nio-8080-exec-9] [trace:35581aaf] c.d.E.security.RequestLoggingFilter      : [HTTP OUT] GET /documents/pending -> 200 (14ms)
2026-09-09 14:45:02.046  INFO [http-nio-8080-exec-2] [trace:cc879135] c.d.E.security.RequestLoggingFilter      : [HTTP OUT] GET /auth/pending-users -> 200 (76ms)
2026-09-09 14:45:02.046  INFO [http-nio-8080-exec-3] [trace:bb3d8523] c.d.E.security.RequestLoggingFilter      : [HTTP IN]  GET /auth/pending-users from IP 0:0:0:0:0:0:0:1
2026-09-09 14:45:02.094  INFO [http-nio-8080-exec-3] [trace:bb3d8523] c.d.E.security.RequestLoggingFilter      : [HTTP OUT] GET /auth/pending-users -> 200 (48ms)
2026-09-09 14:45:02.094  INFO [http-nio-8080-exec-6] [trace:209a5e86] c.d.E.security.RequestLoggingFilter      : [HTTP IN]  GET /auth/pending-users from IP 0:0:0:0:0:0:0:1
2026-09-09 14:45:02.113  INFO [http-nio-8080-exec-4] [trace:759125fc] c.d.E.security.RequestLoggingFilter      : [HTTP OUT] GET /auth/users -> 200 (143ms)
2026-09-09 14:45:02.126  INFO [http-nio-8080-exec-5] [trace:21860ca6] c.d.E.security.RequestLoggingFilter      : [HTTP IN]  GET /auth/users from IP 0:0:0:0:0:0:0:1
2026-09-09 14:45:02.142  INFO [http-nio-8080-exec-6] [trace:209a5e86] c.d.E.security.RequestLoggingFilter      : [HTTP OUT] GET /auth/pending-users -> 200 (48ms)
2026-09-09 14:45:02.246  INFO [http-nio-8080-exec-5] [trace:21860ca6] c.d.E.security.RequestLoggingFilter      : [HTTP OUT] GET /auth/users -> 200 (120ms)
2026-09-09 14:45:02.246  INFO [http-nio-8080-exec-10] [trace:fcce594d] c.d.E.security.RequestLoggingFilter      : [HTTP IN]  GET /auth/users from IP 0:0:0:0:0:0:0:1
2026-09-09 14:45:02.317  INFO [http-nio-8080-exec-10] [trace:fcce594d] c.d.E.security.RequestLoggingFilter      : [HTTP OUT] GET /auth/users -> 200 (71ms)
2026-09-09 14:45:03.916  INFO [http-nio-8080-exec-7] [trace:c67d9208] c.d.E.security.RequestLoggingFilter      : [HTTP IN]  GET /auth/me from IP 0:0:0:0:0:0:0:1
2026-09-09 14:45:03.925  INFO [http-nio-8080-exec-1] [trace:be853641] c.d.E.security.RequestLoggingFilter      : [HTTP IN]  GET /projects from IP 0:0:0:0:0:0:0:1
2026-09-09 14:45:03.925  INFO [http-nio-8080-exec-8] [trace:8c974f32] c.d.E.security.RequestLoggingFilter      : [HTTP IN]  GET /employees/search?limit=100 from IP 0:0:0:0:0:0:0:1
2026-09-09 14:45:03.932  INFO [http-nio-8080-exec-7] [trace:c67d9208] c.d.E.security.RequestLoggingFilter      : [HTTP OUT] GET /auth/me -> 200 (16ms)
2026-09-09 14:45:03.933  INFO [http-nio-8080-exec-9] [trace:8bdd49b3] c.d.E.security.RequestLoggingFilter      : [HTTP IN]  GET /auth/me from IP 0:0:0:0:0:0:0:1
2026-09-09 14:45:03.939  INFO [http-nio-8080-exec-8] [trace:8c974f32] c.d.E.security.RequestLoggingFilter      : [HTTP OUT] GET /employees/search?limit=100 -> 200 (14ms)
2026-09-09 14:45:03.939  INFO [http-nio-8080-exec-2] [trace:f19d7f54] c.d.E.security.RequestLoggingFilter      : [HTTP IN]  GET /employees/search?limit=100 from IP 0:0:0:0:0:0:0:1
2026-09-09 14:45:03.946  INFO [http-nio-8080-exec-9] [trace:8bdd49b3] c.d.E.security.RequestLoggingFilter      : [HTTP OUT] GET /auth/me -> 200 (13ms)
2026-09-09 14:45:03.947  INFO [http-nio-8080-exec-1] [trace:be853641] c.d.E.security.RequestLoggingFilter      : [HTTP OUT] GET /projects -> 200 (22ms)
2026-09-09 14:45:03.948  INFO [http-nio-8080-exec-3] [trace:644fb43a] c.d.E.security.RequestLoggingFilter      : [HTTP IN]  GET /projects from IP 0:0:0:0:0:0:0:1
2026-09-09 14:45:03.965  INFO [http-nio-8080-exec-2] [trace:f19d7f54] c.d.E.security.RequestLoggingFilter      : [HTTP OUT] GET /employees/search?limit=100 -> 200 (26ms)
2026-09-09 14:45:03.965  INFO [http-nio-8080-exec-4] [trace:9bf314c9] c.d.E.security.RequestLoggingFilter      : [HTTP IN]  GET /employees/search?limit=100 from IP 0:0:0:0:0:0:0:1
2026-09-09 14:45:03.972  INFO [http-nio-8080-exec-3] [trace:644fb43a] c.d.E.security.RequestLoggingFilter      : [HTTP OUT] GET /projects -> 200 (24ms)
2026-09-09 14:45:03.974  INFO [http-nio-8080-exec-6] [trace:1e9b43c8] c.d.E.security.RequestLoggingFilter      : [HTTP IN]  GET /projects from IP 0:0:0:0:0:0:0:1
2026-09-09 14:45:03.981  INFO [http-nio-8080-exec-4] [trace:9bf314c9] c.d.E.security.RequestLoggingFilter      : [HTTP OUT] GET /employees/search?limit=100 -> 200 (16ms)
2026-09-09 14:45:03.989  INFO [http-nio-8080-exec-6] [trace:1e9b43c8] c.d.E.security.RequestLoggingFilter      : [HTTP OUT] GET /projects -> 200 (15ms)
2026-09-09 14:45:05.421  INFO [http-nio-8080-exec-5] [trace:658348c4] c.d.E.security.RequestLoggingFilter      : [HTTP IN]  GET /auth/me from IP 0:0:0:0:0:0:0:1
2026-09-09 14:45:05.429  INFO [http-nio-8080-exec-7] [trace:59a93216] c.d.E.security.RequestLoggingFilter      : [HTTP IN]  GET /employees/search?limit=100 from IP 0:0:0:0:0:0:0:1
2026-09-09 14:45:05.429  INFO [http-nio-8080-exec-10] [trace:db37d1ac] c.d.E.security.RequestLoggingFilter      : [HTTP IN]  GET /reviews? from IP 0:0:0:0:0:0:0:1
2026-09-09 14:45:05.443  INFO [http-nio-8080-exec-5] [trace:658348c4] c.d.E.security.RequestLoggingFilter      : [HTTP OUT] GET /auth/me -> 200 (22ms)
2026-09-09 14:45:05.444  INFO [http-nio-8080-exec-8] [trace:2bd4929c] c.d.E.security.RequestLoggingFilter      : [HTTP IN]  GET /auth/me from IP 0:0:0:0:0:0:0:1
2026-09-09 14:45:05.451  INFO [http-nio-8080-exec-10] [trace:db37d1ac] c.d.E.security.RequestLoggingFilter      : [HTTP OUT] GET /reviews? -> 200 (22ms)
2026-09-09 14:45:05.452  INFO [http-nio-8080-exec-9] [trace:af86719c] c.d.E.security.RequestLoggingFilter      : [HTTP IN]  GET /reviews? from IP 0:0:0:0:0:0:0:1
2026-09-09 14:45:05.452  INFO [http-nio-8080-exec-8] [trace:2bd4929c] c.d.E.security.RequestLoggingFilter      : [HTTP OUT] GET /auth/me -> 200 (8ms)
2026-09-09 14:45:05.452  INFO [http-nio-8080-exec-7] [trace:59a93216] c.d.E.security.RequestLoggingFilter      : [HTTP OUT] GET /employees/search?limit=100 -> 200 (23ms)
2026-09-09 14:45:05.453  INFO [http-nio-8080-exec-1] [trace:0d7fdf9c] c.d.E.security.RequestLoggingFilter      : [HTTP IN]  GET /employees/search?limit=100 from IP 0:0:0:0:0:0:0:1
2026-09-09 14:45:05.461  INFO [http-nio-8080-exec-9] [trace:af86719c] c.d.E.security.RequestLoggingFilter      : [HTTP OUT] GET /reviews? -> 200 (9ms)
2026-09-09 14:45:05.462  INFO [http-nio-8080-exec-1] [trace:0d7fdf9c] c.d.E.security.RequestLoggingFilter      : [HTTP OUT] GET /employees/search?limit=100 -> 200 (9ms)
2026-09-09 14:45:05.462  INFO [http-nio-8080-exec-2] [trace:89737dcf] c.d.E.security.RequestLoggingFilter      : [HTTP IN]  GET /reviews? from IP 0:0:0:0:0:0:0:1
2026-09-09 14:45:05.462  INFO [http-nio-8080-exec-3] [trace:495b0c8b] c.d.E.security.RequestLoggingFilter      : [HTTP IN]  GET /employees/search?limit=100 from IP 0:0:0:0:0:0:0:1
2026-09-09 14:45:05.471  INFO [http-nio-8080-exec-2] [trace:89737dcf] c.d.E.security.RequestLoggingFilter      : [HTTP OUT] GET /reviews? -> 200 (9ms)
2026-09-09 14:45:05.472  INFO [http-nio-8080-exec-3] [trace:495b0c8b] c.d.E.security.RequestLoggingFilter      : [HTTP OUT] GET /employees/search?limit=100 -> 200 (10ms)
2026-09-09 14:45:06.924  INFO [http-nio-8080-exec-4] [trace:2cad73c0] c.d.E.security.RequestLoggingFilter      : [HTTP IN]  GET /auth/pending-users from IP 0:0:0:0:0:0:0:1
2026-09-09 14:45:06.924  INFO [http-nio-8080-exec-6] [trace:5f7b06ab] c.d.E.security.RequestLoggingFilter      : [HTTP IN]  GET /health from IP 0:0:0:0:0:0:0:1
2026-09-09 14:45:06.932  INFO [http-nio-8080-exec-6] [trace:5f7b06ab] c.d.E.security.RequestLoggingFilter      : [HTTP OUT] GET /health -> 200 (8ms)
2026-09-09 14:45:07.092  INFO [http-nio-8080-exec-4] [trace:2cad73c0] c.d.E.security.RequestLoggingFilter      : [HTTP OUT] GET /auth/pending-users -> 200 (168ms)
2026-09-09 14:45:07.613  INFO [http-nio-8080-exec-5] [trace:3a3da7a7] c.d.E.security.RequestLoggingFilter      : [HTTP IN]  GET /auth/me from IP 0:0:0:0:0:0:0:1
2026-09-09 14:45:07.616  INFO [http-nio-8080-exec-10] [trace:99f86aed] c.d.E.security.RequestLoggingFilter      : [HTTP IN]  GET /departments from IP 0:0:0:0:0:0:0:1
2026-09-09 14:45:07.616  INFO [http-nio-8080-exec-8] [trace:86670446] c.d.E.security.RequestLoggingFilter      : [HTTP IN]  GET /designations from IP 0:0:0:0:0:0:0:1
2026-09-09 14:45:07.617  INFO [http-nio-8080-exec-7] [trace:a09319c5] c.d.E.security.RequestLoggingFilter      : [HTTP IN]  GET /employees/search?limit=100 from IP 0:0:0:0:0:0:0:1
2026-09-09 14:45:07.628  WARN [http-nio-8080-exec-10] [trace:99f86aed] c.d.E.config.CacheConfig                 : [CACHE WARNING] Redis cache get failed for key 'list_0_null' in cache 'departments': Unable to connect to Redis. Falling back to database query.
2026-09-09 14:45:07.630  INFO [http-nio-8080-exec-5] [trace:3a3da7a7] c.d.E.security.RequestLoggingFilter      : [HTTP OUT] GET /auth/me -> 200 (17ms)
2026-09-09 14:45:07.632  INFO [http-nio-8080-exec-9] [trace:756aa7bc] c.d.E.security.RequestLoggingFilter      : [HTTP IN]  GET /auth/me from IP 0:0:0:0:0:0:0:1
2026-09-09 14:45:07.633  INFO [http-nio-8080-exec-7] [trace:a09319c5] c.d.E.security.RequestLoggingFilter      : [HTTP OUT] GET /employees/search?limit=100 -> 200 (16ms)
2026-09-09 14:45:07.633  INFO [http-nio-8080-exec-1] [trace:04cddd21] c.d.E.security.RequestLoggingFilter      : [HTTP IN]  GET /employees/search?limit=100 from IP 0:0:0:0:0:0:0:1
2026-09-09 14:45:07.634  WARN [http-nio-8080-exec-8] [trace:86670446] c.d.E.config.CacheConfig                 : [CACHE WARNING] Redis cache get failed for key 'list_0_null' in cache 'designations': Unable to connect to Redis. Falling back to database query.
2026-09-09 14:45:07.638  INFO [http-nio-8080-exec-9] [trace:756aa7bc] c.d.E.security.RequestLoggingFilter      : [HTTP OUT] GET /auth/me -> 200 (6ms)
2026-09-09 14:45:07.639  WARN [http-nio-8080-exec-8] [trace:86670446] c.d.E.config.CacheConfig                 : [CACHE WARNING] Redis cache put failed for key 'list_0_null' in cache 'designations': Unable to connect to Redis. Continuing execution.
2026-09-09 14:45:07.639  INFO [http-nio-8080-exec-8] [trace:86670446] c.d.E.security.RequestLoggingFilter      : [HTTP OUT] GET /designations -> 200 (23ms)
2026-09-09 14:45:07.640  INFO [http-nio-8080-exec-2] [trace:80fe2d8e] c.d.E.security.RequestLoggingFilter      : [HTTP IN]  GET /designations from IP 0:0:0:0:0:0:0:1
2026-09-09 14:45:07.642  WARN [http-nio-8080-exec-10] [trace:99f86aed] c.d.E.config.CacheConfig                 : [CACHE WARNING] Redis cache put failed for key 'list_0_null' in cache 'departments': Unable to connect to Redis. Continuing execution.
2026-09-09 14:45:07.643  INFO [http-nio-8080-exec-10] [trace:99f86aed] c.d.E.security.RequestLoggingFilter      : [HTTP OUT] GET /departments -> 200 (27ms)
2026-09-09 14:45:07.643  INFO [http-nio-8080-exec-3] [trace:37e56d3e] c.d.E.security.RequestLoggingFilter      : [HTTP IN]  GET /departments from IP 0:0:0:0:0:0:0:1
2026-09-09 14:45:07.643  INFO [http-nio-8080-exec-1] [trace:04cddd21] c.d.E.security.RequestLoggingFilter      : [HTTP OUT] GET /employees/search?limit=100 -> 200 (10ms)
2026-09-09 14:45:07.645  WARN [http-nio-8080-exec-2] [trace:80fe2d8e] c.d.E.config.CacheConfig                 : [CACHE WARNING] Redis cache get failed for key 'list_0_null' in cache 'designations': Unable to connect to Redis. Falling back to database query.
2026-09-09 14:45:07.650  WARN [http-nio-8080-exec-3] [trace:37e56d3e] c.d.E.config.CacheConfig                 : [CACHE WARNING] Redis cache get failed for key 'list_0_null' in cache 'departments': Unable to connect to Redis. Falling back to database query.
2026-09-09 14:45:07.653  WARN [http-nio-8080-exec-2] [trace:80fe2d8e] c.d.E.config.CacheConfig                 : [CACHE WARNING] Redis cache put failed for key 'list_0_null' in cache 'designations': Unable to connect to Redis. Continuing execution.
2026-09-09 14:45:07.653  INFO [http-nio-8080-exec-2] [trace:80fe2d8e] c.d.E.security.RequestLoggingFilter      : [HTTP OUT] GET /designations -> 200 (13ms)
2026-09-09 14:45:07.659  WARN [http-nio-8080-exec-3] [trace:37e56d3e] c.d.E.config.CacheConfig                 : [CACHE WARNING] Redis cache put failed for key 'list_0_null' in cache 'departments': Unable to connect to Redis. Continuing execution.
2026-09-09 14:45:07.660  INFO [http-nio-8080-exec-3] [trace:37e56d3e] c.d.E.security.RequestLoggingFilter      : [HTTP OUT] GET /departments -> 200 (17ms)
2026-09-09 14:45:10.209  INFO [http-nio-8080-exec-6] [trace:882b61f6] c.d.E.security.RequestLoggingFilter      : [HTTP IN]  GET /auth/me from IP 0:0:0:0:0:0:0:1
2026-09-09 14:45:10.218  INFO [http-nio-8080-exec-4] [trace:24970c9a] c.d.E.security.RequestLoggingFilter      : [HTTP IN]  GET /announcements from IP 0:0:0:0:0:0:0:1
2026-09-09 14:45:10.222  INFO [http-nio-8080-exec-6] [trace:882b61f6] c.d.E.security.RequestLoggingFilter      : [HTTP OUT] GET /auth/me -> 200 (13ms)
2026-09-09 14:45:10.223  INFO [http-nio-8080-exec-5] [trace:6148965f] c.d.E.security.RequestLoggingFilter      : [HTTP IN]  GET /auth/me from IP 0:0:0:0:0:0:0:1
2026-09-09 14:45:10.228  INFO [http-nio-8080-exec-4] [trace:24970c9a] c.d.E.security.RequestLoggingFilter      : [HTTP OUT] GET /announcements -> 200 (10ms)
2026-09-09 14:45:10.229  INFO [http-nio-8080-exec-7] [trace:e261442e] c.d.E.security.RequestLoggingFilter      : [HTTP IN]  GET /announcements from IP 0:0:0:0:0:0:0:1
2026-09-09 14:45:10.233  INFO [http-nio-8080-exec-5] [trace:6148965f] c.d.E.security.RequestLoggingFilter      : [HTTP OUT] GET /auth/me -> 200 (10ms)
2026-09-09 14:45:10.240  INFO [http-nio-8080-exec-7] [trace:e261442e] c.d.E.security.RequestLoggingFilter      : [HTTP OUT] GET /announcements -> 200 (11ms)
2026-09-09 14:45:10.240  INFO [http-nio-8080-exec-9] [trace:85f207ba] c.d.E.security.RequestLoggingFilter      : [HTTP IN]  GET /announcements from IP 0:0:0:0:0:0:0:1
2026-09-09 14:45:10.250  INFO [http-nio-8080-exec-9] [trace:85f207ba] c.d.E.security.RequestLoggingFilter      : [HTTP OUT] GET /announcements -> 200 (10ms)
2026-09-09 14:45:12.703  INFO [http-nio-8080-exec-8] [trace:7bc39186] c.d.E.security.RequestLoggingFilter      : [HTTP IN]  GET /auth/me from IP 0:0:0:0:0:0:0:1
2026-09-09 14:45:12.703  INFO [http-nio-8080-exec-10] [trace:259e5be0] c.d.E.security.RequestLoggingFilter      : [HTTP IN]  GET /holidays from IP 0:0:0:0:0:0:0:1
2026-09-09 14:45:12.719  WARN [http-nio-8080-exec-10] [trace:259e5be0] c.d.E.config.CacheConfig                 : [CACHE WARNING] Redis cache get failed for key 'all_all_0_null' in cache 'holidays': Unable to connect to Redis. Falling back to database query.
2026-09-09 14:45:12.720  INFO [http-nio-8080-exec-8] [trace:7bc39186] c.d.E.security.RequestLoggingFilter      : [HTTP OUT] GET /auth/me -> 200 (17ms)
2026-09-09 14:45:12.721  INFO [http-nio-8080-exec-1] [trace:5181f7c4] c.d.E.security.RequestLoggingFilter      : [HTTP IN]  GET /auth/me from IP 0:0:0:0:0:0:0:1
2026-09-09 14:45:12.732  INFO [http-nio-8080-exec-1] [trace:5181f7c4] c.d.E.security.RequestLoggingFilter      : [HTTP OUT] GET /auth/me -> 200 (11ms)
2026-09-09 14:45:12.736  WARN [http-nio-8080-exec-10] [trace:259e5be0] c.d.E.config.CacheConfig                 : [CACHE WARNING] Redis cache put failed for key 'all_all_0_null' in cache 'holidays': Unable to connect to Redis. Continuing execution.
2026-09-09 14:45:12.736  INFO [http-nio-8080-exec-10] [trace:259e5be0] c.d.E.security.RequestLoggingFilter      : [HTTP OUT] GET /holidays -> 200 (33ms)
2026-09-09 14:45:12.736  INFO [http-nio-8080-exec-2] [trace:838f222d] c.d.E.security.RequestLoggingFilter      : [HTTP IN]  GET /holidays from IP 0:0:0:0:0:0:0:1
2026-09-09 14:45:12.745  WARN [http-nio-8080-exec-2] [trace:838f222d] c.d.E.config.CacheConfig                 : [CACHE WARNING] Redis cache get failed for key 'all_all_0_null' in cache 'holidays': Unable to connect to Redis. Falling back to database query.
2026-09-09 14:45:12.751  WARN [http-nio-8080-exec-2] [trace:838f222d] c.d.E.config.CacheConfig                 : [CACHE WARNING] Redis cache put failed for key 'all_all_0_null' in cache 'holidays': Unable to connect to Redis. Continuing execution.
2026-09-09 14:45:12.751  INFO [http-nio-8080-exec-2] [trace:838f222d] c.d.E.security.RequestLoggingFilter      : [HTTP OUT] GET /holidays -> 200 (15ms)
2026-09-09 14:45:14.689  INFO [http-nio-8080-exec-3] [trace:88c560d1] c.d.E.security.RequestLoggingFilter      : [HTTP IN]  GET /auth/me from IP 0:0:0:0:0:0:0:1
2026-09-09 14:45:14.691  INFO [http-nio-8080-exec-6] [trace:e69e7f85] c.d.E.security.RequestLoggingFilter      : [HTTP IN]  GET /departments from IP 0:0:0:0:0:0:0:1
2026-09-09 14:45:14.694  INFO [http-nio-8080-exec-4] [trace:329f5167] c.d.E.security.RequestLoggingFilter      : [HTTP IN]  GET /designations from IP 0:0:0:0:0:0:0:1
2026-09-09 14:45:14.694  INFO [http-nio-8080-exec-7] [trace:8f1ca30e] c.d.E.security.RequestLoggingFilter      : [HTTP IN]  GET /auth/roles from IP 0:0:0:0:0:0:0:1
2026-09-09 14:45:14.695  INFO [http-nio-8080-exec-9] [trace:5af60515] c.d.E.security.RequestLoggingFilter      : [HTTP IN]  GET /auth/permissions from IP 0:0:0:0:0:0:0:1
2026-09-09 14:45:14.695  INFO [http-nio-8080-exec-5] [trace:33c1ff4f] c.d.E.security.RequestLoggingFilter      : [HTTP IN]  GET /employees/search?limit=100 from IP 0:0:0:0:0:0:0:1
2026-09-09 14:45:14.703  INFO [http-nio-8080-exec-3] [trace:88c560d1] c.d.E.security.RequestLoggingFilter      : [HTTP OUT] GET /auth/me -> 200 (14ms)
2026-09-09 14:45:14.705  INFO [http-nio-8080-exec-9] [trace:5af60515] c.d.E.security.RequestLoggingFilter      : [HTTP OUT] GET /auth/permissions -> 200 (10ms)
2026-09-09 14:45:14.705  INFO [http-nio-8080-exec-8] [trace:ee4e4677] c.d.E.security.RequestLoggingFilter      : [HTTP IN]  GET /auth/users from IP 0:0:0:0:0:0:0:1
2026-09-09 14:45:14.709  INFO [http-nio-8080-exec-1] [trace:f6e84255] c.d.E.security.RequestLoggingFilter      : [HTTP IN]  GET /auth/pending-users from IP 0:0:0:0:0:0:0:1
2026-09-09 14:45:14.710  WARN [http-nio-8080-exec-6] [trace:e69e7f85] c.d.E.config.CacheConfig                 : [CACHE WARNING] Redis cache get failed for key 'list_0_null' in cache 'departments': Unable to connect to Redis. Falling back to database query.
2026-09-09 14:45:14.713  WARN [http-nio-8080-exec-4] [trace:329f5167] c.d.E.config.CacheConfig                 : [CACHE WARNING] Redis cache get failed for key 'list_0_null' in cache 'designations': Unable to connect to Redis. Falling back to database query.
2026-09-09 14:45:14.715  INFO [http-nio-8080-exec-5] [trace:33c1ff4f] c.d.E.security.RequestLoggingFilter      : [HTTP OUT] GET /employees/search?limit=100 -> 200 (20ms)
2026-09-09 14:45:14.717  INFO [http-nio-8080-exec-10] [trace:e8b8e579] c.d.E.security.RequestLoggingFilter      : [HTTP IN]  GET /auth/me from IP 0:0:0:0:0:0:0:1
2026-09-09 14:45:14.717  INFO [http-nio-8080-exec-7] [trace:8f1ca30e] c.d.E.security.RequestLoggingFilter      : [HTTP OUT] GET /auth/roles -> 200 (23ms)
2026-09-09 14:45:14.718  INFO [http-nio-8080-exec-2] [trace:42f3ce70] c.d.E.security.RequestLoggingFilter      : [HTTP IN]  GET /employees/search?limit=100 from IP 0:0:0:0:0:0:0:1
2026-09-09 14:45:14.719  WARN [http-nio-8080-exec-6] [trace:e69e7f85] c.d.E.config.CacheConfig                 : [CACHE WARNING] Redis cache put failed for key 'list_0_null' in cache 'departments': Unable to connect to Redis. Continuing execution.
2026-09-09 14:45:14.720  INFO [http-nio-8080-exec-6] [trace:e69e7f85] c.d.E.security.RequestLoggingFilter      : [HTTP OUT] GET /departments -> 200 (29ms)
2026-09-09 14:45:14.721  INFO [http-nio-8080-exec-3] [trace:b86b932d] c.d.E.security.RequestLoggingFilter      : [HTTP IN]  GET /auth/roles from IP 0:0:0:0:0:0:0:1
2026-09-09 14:45:14.722  WARN [http-nio-8080-exec-4] [trace:329f5167] c.d.E.config.CacheConfig                 : [CACHE WARNING] Redis cache put failed for key 'list_0_null' in cache 'designations': Unable to connect to Redis. Continuing execution.
2026-09-09 14:45:14.723  INFO [http-nio-8080-exec-10] [trace:e8b8e579] c.d.E.security.RequestLoggingFilter      : [HTTP OUT] GET /auth/me -> 200 (6ms)
2026-09-09 14:45:14.723  INFO [http-nio-8080-exec-4] [trace:329f5167] c.d.E.security.RequestLoggingFilter      : [HTTP OUT] GET /designations -> 200 (29ms)
2026-09-09 14:45:14.723  INFO [http-nio-8080-exec-9] [trace:41555fe5] c.d.E.security.RequestLoggingFilter      : [HTTP IN]  GET /departments from IP 0:0:0:0:0:0:0:1
2026-09-09 14:45:14.723  INFO [http-nio-8080-exec-5] [trace:ed25b4db] c.d.E.security.RequestLoggingFilter      : [HTTP IN]  GET /designations from IP 0:0:0:0:0:0:0:1
2026-09-09 14:45:14.723  INFO [http-nio-8080-exec-2] [trace:42f3ce70] c.d.E.security.RequestLoggingFilter      : [HTTP OUT] GET /employees/search?limit=100 -> 200 (5ms)
2026-09-09 14:45:14.732  WARN [http-nio-8080-exec-5] [trace:ed25b4db] c.d.E.config.CacheConfig                 : [CACHE WARNING] Redis cache get failed for key 'list_0_null' in cache 'designations': Unable to connect to Redis. Falling back to database query.
2026-09-09 14:45:14.736  WARN [http-nio-8080-exec-9] [trace:41555fe5] c.d.E.config.CacheConfig                 : [CACHE WARNING] Redis cache get failed for key 'list_0_null' in cache 'departments': Unable to connect to Redis. Falling back to database query.
2026-09-09 14:45:14.736  INFO [http-nio-8080-exec-3] [trace:b86b932d] c.d.E.security.RequestLoggingFilter      : [HTTP OUT] GET /auth/roles -> 200 (15ms)
2026-09-09 14:45:14.737  INFO [http-nio-8080-exec-7] [trace:30183ca5] c.d.E.security.RequestLoggingFilter      : [HTTP IN]  GET /auth/roles from IP 0:0:0:0:0:0:0:1
2026-09-09 14:45:14.739  WARN [http-nio-8080-exec-5] [trace:ed25b4db] c.d.E.config.CacheConfig                 : [CACHE WARNING] Redis cache put failed for key 'list_0_null' in cache 'designations': Unable to connect to Redis. Continuing execution.
2026-09-09 14:45:14.740  INFO [http-nio-8080-exec-5] [trace:ed25b4db] c.d.E.security.RequestLoggingFilter      : [HTTP OUT] GET /designations -> 200 (17ms)
2026-09-09 14:45:14.740  WARN [http-nio-8080-exec-9] [trace:41555fe5] c.d.E.config.CacheConfig                 : [CACHE WARNING] Redis cache put failed for key 'list_0_null' in cache 'departments': Unable to connect to Redis. Continuing execution.
2026-09-09 14:45:14.740  INFO [http-nio-8080-exec-9] [trace:41555fe5] c.d.E.security.RequestLoggingFilter      : [HTTP OUT] GET /departments -> 200 (17ms)
2026-09-09 14:45:14.740  INFO [http-nio-8080-exec-7] [trace:30183ca5] c.d.E.security.RequestLoggingFilter      : [HTTP OUT] GET /auth/roles -> 200 (3ms)
2026-09-09 14:45:14.755  INFO [http-nio-8080-exec-1] [trace:f6e84255] c.d.E.security.RequestLoggingFilter      : [HTTP OUT] GET /auth/pending-users -> 200 (46ms)
2026-09-09 14:45:14.830  INFO [http-nio-8080-exec-8] [trace:ee4e4677] c.d.E.security.RequestLoggingFilter      : [HTTP OUT] GET /auth/users -> 200 (125ms)
2026-09-09 14:45:17.087  INFO [http-nio-8080-exec-6] [trace:f74efeb6] c.d.E.security.RequestLoggingFilter      : [HTTP IN]  GET /auth/me from IP 0:0:0:0:0:0:0:1
2026-09-09 14:45:17.087  INFO [http-nio-8080-exec-10] [trace:4d72ab33] c.d.E.security.RequestLoggingFilter      : [HTTP IN]  GET /departments from IP 0:0:0:0:0:0:0:1
2026-09-09 14:45:17.087  INFO [http-nio-8080-exec-4] [trace:25bc4811] c.d.E.security.RequestLoggingFilter      : [HTTP IN]  GET /employees/search?limit=100 from IP 0:0:0:0:0:0:0:1
2026-09-09 14:45:17.087  INFO [http-nio-8080-exec-2] [trace:f08c9e7e] c.d.E.security.RequestLoggingFilter      : [HTTP IN]  GET /attendance/records?limit=100 from IP 0:0:0:0:0:0:0:1
2026-09-09 14:45:17.087  INFO [http-nio-8080-exec-3] [trace:3ac61c69] c.d.E.security.RequestLoggingFilter      : [HTTP IN]  GET /leaves/requests?limit=100 from IP 0:0:0:0:0:0:0:1
2026-09-09 14:45:17.089  INFO [http-nio-8080-exec-5] [trace:aff481fe] c.d.E.security.RequestLoggingFilter      : [HTTP IN]  GET /leaves/balances/me from IP 0:0:0:0:0:0:0:1
2026-09-09 14:45:17.107  INFO [http-nio-8080-exec-6] [trace:f74efeb6] c.d.E.security.RequestLoggingFilter      : [HTTP OUT] GET /auth/me -> 200 (20ms)
2026-09-09 14:45:17.107  WARN [http-nio-8080-exec-10] [trace:4d72ab33] c.d.E.config.CacheConfig                 : [CACHE WARNING] Redis cache get failed for key 'list_0_null' in cache 'departments': Unable to connect to Redis. Falling back to database query.
2026-09-09 14:45:17.107  INFO [http-nio-8080-exec-9] [trace:9a9070b7] c.d.E.security.RequestLoggingFilter      : [HTTP IN]  GET /projects from IP 0:0:0:0:0:0:0:1
2026-09-09 14:45:17.113  INFO [http-nio-8080-exec-5] [trace:aff481fe] c.d.E.security.RequestLoggingFilter      : [HTTP OUT] GET /leaves/balances/me -> 200 (24ms)
2026-09-09 14:45:17.113  INFO [http-nio-8080-exec-4] [trace:25bc4811] c.d.E.security.RequestLoggingFilter      : [HTTP OUT] GET /employees/search?limit=100 -> 200 (26ms)
2026-09-09 14:45:17.113  INFO [http-nio-8080-exec-7] [trace:3dde2119] c.d.E.security.RequestLoggingFilter      : [HTTP IN]  GET /reviews? from IP 0:0:0:0:0:0:0:1
2026-09-09 14:45:17.113  INFO [http-nio-8080-exec-3] [trace:3ac61c69] c.d.E.security.RequestLoggingFilter      : [HTTP OUT] GET /leaves/requests?limit=100 -> 200 (26ms)
2026-09-09 14:45:17.113  INFO [http-nio-8080-exec-2] [trace:f08c9e7e] c.d.E.security.RequestLoggingFilter      : [HTTP OUT] GET /attendance/records?limit=100 -> 200 (26ms)
2026-09-09 14:45:17.113  INFO [http-nio-8080-exec-1] [trace:6b81f689] c.d.E.security.RequestLoggingFilter      : [HTTP IN]  GET /announcements from IP 0:0:0:0:0:0:0:1
2026-09-09 14:45:17.113  INFO [http-nio-8080-exec-8] [trace:431557f0] c.d.E.security.RequestLoggingFilter      : [HTTP IN]  GET /auth/pending-users from IP 0:0:0:0:0:0:0:1
2026-09-09 14:45:17.113  INFO [http-nio-8080-exec-6] [trace:1b25de21] c.d.E.security.RequestLoggingFilter      : [HTTP IN]  GET /payroll/runs?limit=100 from IP 0:0:0:0:0:0:0:1
2026-09-09 14:45:17.113  WARN [http-nio-8080-exec-10] [trace:4d72ab33] c.d.E.config.CacheConfig                 : [CACHE WARNING] Redis cache put failed for key 'list_0_null' in cache 'departments': Unable to connect to Redis. Continuing execution.
2026-09-09 14:45:17.123  INFO [http-nio-8080-exec-10] [trace:4d72ab33] c.d.E.security.RequestLoggingFilter      : [HTTP OUT] GET /departments -> 200 (36ms)
2026-09-09 14:45:17.124  INFO [http-nio-8080-exec-1] [trace:6b81f689] c.d.E.security.RequestLoggingFilter      : [HTTP OUT] GET /announcements -> 200 (11ms)
2026-09-09 14:45:17.126  INFO [http-nio-8080-exec-5] [trace:9513340f] c.d.E.security.RequestLoggingFilter      : [HTTP IN]  GET /auth/me from IP 0:0:0:0:0:0:0:1
2026-09-09 14:45:17.129  INFO [http-nio-8080-exec-7] [trace:3dde2119] c.d.E.security.RequestLoggingFilter      : [HTTP OUT] GET /reviews? -> 200 (16ms)
2026-09-09 14:45:17.130  INFO [http-nio-8080-exec-4] [trace:e7c19dcc] c.d.E.security.RequestLoggingFilter      : [HTTP IN]  GET /leaves/balances/me from IP 0:0:0:0:0:0:0:1
2026-09-09 14:45:17.135  INFO [http-nio-8080-exec-9] [trace:9a9070b7] c.d.E.security.RequestLoggingFilter      : [HTTP OUT] GET /projects -> 200 (28ms)
2026-09-09 14:45:17.135  INFO [http-nio-8080-exec-2] [trace:4d642cc9] c.d.E.security.RequestLoggingFilter      : [HTTP IN]  GET /employees/search?limit=100 from IP 0:0:0:0:0:0:0:1
2026-09-09 14:45:17.138  INFO [http-nio-8080-exec-3] [trace:32440964] c.d.E.security.RequestLoggingFilter      : [HTTP IN]  GET /attendance/records?limit=100 from IP 0:0:0:0:0:0:0:1
2026-09-09 14:45:17.139  INFO [http-nio-8080-exec-5] [trace:9513340f] c.d.E.security.RequestLoggingFilter      : [HTTP OUT] GET /auth/me -> 200 (13ms)
2026-09-09 14:45:17.143  INFO [http-nio-8080-exec-10] [trace:ad0f4091] c.d.E.security.RequestLoggingFilter      : [HTTP IN]  GET /leaves/requests?limit=100 from IP 0:0:0:0:0:0:0:1
2026-09-09 14:45:17.146  INFO [http-nio-8080-exec-4] [trace:e7c19dcc] c.d.E.security.RequestLoggingFilter      : [HTTP OUT] GET /leaves/balances/me -> 200 (16ms)
2026-09-09 14:45:17.150  INFO [http-nio-8080-exec-2] [trace:4d642cc9] c.d.E.security.RequestLoggingFilter      : [HTTP OUT] GET /employees/search?limit=100 -> 200 (15ms)
2026-09-09 14:45:17.151  INFO [http-nio-8080-exec-2] [trace:ab89675a] c.d.E.security.RequestLoggingFilter      : [HTTP IN]  GET /departments from IP 0:0:0:0:0:0:0:1
2026-09-09 14:45:17.153  INFO [http-nio-8080-exec-7] [trace:d73f8a67] c.d.E.security.RequestLoggingFilter      : [HTTP IN]  GET /announcements from IP 0:0:0:0:0:0:0:1
2026-09-09 14:45:17.157  INFO [http-nio-8080-exec-3] [trace:32440964] c.d.E.security.RequestLoggingFilter      : [HTTP OUT] GET /attendance/records?limit=100 -> 200 (19ms)
2026-09-09 14:45:17.159  INFO [http-nio-8080-exec-9] [trace:06dddffc] c.d.E.security.RequestLoggingFilter      : [HTTP IN]  GET /reviews? from IP 0:0:0:0:0:0:0:1
2026-09-09 14:45:17.159  WARN [http-nio-8080-exec-2] [trace:ab89675a] c.d.E.config.CacheConfig                 : [CACHE WARNING] Redis cache get failed for key 'list_0_null' in cache 'departments': Unable to connect to Redis. Falling back to database query.
2026-09-09 14:45:17.159  INFO [http-nio-8080-exec-7] [trace:d73f8a67] c.d.E.security.RequestLoggingFilter      : [HTTP OUT] GET /announcements -> 200 (6ms)
2026-09-09 14:45:17.159  INFO [http-nio-8080-exec-10] [trace:ad0f4091] c.d.E.security.RequestLoggingFilter      : [HTTP OUT] GET /leaves/requests?limit=100 -> 200 (16ms)
2026-09-09 14:45:17.159  INFO [http-nio-8080-exec-6] [trace:1b25de21] c.d.E.security.RequestLoggingFilter      : [HTTP OUT] GET /payroll/runs?limit=100 -> 200 (46ms)
2026-09-09 14:45:17.163  INFO [http-nio-8080-exec-5] [trace:2d60d527] c.d.E.security.RequestLoggingFilter      : [HTTP IN]  GET /projects from IP 0:0:0:0:0:0:0:1
2026-09-09 14:45:17.163  INFO [http-nio-8080-exec-4] [trace:9dc95aa5] c.d.E.security.RequestLoggingFilter      : [HTTP IN]  GET /leaves/balances/me from IP 0:0:0:0:0:0:0:1
2026-09-09 14:45:17.163  INFO [http-nio-8080-exec-1] [trace:f3f9d049] c.d.E.security.RequestLoggingFilter      : [HTTP IN]  GET /employees/search?limit=100 from IP 0:0:0:0:0:0:0:1
2026-09-09 14:45:17.165  INFO [http-nio-8080-exec-9] [trace:06dddffc] c.d.E.security.RequestLoggingFilter      : [HTTP OUT] GET /reviews? -> 200 (6ms)
2026-09-09 14:45:17.165  WARN [http-nio-8080-exec-2] [trace:ab89675a] c.d.E.config.CacheConfig                 : [CACHE WARNING] Redis cache put failed for key 'list_0_null' in cache 'departments': Unable to connect to Redis. Continuing execution.
2026-09-09 14:45:17.169  INFO [http-nio-8080-exec-2] [trace:ab89675a] c.d.E.security.RequestLoggingFilter      : [HTTP OUT] GET /departments -> 200 (18ms)
2026-09-09 14:45:17.169  INFO [http-nio-8080-exec-3] [trace:f2d5332e] c.d.E.security.RequestLoggingFilter      : [HTTP IN]  GET /attendance/records?limit=100 from IP 0:0:0:0:0:0:0:1
2026-09-09 14:45:17.169  INFO [http-nio-8080-exec-10] [trace:ec188ee0] c.d.E.security.RequestLoggingFilter      : [HTTP IN]  GET /payroll/runs?limit=100 from IP 0:0:0:0:0:0:0:1
2026-09-09 14:45:17.172  INFO [http-nio-8080-exec-4] [trace:9dc95aa5] c.d.E.security.RequestLoggingFilter      : [HTTP OUT] GET /leaves/balances/me -> 200 (9ms)
2026-09-09 14:45:17.172  INFO [http-nio-8080-exec-7] [trace:75080c42] c.d.E.security.RequestLoggingFilter      : [HTTP IN]  GET /announcements from IP 0:0:0:0:0:0:0:1
2026-09-09 14:45:17.172  INFO [http-nio-8080-exec-5] [trace:2d60d527] c.d.E.security.RequestLoggingFilter      : [HTTP OUT] GET /projects -> 200 (9ms)
2026-09-09 14:45:17.172  INFO [http-nio-8080-exec-1] [trace:f3f9d049] c.d.E.security.RequestLoggingFilter      : [HTTP OUT] GET /employees/search?limit=100 -> 200 (9ms)
2026-09-09 14:45:17.172  INFO [http-nio-8080-exec-6] [trace:1cdbcfe9] c.d.E.security.RequestLoggingFilter      : [HTTP IN]  GET /leaves/requests?limit=100 from IP 0:0:0:0:0:0:0:1
2026-09-09 14:45:17.172  INFO [http-nio-8080-exec-9] [trace:45511204] c.d.E.security.RequestLoggingFilter      : [HTTP IN]  GET /reviews? from IP 0:0:0:0:0:0:0:1
2026-09-09 14:45:17.172  INFO [http-nio-8080-exec-7] [trace:75080c42] c.d.E.security.RequestLoggingFilter      : [HTTP OUT] GET /announcements -> 200 (0ms)
2026-09-09 14:45:17.172  INFO [http-nio-8080-exec-2] [trace:ac116384] c.d.E.security.RequestLoggingFilter      : [HTTP IN]  GET /departments from IP 0:0:0:0:0:0:0:1
2026-09-09 14:45:17.172  INFO [http-nio-8080-exec-3] [trace:f2d5332e] c.d.E.security.RequestLoggingFilter      : [HTTP OUT] GET /attendance/records?limit=100 -> 200 (3ms)
2026-09-09 14:45:17.172  INFO [http-nio-8080-exec-4] [trace:bc16e1a7] c.d.E.security.RequestLoggingFilter      : [HTTP IN]  GET /leaves/balances/me from IP 0:0:0:0:0:0:0:1
2026-09-09 14:45:17.172  INFO [http-nio-8080-exec-9] [trace:45511204] c.d.E.security.RequestLoggingFilter      : [HTTP OUT] GET /reviews? -> 200 (0ms)
2026-09-09 14:45:17.186  INFO [http-nio-8080-exec-5] [trace:00fb051f] c.d.E.security.RequestLoggingFilter      : [HTTP IN]  GET /employees/search?limit=100 from IP 0:0:0:0:0:0:0:1
2026-09-09 14:45:17.186  INFO [http-nio-8080-exec-6] [trace:1cdbcfe9] c.d.E.security.RequestLoggingFilter      : [HTTP OUT] GET /leaves/requests?limit=100 -> 200 (14ms)
2026-09-09 14:45:17.186  INFO [http-nio-8080-exec-1] [trace:3fd36e17] c.d.E.security.RequestLoggingFilter      : [HTTP IN]  GET /projects from IP 0:0:0:0:0:0:0:1
2026-09-09 14:45:17.186  WARN [http-nio-8080-exec-2] [trace:ac116384] c.d.E.config.CacheConfig                 : [CACHE WARNING] Redis cache get failed for key 'list_0_null' in cache 'departments': Unable to connect to Redis. Falling back to database query.
2026-09-09 14:45:17.186  INFO [http-nio-8080-exec-4] [trace:bc16e1a7] c.d.E.security.RequestLoggingFilter      : [HTTP OUT] GET /leaves/balances/me -> 200 (14ms)
2026-09-09 14:45:17.186  INFO [http-nio-8080-exec-8] [trace:431557f0] c.d.E.security.RequestLoggingFilter      : [HTTP OUT] GET /auth/pending-users -> 200 (73ms)
2026-09-09 14:45:17.186  INFO [http-nio-8080-exec-7] [trace:fc59b2fa] c.d.E.security.RequestLoggingFilter      : [HTTP IN]  GET /announcements from IP 0:0:0:0:0:0:0:1
2026-09-09 14:45:17.186  INFO [http-nio-8080-exec-3] [trace:8d6af2ae] c.d.E.security.RequestLoggingFilter      : [HTTP IN]  GET /attendance/records?limit=100 from IP 0:0:0:0:0:0:0:1
2026-09-09 14:45:17.186  INFO [http-nio-8080-exec-5] [trace:00fb051f] c.d.E.security.RequestLoggingFilter      : [HTTP OUT] GET /employees/search?limit=100 -> 200 (0ms)
2026-09-09 14:45:17.186  INFO [http-nio-8080-exec-9] [trace:6b925e82] c.d.E.security.RequestLoggingFilter      : [HTTP IN]  GET /reviews? from IP 0:0:0:0:0:0:0:1
2026-09-09 14:45:17.186  WARN [http-nio-8080-exec-2] [trace:ac116384] c.d.E.config.CacheConfig                 : [CACHE WARNING] Redis cache put failed for key 'list_0_null' in cache 'departments': Unable to connect to Redis. Continuing execution.
2026-09-09 14:45:17.186  INFO [http-nio-8080-exec-10] [trace:ec188ee0] c.d.E.security.RequestLoggingFilter      : [HTTP OUT] GET /payroll/runs?limit=100 -> 200 (17ms)
2026-09-09 14:45:17.186  INFO [http-nio-8080-exec-2] [trace:ac116384] c.d.E.security.RequestLoggingFilter      : [HTTP OUT] GET /departments -> 200 (14ms)
2026-09-09 14:45:17.186  INFO [http-nio-8080-exec-1] [trace:3fd36e17] c.d.E.security.RequestLoggingFilter      : [HTTP OUT] GET /projects -> 200 (0ms)
2026-09-09 14:45:17.201  INFO [http-nio-8080-exec-4] [trace:8ee7c76b] c.d.E.security.RequestLoggingFilter      : [HTTP IN]  GET /leaves/balances/me from IP 0:0:0:0:0:0:0:1
2026-09-09 14:45:17.201  INFO [http-nio-8080-exec-6] [trace:467b6bf8] c.d.E.security.RequestLoggingFilter      : [HTTP IN]  GET /leaves/requests?limit=100 from IP 0:0:0:0:0:0:0:1
2026-09-09 14:45:17.202  INFO [http-nio-8080-exec-7] [trace:fc59b2fa] c.d.E.security.RequestLoggingFilter      : [HTTP OUT] GET /announcements -> 200 (16ms)
2026-09-09 14:45:17.204  INFO [http-nio-8080-exec-8] [trace:cb082acf] c.d.E.security.RequestLoggingFilter      : [HTTP IN]  GET /auth/pending-users from IP 0:0:0:0:0:0:0:1
2026-09-09 14:45:17.204  INFO [http-nio-8080-exec-5] [trace:179058f3] c.d.E.security.RequestLoggingFilter      : [HTTP IN]  GET /employees/search?limit=100 from IP 0:0:0:0:0:0:0:1
2026-09-09 14:45:17.207  INFO [http-nio-8080-exec-9] [trace:6b925e82] c.d.E.security.RequestLoggingFilter      : [HTTP OUT] GET /reviews? -> 200 (21ms)
2026-09-09 14:45:17.208  INFO [http-nio-8080-exec-3] [trace:8d6af2ae] c.d.E.security.RequestLoggingFilter      : [HTTP OUT] GET /attendance/records?limit=100 -> 200 (22ms)
2026-09-09 14:45:17.209  INFO [http-nio-8080-exec-10] [trace:ee102eee] c.d.E.security.RequestLoggingFilter      : [HTTP IN]  GET /payroll/runs?limit=100 from IP 0:0:0:0:0:0:0:1
2026-09-09 14:45:17.210  INFO [http-nio-8080-exec-2] [trace:4d2c33c6] c.d.E.security.RequestLoggingFilter      : [HTTP IN]  GET /departments from IP 0:0:0:0:0:0:0:1
2026-09-09 14:45:17.211  INFO [http-nio-8080-exec-4] [trace:8ee7c76b] c.d.E.security.RequestLoggingFilter      : [HTTP OUT] GET /leaves/balances/me -> 200 (10ms)
2026-09-09 14:45:17.213  INFO [http-nio-8080-exec-1] [trace:24c34086] c.d.E.security.RequestLoggingFilter      : [HTTP IN]  GET /projects from IP 0:0:0:0:0:0:0:1
2026-09-09 14:45:17.214  INFO [http-nio-8080-exec-6] [trace:467b6bf8] c.d.E.security.RequestLoggingFilter      : [HTTP OUT] GET /leaves/requests?limit=100 -> 200 (13ms)
2026-09-09 14:45:17.214  INFO [http-nio-8080-exec-5] [trace:179058f3] c.d.E.security.RequestLoggingFilter      : [HTTP OUT] GET /employees/search?limit=100 -> 200 (10ms)
2026-09-09 14:45:17.217  INFO [http-nio-8080-exec-7] [trace:9230a54e] c.d.E.security.RequestLoggingFilter      : [HTTP IN]  GET /announcements from IP 0:0:0:0:0:0:0:1
2026-09-09 14:45:17.217  WARN [http-nio-8080-exec-2] [trace:4d2c33c6] c.d.E.config.CacheConfig                 : [CACHE WARNING] Redis cache get failed for key 'list_0_null' in cache 'departments': Unable to connect to Redis. Falling back to database query.
2026-09-09 14:45:17.217  INFO [http-nio-8080-exec-9] [trace:9d643444] c.d.E.security.RequestLoggingFilter      : [HTTP IN]  GET /reviews? from IP 0:0:0:0:0:0:0:1
2026-09-09 14:45:17.228  INFO [http-nio-8080-exec-7] [trace:9230a54e] c.d.E.security.RequestLoggingFilter      : [HTTP OUT] GET /announcements -> 200 (11ms)
2026-09-09 14:45:17.228  INFO [http-nio-8080-exec-1] [trace:24c34086] c.d.E.security.RequestLoggingFilter      : [HTTP OUT] GET /projects -> 200 (15ms)
2026-09-09 14:45:17.230  INFO [http-nio-8080-exec-3] [trace:712eeed8] c.d.E.security.RequestLoggingFilter      : [HTTP IN]  GET /attendance/records?limit=100 from IP 0:0:0:0:0:0:0:1
2026-09-09 14:45:17.230  WARN [http-nio-8080-exec-2] [trace:4d2c33c6] c.d.E.config.CacheConfig                 : [CACHE WARNING] Redis cache put failed for key 'list_0_null' in cache 'departments': Unable to connect to Redis. Continuing execution.
2026-09-09 14:45:17.230  INFO [http-nio-8080-exec-4] [trace:6b0818f4] c.d.E.security.RequestLoggingFilter      : [HTTP IN]  GET /leaves/requests?limit=100 from IP 0:0:0:0:0:0:0:1
2026-09-09 14:45:17.231  INFO [http-nio-8080-exec-2] [trace:4d2c33c6] c.d.E.security.RequestLoggingFilter      : [HTTP OUT] GET /departments -> 200 (21ms)
2026-09-09 14:45:17.231  INFO [http-nio-8080-exec-9] [trace:9d643444] c.d.E.security.RequestLoggingFilter      : [HTTP OUT] GET /reviews? -> 200 (14ms)
2026-09-09 14:45:17.231  INFO [http-nio-8080-exec-6] [trace:89328036] c.d.E.security.RequestLoggingFilter      : [HTTP IN]  GET /projects from IP 0:0:0:0:0:0:0:1
2026-09-09 14:45:17.231  INFO [http-nio-8080-exec-5] [trace:fb42cedd] c.d.E.security.RequestLoggingFilter      : [HTTP IN]  GET /departments from IP 0:0:0:0:0:0:0:1
2026-09-09 14:45:17.245  WARN [http-nio-8080-exec-5] [trace:fb42cedd] c.d.E.config.CacheConfig                 : [CACHE WARNING] Redis cache get failed for key 'list_0_null' in cache 'departments': Unable to connect to Redis. Falling back to database query.
2026-09-09 14:45:17.247  INFO [http-nio-8080-exec-3] [trace:712eeed8] c.d.E.security.RequestLoggingFilter      : [HTTP OUT] GET /attendance/records?limit=100 -> 200 (17ms)
2026-09-09 14:45:17.248  INFO [http-nio-8080-exec-6] [trace:89328036] c.d.E.security.RequestLoggingFilter      : [HTTP OUT] GET /projects -> 200 (17ms)
2026-09-09 14:45:17.248  INFO [http-nio-8080-exec-4] [trace:6b0818f4] c.d.E.security.RequestLoggingFilter      : [HTTP OUT] GET /leaves/requests?limit=100 -> 200 (18ms)
2026-09-09 14:45:17.248  INFO [http-nio-8080-exec-10] [trace:ee102eee] c.d.E.security.RequestLoggingFilter      : [HTTP OUT] GET /payroll/runs?limit=100 -> 200 (39ms)
2026-09-09 14:45:17.250  INFO [http-nio-8080-exec-7] [trace:40deed37] c.d.E.security.RequestLoggingFilter      : [HTTP IN]  GET /payroll/runs?limit=100 from IP 0:0:0:0:0:0:0:1
2026-09-09 14:45:17.263  WARN [http-nio-8080-exec-5] [trace:fb42cedd] c.d.E.config.CacheConfig                 : [CACHE WARNING] Redis cache put failed for key 'list_0_null' in cache 'departments': Unable to connect to Redis. Continuing execution.
2026-09-09 14:45:17.264  INFO [http-nio-8080-exec-5] [trace:fb42cedd] c.d.E.security.RequestLoggingFilter      : [HTTP OUT] GET /departments -> 200 (33ms)
2026-09-09 14:45:17.288  INFO [http-nio-8080-exec-7] [trace:40deed37] c.d.E.security.RequestLoggingFilter      : [HTTP OUT] GET /payroll/runs?limit=100 -> 200 (38ms)
2026-09-09 14:45:17.289  INFO [http-nio-8080-exec-1] [trace:369db202] c.d.E.security.RequestLoggingFilter      : [HTTP IN]  GET /payroll/runs?limit=100 from IP 0:0:0:0:0:0:0:1
2026-09-09 14:45:17.298  INFO [http-nio-8080-exec-8] [trace:cb082acf] c.d.E.security.RequestLoggingFilter      : [HTTP OUT] GET /auth/pending-users -> 200 (94ms)
2026-09-09 14:45:17.298  INFO [http-nio-8080-exec-9] [trace:7e90dbc7] c.d.E.security.RequestLoggingFilter      : [HTTP IN]  GET /auth/pending-users from IP 0:0:0:0:0:0:0:1
2026-09-09 14:45:17.334  INFO [http-nio-8080-exec-1] [trace:369db202] c.d.E.security.RequestLoggingFilter      : [HTTP OUT] GET /payroll/runs?limit=100 -> 200 (45ms)
2026-09-09 14:45:17.406  INFO [http-nio-8080-exec-9] [trace:7e90dbc7] c.d.E.security.RequestLoggingFilter      : [HTTP OUT] GET /auth/pending-users -> 200 (108ms)
2026-09-09 14:45:17.408  INFO [http-nio-8080-exec-2] [trace:06593cbd] c.d.E.security.RequestLoggingFilter      : [HTTP IN]  GET /auth/pending-users from IP 0:0:0:0:0:0:0:1
2026-09-09 14:45:17.475  INFO [http-nio-8080-exec-2] [trace:06593cbd] c.d.E.security.RequestLoggingFilter      : [HTTP OUT] GET /auth/pending-users -> 200 (67ms)
2026-09-09 14:45:17.482  INFO [http-nio-8080-exec-2] [trace:1f23d891] c.d.E.security.RequestLoggingFilter      : [HTTP IN]  GET /auth/pending-users from IP 0:0:0:0:0:0:0:1
2026-09-09 14:45:17.556  INFO [http-nio-8080-exec-2] [trace:1f23d891] c.d.E.security.RequestLoggingFilter      : [HTTP OUT] GET /auth/pending-users -> 200 (74ms)
2026-09-09 14:45:21.912  INFO [http-nio-8080-exec-6] [trace:c274d5af] c.d.E.security.RequestLoggingFilter      : [HTTP IN]  GET /health from IP 0:0:0:0:0:0:0:1
2026-09-09 14:45:21.915  INFO [http-nio-8080-exec-6] [trace:c274d5af] c.d.E.security.RequestLoggingFilter      : [HTTP OUT] GET /health -> 200 (3ms)
2026-09-09 14:45:28.942  INFO [http-nio-8080-exec-4] [trace:970da76b] c.d.E.security.RequestLoggingFilter      : [HTTP IN]  GET /health from IP 0:0:0:0:0:0:0:1
2026-09-09 14:45:28.944  INFO [http-nio-8080-exec-4] [trace:970da76b] c.d.E.security.RequestLoggingFilter      : [HTTP OUT] GET /health -> 200 (2ms)
2026-09-09 14:45:50.263  INFO [SpringApplicationShutdownHook] [trace:NONE] o.s.b.w.e.tomcat.GracefulShutdown        : Commencing graceful shutdown. Waiting for active requests to complete
2026-09-09 14:45:50.292  INFO [tomcat-shutdown] [trace:NONE] o.s.b.w.e.tomcat.GracefulShutdown        : Graceful shutdown complete
2026-09-09 14:45:50.477  INFO [SpringApplicationShutdownHook] [trace:NONE] j.LocalContainerEntityManagerFactoryBean : Closing JPA EntityManagerFactory for persistence unit 'default'
2026-09-09 14:45:50.514  INFO [SpringApplicationShutdownHook] [trace:NONE] com.zaxxer.hikari.HikariDataSource       : HikariPool-1 - Shutdown initiated...
2026-09-09 14:45:50.526  INFO [SpringApplicationShutdownHook] [trace:NONE] com.zaxxer.hikari.HikariDataSource       : HikariPool-1 - Shutdown completed.
