2026-09-07 14:37:29.026  INFO [background-preinit] [trace:NONE] o.h.validator.internal.util.Version      : HV000001: Hibernate Validator 8.0.2.Final
2026-09-07 14:37:29.128  INFO [restartedMain] [trace:NONE] c.d.E.EmployeeManagmentApplication       : Starting EmployeeManagmentApplication using Java 22.0.2 with PID 3260 (C:\Datansh Project\employee_management_backend_java\EmployeeManagment\EmployeeManagment\target\classes started by panka in C:\Datansh Project\employee_management_backend_java\EmployeeManagment\EmployeeManagment)
2026-09-07 14:37:29.131 DEBUG [restartedMain] [trace:NONE] c.d.E.EmployeeManagmentApplication       : Running with Spring Boot v3.4.3, Spring v6.2.3
2026-09-07 14:37:29.132  INFO [restartedMain] [trace:NONE] c.d.E.EmployeeManagmentApplication       : No active profile set, falling back to 1 default profile: "default"
2026-09-07 14:37:29.164  INFO [restartedMain] [trace:NONE] .e.DevToolsPropertyDefaultsPostProcessor : Devtools property defaults active! Set 'spring.devtools.add-properties' to 'false' to disable
2026-09-07 14:37:29.164  INFO [restartedMain] [trace:NONE] .e.DevToolsPropertyDefaultsPostProcessor : For additional web related logging consider setting the 'logging.level.web' property to 'DEBUG'
2026-09-07 14:37:30.015  INFO [restartedMain] [trace:NONE] .s.d.r.c.RepositoryConfigurationDelegate : Multiple Spring Data modules found, entering strict repository configuration mode
2026-09-07 14:37:30.020  INFO [restartedMain] [trace:NONE] .s.d.r.c.RepositoryConfigurationDelegate : Bootstrapping Spring Data JPA repositories in DEFAULT mode.
2026-09-07 14:37:30.209  INFO [restartedMain] [trace:NONE] .s.d.r.c.RepositoryConfigurationDelegate : Finished Spring Data repository scanning in 181 ms. Found 30 JPA repository interfaces.
2026-09-07 14:37:30.238  INFO [restartedMain] [trace:NONE] .s.d.r.c.RepositoryConfigurationDelegate : Multiple Spring Data modules found, entering strict repository configuration mode
2026-09-07 14:37:30.242  INFO [restartedMain] [trace:NONE] .s.d.r.c.RepositoryConfigurationDelegate : Bootstrapping Spring Data Redis repositories in DEFAULT mode.
2026-09-07 14:37:30.269  INFO [restartedMain] [trace:NONE] .RepositoryConfigurationExtensionSupport : Spring Data Redis - Could not safely identify store assignment for repository candidate interface com.datansh.EmployeeManagment.repository.AddressRepository; If you want this repository to be a Redis repository, consider annotating your entities with one of these annotations: org.springframework.data.redis.core.RedisHash (preferred), or consider extending one of the following types with your repository: org.springframework.data.keyvalue.repository.KeyValueRepository
2026-09-07 14:37:30.269  INFO [restartedMain] [trace:NONE] .RepositoryConfigurationExtensionSupport : Spring Data Redis - Could not safely identify store assignment for repository candidate interface com.datansh.EmployeeManagment.repository.AnnouncementRepository; If you want this repository to be a Redis repository, consider annotating your entities with one of these annotations: org.springframework.data.redis.core.RedisHash (preferred), or consider extending one of the following types with your repository: org.springframework.data.keyvalue.repository.KeyValueRepository
2026-09-07 14:37:30.270  INFO [restartedMain] [trace:NONE] .RepositoryConfigurationExtensionSupport : Spring Data Redis - Could not safely identify store assignment for repository candidate interface com.datansh.EmployeeManagment.repository.AttendanceRepository; If you want this repository to be a Redis repository, consider annotating your entities with one of these annotations: org.springframework.data.redis.core.RedisHash (preferred), or consider extending one of the following types with your repository: org.springframework.data.keyvalue.repository.KeyValueRepository
2026-09-07 14:37:30.270  INFO [restartedMain] [trace:NONE] .RepositoryConfigurationExtensionSupport : Spring Data Redis - Could not safely identify store assignment for repository candidate interface com.datansh.EmployeeManagment.repository.AuditLogRepository; If you want this repository to be a Redis repository, consider annotating your entities with one of these annotations: org.springframework.data.redis.core.RedisHash (preferred), or consider extending one of the following types with your repository: org.springframework.data.keyvalue.repository.KeyValueRepository
2026-09-07 14:37:30.271  INFO [restartedMain] [trace:NONE] .RepositoryConfigurationExtensionSupport : Spring Data Redis - Could not safely identify store assignment for repository candidate interface com.datansh.EmployeeManagment.repository.BankDetailRepository; If you want this repository to be a Redis repository, consider annotating your entities with one of these annotations: org.springframework.data.redis.core.RedisHash (preferred), or consider extending one of the following types with your repository: org.springframework.data.keyvalue.repository.KeyValueRepository
2026-09-07 14:37:30.271  INFO [restartedMain] [trace:NONE] .RepositoryConfigurationExtensionSupport : Spring Data Redis - Could not safely identify store assignment for repository candidate interface com.datansh.EmployeeManagment.repository.DepartmentRepository; If you want this repository to be a Redis repository, consider annotating your entities with one of these annotations: org.springframework.data.redis.core.RedisHash (preferred), or consider extending one of the following types with your repository: org.springframework.data.keyvalue.repository.KeyValueRepository
2026-09-07 14:37:30.272  INFO [restartedMain] [trace:NONE] .RepositoryConfigurationExtensionSupport : Spring Data Redis - Could not safely identify store assignment for repository candidate interface com.datansh.EmployeeManagment.repository.DesignationRepository; If you want this repository to be a Redis repository, consider annotating your entities with one of these annotations: org.springframework.data.redis.core.RedisHash (preferred), or consider extending one of the following types with your repository: org.springframework.data.keyvalue.repository.KeyValueRepository
2026-09-07 14:37:30.273  INFO [restartedMain] [trace:NONE] .RepositoryConfigurationExtensionSupport : Spring Data Redis - Could not safely identify store assignment for repository candidate interface com.datansh.EmployeeManagment.repository.EmailVerificationRepository; If you want this repository to be a Redis repository, consider annotating your entities with one of these annotations: org.springframework.data.redis.core.RedisHash (preferred), or consider extending one of the following types with your repository: org.springframework.data.keyvalue.repository.KeyValueRepository
2026-09-07 14:37:30.273  INFO [restartedMain] [trace:NONE] .RepositoryConfigurationExtensionSupport : Spring Data Redis - Could not safely identify store assignment for repository candidate interface com.datansh.EmployeeManagment.repository.EmergencyContactRepository; If you want this repository to be a Redis repository, consider annotating your entities with one of these annotations: org.springframework.data.redis.core.RedisHash (preferred), or consider extending one of the following types with your repository: org.springframework.data.keyvalue.repository.KeyValueRepository
2026-09-07 14:37:30.273  INFO [restartedMain] [trace:NONE] .RepositoryConfigurationExtensionSupport : Spring Data Redis - Could not safely identify store assignment for repository candidate interface com.datansh.EmployeeManagment.repository.EmployeeAddressRepository; If you want this repository to be a Redis repository, consider annotating your entities with one of these annotations: org.springframework.data.redis.core.RedisHash (preferred), or consider extending one of the following types with your repository: org.springframework.data.keyvalue.repository.KeyValueRepository
2026-09-07 14:37:30.273  INFO [restartedMain] [trace:NONE] .RepositoryConfigurationExtensionSupport : Spring Data Redis - Could not safely identify store assignment for repository candidate interface com.datansh.EmployeeManagment.repository.EmployeeDocumentRepository; If you want this repository to be a Redis repository, consider annotating your entities with one of these annotations: org.springframework.data.redis.core.RedisHash (preferred), or consider extending one of the following types with your repository: org.springframework.data.keyvalue.repository.KeyValueRepository
2026-09-07 14:37:30.274  INFO [restartedMain] [trace:NONE] .RepositoryConfigurationExtensionSupport : Spring Data Redis - Could not safely identify store assignment for repository candidate interface com.datansh.EmployeeManagment.repository.EmployeeLeaveBalanceRepository; If you want this repository to be a Redis repository, consider annotating your entities with one of these annotations: org.springframework.data.redis.core.RedisHash (preferred), or consider extending one of the following types with your repository: org.springframework.data.keyvalue.repository.KeyValueRepository
2026-09-07 14:37:30.275  INFO [restartedMain] [trace:NONE] .RepositoryConfigurationExtensionSupport : Spring Data Redis - Could not safely identify store assignment for repository candidate interface com.datansh.EmployeeManagment.repository.EmployeeRepository; If you want this repository to be a Redis repository, consider annotating your entities with one of these annotations: org.springframework.data.redis.core.RedisHash (preferred), or consider extending one of the following types with your repository: org.springframework.data.keyvalue.repository.KeyValueRepository
2026-09-07 14:37:30.275  INFO [restartedMain] [trace:NONE] .RepositoryConfigurationExtensionSupport : Spring Data Redis - Could not safely identify store assignment for repository candidate interface com.datansh.EmployeeManagment.repository.HolidayRepository; If you want this repository to be a Redis repository, consider annotating your entities with one of these annotations: org.springframework.data.redis.core.RedisHash (preferred), or consider extending one of the following types with your repository: org.springframework.data.keyvalue.repository.KeyValueRepository
2026-09-07 14:37:30.275  INFO [restartedMain] [trace:NONE] .RepositoryConfigurationExtensionSupport : Spring Data Redis - Could not safely identify store assignment for repository candidate interface com.datansh.EmployeeManagment.repository.LeaveApprovalHistoryRepository; If you want this repository to be a Redis repository, consider annotating your entities with one of these annotations: org.springframework.data.redis.core.RedisHash (preferred), or consider extending one of the following types with your repository: org.springframework.data.keyvalue.repository.KeyValueRepository
2026-09-07 14:37:30.275  INFO [restartedMain] [trace:NONE] .RepositoryConfigurationExtensionSupport : Spring Data Redis - Could not safely identify store assignment for repository candidate interface com.datansh.EmployeeManagment.repository.LeaveRequestRepository; If you want this repository to be a Redis repository, consider annotating your entities with one of these annotations: org.springframework.data.redis.core.RedisHash (preferred), or consider extending one of the following types with your repository: org.springframework.data.keyvalue.repository.KeyValueRepository
2026-09-07 14:37:30.275  INFO [restartedMain] [trace:NONE] .RepositoryConfigurationExtensionSupport : Spring Data Redis - Could not safely identify store assignment for repository candidate interface com.datansh.EmployeeManagment.repository.LeaveTypeRepository; If you want this repository to be a Redis repository, consider annotating your entities with one of these annotations: org.springframework.data.redis.core.RedisHash (preferred), or consider extending one of the following types with your repository: org.springframework.data.keyvalue.repository.KeyValueRepository
2026-09-07 14:37:30.276  INFO [restartedMain] [trace:NONE] .RepositoryConfigurationExtensionSupport : Spring Data Redis - Could not safely identify store assignment for repository candidate interface com.datansh.EmployeeManagment.repository.NotificationRecipientRepository; If you want this repository to be a Redis repository, consider annotating your entities with one of these annotations: org.springframework.data.redis.core.RedisHash (preferred), or consider extending one of the following types with your repository: org.springframework.data.keyvalue.repository.KeyValueRepository
2026-09-07 14:37:30.276  INFO [restartedMain] [trace:NONE] .RepositoryConfigurationExtensionSupport : Spring Data Redis - Could not safely identify store assignment for repository candidate interface com.datansh.EmployeeManagment.repository.NotificationRepository; If you want this repository to be a Redis repository, consider annotating your entities with one of these annotations: org.springframework.data.redis.core.RedisHash (preferred), or consider extending one of the following types with your repository: org.springframework.data.keyvalue.repository.KeyValueRepository
2026-09-07 14:37:30.276  INFO [restartedMain] [trace:NONE] .RepositoryConfigurationExtensionSupport : Spring Data Redis - Could not safely identify store assignment for repository candidate interface com.datansh.EmployeeManagment.repository.PayrollRunRepository; If you want this repository to be a Redis repository, consider annotating your entities with one of these annotations: org.springframework.data.redis.core.RedisHash (preferred), or consider extending one of the following types with your repository: org.springframework.data.keyvalue.repository.KeyValueRepository
2026-09-07 14:37:30.276  INFO [restartedMain] [trace:NONE] .RepositoryConfigurationExtensionSupport : Spring Data Redis - Could not safely identify store assignment for repository candidate interface com.datansh.EmployeeManagment.repository.PerformanceReviewRepository; If you want this repository to be a Redis repository, consider annotating your entities with one of these annotations: org.springframework.data.redis.core.RedisHash (preferred), or consider extending one of the following types with your repository: org.springframework.data.keyvalue.repository.KeyValueRepository
2026-09-07 14:37:30.276  INFO [restartedMain] [trace:NONE] .RepositoryConfigurationExtensionSupport : Spring Data Redis - Could not safely identify store assignment for repository candidate interface com.datansh.EmployeeManagment.repository.PermissionRepository; If you want this repository to be a Redis repository, consider annotating your entities with one of these annotations: org.springframework.data.redis.core.RedisHash (preferred), or consider extending one of the following types with your repository: org.springframework.data.keyvalue.repository.KeyValueRepository
2026-09-07 14:37:30.276  INFO [restartedMain] [trace:NONE] .RepositoryConfigurationExtensionSupport : Spring Data Redis - Could not safely identify store assignment for repository candidate interface com.datansh.EmployeeManagment.repository.ProjectMemberRepository; If you want this repository to be a Redis repository, consider annotating your entities with one of these annotations: org.springframework.data.redis.core.RedisHash (preferred), or consider extending one of the following types with your repository: org.springframework.data.keyvalue.repository.KeyValueRepository
2026-09-07 14:37:30.276  INFO [restartedMain] [trace:NONE] .RepositoryConfigurationExtensionSupport : Spring Data Redis - Could not safely identify store assignment for repository candidate interface com.datansh.EmployeeManagment.repository.ProjectRepository; If you want this repository to be a Redis repository, consider annotating your entities with one of these annotations: org.springframework.data.redis.core.RedisHash (preferred), or consider extending one of the following types with your repository: org.springframework.data.keyvalue.repository.KeyValueRepository
2026-09-07 14:37:30.277  INFO [restartedMain] [trace:NONE] .RepositoryConfigurationExtensionSupport : Spring Data Redis - Could not safely identify store assignment for repository candidate interface com.datansh.EmployeeManagment.repository.RolePermissionRepository; If you want this repository to be a Redis repository, consider annotating your entities with one of these annotations: org.springframework.data.redis.core.RedisHash (preferred), or consider extending one of the following types with your repository: org.springframework.data.keyvalue.repository.KeyValueRepository
2026-09-07 14:37:30.278  INFO [restartedMain] [trace:NONE] .RepositoryConfigurationExtensionSupport : Spring Data Redis - Could not safely identify store assignment for repository candidate interface com.datansh.EmployeeManagment.repository.RoleRepository; If you want this repository to be a Redis repository, consider annotating your entities with one of these annotations: org.springframework.data.redis.core.RedisHash (preferred), or consider extending one of the following types with your repository: org.springframework.data.keyvalue.repository.KeyValueRepository
2026-09-07 14:37:30.278  INFO [restartedMain] [trace:NONE] .RepositoryConfigurationExtensionSupport : Spring Data Redis - Could not safely identify store assignment for repository candidate interface com.datansh.EmployeeManagment.repository.SalaryComponentRepository; If you want this repository to be a Redis repository, consider annotating your entities with one of these annotations: org.springframework.data.redis.core.RedisHash (preferred), or consider extending one of the following types with your repository: org.springframework.data.keyvalue.repository.KeyValueRepository
2026-09-07 14:37:30.278  INFO [restartedMain] [trace:NONE] .RepositoryConfigurationExtensionSupport : Spring Data Redis - Could not safely identify store assignment for repository candidate interface com.datansh.EmployeeManagment.repository.SalaryRepository; If you want this repository to be a Redis repository, consider annotating your entities with one of these annotations: org.springframework.data.redis.core.RedisHash (preferred), or consider extending one of the following types with your repository: org.springframework.data.keyvalue.repository.KeyValueRepository
2026-09-07 14:37:30.278  INFO [restartedMain] [trace:NONE] .RepositoryConfigurationExtensionSupport : Spring Data Redis - Could not safely identify store assignment for repository candidate interface com.datansh.EmployeeManagment.repository.UserRepository; If you want this repository to be a Redis repository, consider annotating your entities with one of these annotations: org.springframework.data.redis.core.RedisHash (preferred), or consider extending one of the following types with your repository: org.springframework.data.keyvalue.repository.KeyValueRepository
2026-09-07 14:37:30.279  INFO [restartedMain] [trace:NONE] .RepositoryConfigurationExtensionSupport : Spring Data Redis - Could not safely identify store assignment for repository candidate interface com.datansh.EmployeeManagment.repository.UserRoleRepository; If you want this repository to be a Redis repository, consider annotating your entities with one of these annotations: org.springframework.data.redis.core.RedisHash (preferred), or consider extending one of the following types with your repository: org.springframework.data.keyvalue.repository.KeyValueRepository
2026-09-07 14:37:30.279  INFO [restartedMain] [trace:NONE] .s.d.r.c.RepositoryConfigurationDelegate : Finished Spring Data repository scanning in 20 ms. Found 0 Redis repository interfaces.
2026-09-07 14:37:30.936  INFO [restartedMain] [trace:NONE] o.s.b.w.embedded.tomcat.TomcatWebServer  : Tomcat initialized with port 8080 (http)
2026-09-07 14:37:30.955  INFO [restartedMain] [trace:NONE] o.a.coyote.http11.Http11NioProtocol      : Initializing ProtocolHandler ["http-nio-8080"]
2026-09-07 14:37:30.957  INFO [restartedMain] [trace:NONE] o.apache.catalina.core.StandardService   : Starting service [Tomcat]
2026-09-07 14:37:30.957  INFO [restartedMain] [trace:NONE] o.apache.catalina.core.StandardEngine    : Starting Servlet engine: [Apache Tomcat/10.1.36]
2026-09-07 14:37:30.994  INFO [restartedMain] [trace:NONE] o.a.c.c.C.[Tomcat].[localhost].[/]       : Initializing Spring embedded WebApplicationContext
2026-09-07 14:37:30.994  INFO [restartedMain] [trace:NONE] w.s.c.ServletWebServerApplicationContext : Root WebApplicationContext: initialization completed in 1829 ms
2026-09-07 14:37:31.166  INFO [restartedMain] [trace:NONE] com.zaxxer.hikari.HikariDataSource       : HikariPool-1 - Starting...
2026-09-07 14:37:31.427  INFO [restartedMain] [trace:NONE] com.zaxxer.hikari.pool.HikariPool        : HikariPool-1 - Added connection org.postgresql.jdbc.PgConnection@7434213
2026-09-07 14:37:31.432  INFO [restartedMain] [trace:NONE] com.zaxxer.hikari.HikariDataSource       : HikariPool-1 - Start completed.
2026-09-07 14:37:31.469  INFO [restartedMain] [trace:NONE] org.flywaydb.core.FlywayExecutor         : Database: jdbc:postgresql://localhost:5432/employee_management (PostgreSQL 18.6)
2026-09-07 14:37:31.494  WARN [restartedMain] [trace:NONE] o.f.c.internal.database.base.Database    : Flyway upgrade recommended: PostgreSQL 18.6 is newer than this version of Flyway and support has not been tested. The latest supported version of PostgreSQL is 17.
2026-09-07 14:37:31.563  INFO [restartedMain] [trace:NONE] o.f.core.internal.command.DbValidate     : Successfully validated 6 migrations (execution time 00:00.051s)
2026-09-07 14:37:31.591  INFO [restartedMain] [trace:NONE] o.f.core.internal.command.DbMigrate      : Current version of schema "public": 5
2026-09-07 14:37:31.597  INFO [restartedMain] [trace:NONE] o.f.core.internal.command.DbMigrate      : Schema "public" is up to date. No migration necessary.
2026-09-07 14:37:31.747  INFO [restartedMain] [trace:NONE] o.hibernate.jpa.internal.util.LogHelper  : HHH000204: Processing PersistenceUnitInfo [name: default]
2026-09-07 14:37:31.848  INFO [restartedMain] [trace:NONE] org.hibernate.Version                    : HHH000412: Hibernate ORM core version 6.6.8.Final
2026-09-07 14:37:31.906  INFO [restartedMain] [trace:NONE] o.h.c.internal.RegionFactoryInitiator    : HHH000026: Second-level cache disabled
2026-09-07 14:37:32.366  INFO [restartedMain] [trace:NONE] o.s.o.j.p.SpringPersistenceUnitInfo      : No LoadTimeWeaver setup: ignoring JPA class transformer
2026-09-07 14:37:32.447  WARN [restartedMain] [trace:NONE] org.hibernate.orm.deprecation            : HHH90000025: PostgreSQLDialect does not need to be specified explicitly using 'hibernate.dialect' (remove the property setting and it will be selected by default)
2026-09-07 14:37:32.469  INFO [restartedMain] [trace:NONE] org.hibernate.orm.connections.pooling    : HHH10001005: Database info:
	Database JDBC URL [Connecting through datasource 'HikariDataSource (HikariPool-1)']
	Database driver: undefined/unknown
	Database version: 18.6
	Autocommit mode: undefined/unknown
	Isolation level: undefined/unknown
	Minimum pool size: undefined/unknown
	Maximum pool size: undefined/unknown
2026-09-07 14:37:35.082  INFO [restartedMain] [trace:NONE] o.h.e.t.j.p.i.JtaPlatformInitiator       : HHH000489: No JTA platform available (set 'hibernate.transaction.jta.platform' to enable JTA platform integration)
2026-09-07 14:37:35.178  INFO [restartedMain] [trace:NONE] j.LocalContainerEntityManagerFactoryBean : Initialized JPA EntityManagerFactory for persistence unit 'default'
2026-09-07 14:37:35.714  INFO [restartedMain] [trace:NONE] o.s.d.j.r.query.QueryEnhancerFactory     : Hibernate is in classpath; If applicable, HQL parser will be used.
2026-09-07 14:37:36.541 DEBUG [restartedMain] [trace:NONE] c.d.E.security.JwtAuthenticationFilter   : Filter 'jwtAuthenticationFilter' configured for use
2026-09-07 14:37:36.541 DEBUG [restartedMain] [trace:NONE] c.d.E.security.RequestLoggingFilter      : Filter 'requestLoggingFilter' configured for use
2026-09-07 14:37:39.218  WARN [restartedMain] [trace:NONE] r$InitializeUserDetailsManagerConfigurer : Global AuthenticationManager configured with an AuthenticationProvider bean. UserDetailsService beans will not be used by Spring Security for automatically configuring username/password login. Consider removing the AuthenticationProvider bean. Alternatively, consider using the UserDetailsService in a manually instantiated DaoAuthenticationProvider. If the current configuration is intentional, to turn off this warning, increase the logging level of 'org.springframework.security.config.annotation.authentication.configuration.InitializeUserDetailsBeanManagerConfigurer' to ERROR
2026-09-07 14:37:40.466  INFO [restartedMain] [trace:NONE] o.s.b.d.a.OptionalLiveReloadServer       : LiveReload server is running on port 35729
2026-09-07 14:37:40.498  INFO [restartedMain] [trace:NONE] o.a.coyote.http11.Http11NioProtocol      : Starting ProtocolHandler ["http-nio-8080"]
2026-09-07 14:37:40.534  INFO [restartedMain] [trace:NONE] o.s.b.w.embedded.tomcat.TomcatWebServer  : Tomcat started on port 8080 (http) with context path '/'
2026-09-07 14:37:40.551  INFO [restartedMain] [trace:NONE] c.d.E.EmployeeManagmentApplication       : Started EmployeeManagmentApplication in 11.902 seconds (process running for 12.27)
2026-09-07 14:37:40.565  INFO [restartedMain] [trace:NONE] c.d.E.config.RolePermissionSyncRunner    : [RBAC SYNC] Synchronizing Role Permissions with business rules...
2026-09-07 14:37:41.420  INFO [restartedMain] [trace:NONE] c.d.E.config.RolePermissionSyncRunner    : [RBAC SYNC] Role permissions successfully aligned with Python source of truth.
2026-09-07 14:37:41.427  INFO [restartedMain] [trace:NONE] c.d.E.util.DataInitializer               : Checking and seeding employee records...
2026-09-07 14:37:41.641  INFO [restartedMain] [trace:NONE] c.d.E.util.DataInitializer               : Database employee verification completed.
2026-09-07 14:38:01.532  INFO [http-nio-8080-exec-1] [trace:NONE] o.a.c.c.C.[Tomcat].[localhost].[/]       : Initializing Spring DispatcherServlet 'dispatcherServlet'
2026-09-07 14:38:01.541  INFO [http-nio-8080-exec-1] [trace:042adc51] c.d.E.security.RequestLoggingFilter      : [HTTP IN]  POST /auth/login from IP 0:0:0:0:0:0:0:1
2026-09-07 14:38:02.130  INFO [http-nio-8080-exec-1] [trace:042adc51] c.d.E.service.AuthService                : [AUTH] User authenticated successfully: userId=103, publicId=ef6341dc-6aff-4252-983e-e5f2b16caaf1, email=admin@ems.local
2026-09-07 14:38:02.356  INFO [http-nio-8080-exec-1] [trace:042adc51] c.d.E.security.RequestLoggingFilter      : [HTTP OUT] POST /auth/login -> 200 (815ms)
2026-09-07 14:38:04.441  INFO [http-nio-8080-exec-3] [trace:e540ab03] c.d.E.security.RequestLoggingFilter      : [HTTP IN]  GET /auth/me from IP 0:0:0:0:0:0:0:1
2026-09-07 14:38:04.524  INFO [http-nio-8080-exec-3] [trace:e540ab03] c.d.E.security.RequestLoggingFilter      : [HTTP OUT] GET /auth/me -> 200 (83ms)
2026-09-07 14:38:06.565  INFO [http-nio-8080-exec-2] [trace:421eedcd] c.d.E.security.RequestLoggingFilter      : [HTTP IN]  GET /auth/roles from IP 0:0:0:0:0:0:0:1
2026-09-07 14:38:06.627  INFO [http-nio-8080-exec-2] [trace:421eedcd] c.d.E.security.RequestLoggingFilter      : [HTTP OUT] GET /auth/roles -> 200 (62ms)
2026-09-07 14:38:08.698  INFO [http-nio-8080-exec-4] [trace:5c278ae9] c.d.E.security.RequestLoggingFilter      : [HTTP IN]  GET /auth/permissions from IP 0:0:0:0:0:0:0:1
2026-09-07 14:38:08.710  INFO [http-nio-8080-exec-4] [trace:5c278ae9] c.d.E.security.RequestLoggingFilter      : [HTTP OUT] GET /auth/permissions -> 200 (12ms)
2026-09-07 14:38:10.747  INFO [http-nio-8080-exec-5] [trace:1ee0f4db] c.d.E.security.RequestLoggingFilter      : [HTTP IN]  GET /auth/pending-users from IP 0:0:0:0:0:0:0:1
2026-09-07 14:38:10.925  INFO [http-nio-8080-exec-5] [trace:1ee0f4db] c.d.E.security.RequestLoggingFilter      : [HTTP OUT] GET /auth/pending-users -> 200 (178ms)
2026-09-07 14:38:12.955  INFO [http-nio-8080-exec-6] [trace:ebb46e41] c.d.E.security.RequestLoggingFilter      : [HTTP IN]  GET /employees/search from IP 0:0:0:0:0:0:0:1
2026-09-07 14:38:13.044  INFO [http-nio-8080-exec-6] [trace:ebb46e41] c.d.E.security.RequestLoggingFilter      : [HTTP OUT] GET /employees/search -> 200 (89ms)
2026-09-07 14:38:15.067  INFO [http-nio-8080-exec-7] [trace:735d1b1a] c.d.E.security.RequestLoggingFilter      : [HTTP IN]  GET /departments from IP 0:0:0:0:0:0:0:1
2026-09-07 14:38:15.817  WARN [http-nio-8080-exec-7] [trace:735d1b1a] c.d.E.config.CacheConfig                 : [CACHE WARNING] Redis cache get failed for key 'list_0_null' in cache 'departments': Unable to connect to Redis. Falling back to database query.
2026-09-07 14:38:15.849  WARN [http-nio-8080-exec-7] [trace:735d1b1a] c.d.E.config.CacheConfig                 : [CACHE WARNING] Redis cache put failed for key 'list_0_null' in cache 'departments': Unable to connect to Redis. Continuing execution.
2026-09-07 14:38:15.854  INFO [http-nio-8080-exec-7] [trace:735d1b1a] c.d.E.security.RequestLoggingFilter      : [HTTP OUT] GET /departments -> 200 (787ms)
2026-09-07 14:38:17.887  INFO [http-nio-8080-exec-8] [trace:6643935a] c.d.E.security.RequestLoggingFilter      : [HTTP IN]  GET /departments/designations from IP 0:0:0:0:0:0:0:1
2026-09-07 14:38:17.911  WARN [http-nio-8080-exec-8] [trace:6643935a] c.d.E.exception.GlobalExceptionHandler   : [ILLEGAL ARGUMENT] 400: Invalid UUID string: designations
2026-09-07 14:38:17.921  WARN [http-nio-8080-exec-8] [trace:6643935a] .m.m.a.ExceptionHandlerExceptionResolver : Resolved [java.lang.IllegalArgumentException: Invalid UUID string: designations]
2026-09-07 14:38:17.921  WARN [http-nio-8080-exec-8] [trace:6643935a] c.d.E.security.RequestLoggingFilter      : [HTTP OUT] GET /departments/designations -> 400 (34ms)
2026-09-07 14:38:19.994  INFO [http-nio-8080-exec-9] [trace:42e63faf] c.d.E.security.RequestLoggingFilter      : [HTTP IN]  GET /attendance/today from IP 0:0:0:0:0:0:0:1
2026-09-07 14:38:20.013 ERROR [http-nio-8080-exec-9] [trace:42e63faf] c.d.E.exception.GlobalExceptionHandler   : [INTERNAL SERVER ERROR] 500: No static resource attendance/today.

org.springframework.web.servlet.resource.NoResourceFoundException: No static resource attendance/today.
	at org.springframework.web.servlet.resource.ResourceHttpRequestHandler.handleRequest(ResourceHttpRequestHandler.java:585)
	at org.springframework.web.servlet.mvc.HttpRequestHandlerAdapter.handle(HttpRequestHandlerAdapter.java:52)
	at org.springframework.web.servlet.DispatcherServlet.doDispatch(DispatcherServlet.java:1088)
	at org.springframework.web.servlet.DispatcherServlet.doService(DispatcherServlet.java:978)
	at org.springframework.web.servlet.FrameworkServlet.processRequest(FrameworkServlet.java:1014)
	at org.springframework.web.servlet.FrameworkServlet.doGet(FrameworkServlet.java:903)
	at jakarta.servlet.http.HttpServlet.service(HttpServlet.java:564)
	at org.springframework.web.servlet.FrameworkServlet.service(FrameworkServlet.java:885)
	at jakarta.servlet.http.HttpServlet.service(HttpServlet.java:658)
	at org.apache.catalina.core.ApplicationFilterChain.internalDoFilter(ApplicationFilterChain.java:195)
	at org.apache.catalina.core.ApplicationFilterChain.doFilter(ApplicationFilterChain.java:140)
	at org.apache.tomcat.websocket.server.WsFilter.doFilter(WsFilter.java:51)
	at org.apache.catalina.core.ApplicationFilterChain.internalDoFilter(ApplicationFilterChain.java:164)
	at org.apache.catalina.core.ApplicationFilterChain.doFilter(ApplicationFilterChain.java:140)
	at org.springframework.web.filter.OncePerRequestFilter.doFilter(OncePerRequestFilter.java:110)
	at org.apache.catalina.core.ApplicationFilterChain.internalDoFilter(ApplicationFilterChain.java:164)
	at org.apache.catalina.core.ApplicationFilterChain.doFilter(ApplicationFilterChain.java:140)
	at org.springframework.web.filter.CompositeFilter$VirtualFilterChain.doFilter(CompositeFilter.java:108)
	at org.springframework.security.web.FilterChainProxy.lambda$doFilterInternal$3(FilterChainProxy.java:231)
	at org.springframework.security.web.FilterChainProxy$VirtualFilterChain.doFilter(FilterChainProxy.java:365)
	at org.springframework.security.web.access.intercept.AuthorizationFilter.doFilter(AuthorizationFilter.java:101)
	at org.springframework.security.web.FilterChainProxy$VirtualFilterChain.doFilter(FilterChainProxy.java:374)
	at org.springframework.security.web.access.ExceptionTranslationFilter.doFilter(ExceptionTranslationFilter.java:126)
	at org.springframework.security.web.access.ExceptionTranslationFilter.doFilter(ExceptionTranslationFilter.java:120)
	at org.springframework.security.web.FilterChainProxy$VirtualFilterChain.doFilter(FilterChainProxy.java:374)
	at org.springframework.security.web.session.SessionManagementFilter.doFilter(SessionManagementFilter.java:131)
	at org.springframework.security.web.session.SessionManagementFilter.doFilter(SessionManagementFilter.java:85)
	at org.springframework.security.web.FilterChainProxy$VirtualFilterChain.doFilter(FilterChainProxy.java:374)
	at org.springframework.security.web.authentication.AnonymousAuthenticationFilter.doFilter(AnonymousAuthenticationFilter.java:100)
	at org.springframework.security.web.FilterChainProxy$VirtualFilterChain.doFilter(FilterChainProxy.java:374)
	at org.springframework.security.web.servletapi.SecurityContextHolderAwareRequestFilter.doFilter(SecurityContextHolderAwareRequestFilter.java:179)
	at org.springframework.security.web.FilterChainProxy$VirtualFilterChain.doFilter(FilterChainProxy.java:374)
	at org.springframework.security.web.savedrequest.RequestCacheAwareFilter.doFilter(RequestCacheAwareFilter.java:63)
	at org.springframework.security.web.FilterChainProxy$VirtualFilterChain.doFilter(FilterChainProxy.java:374)
	at com.datansh.EmployeeManagment.security.JwtAuthenticationFilter.doFilterInternal(JwtAuthenticationFilter.java:53)
	at org.springframework.web.filter.OncePerRequestFilter.doFilter(OncePerRequestFilter.java:116)
	at org.springframework.security.web.FilterChainProxy$VirtualFilterChain.doFilter(FilterChainProxy.java:374)
	at org.springframework.web.filter.OncePerRequestFilter.doFilter(OncePerRequestFilter.java:110)
	at org.springframework.security.web.FilterChainProxy$VirtualFilterChain.doFilter(FilterChainProxy.java:374)
	at org.springframework.security.web.authentication.logout.LogoutFilter.doFilter(LogoutFilter.java:107)
	at org.springframework.security.web.authentication.logout.LogoutFilter.doFilter(LogoutFilter.java:93)
	at org.springframework.security.web.FilterChainProxy$VirtualFilterChain.doFilter(FilterChainProxy.java:374)
	at org.springframework.web.filter.CorsFilter.doFilterInternal(CorsFilter.java:91)
	at org.springframework.web.filter.OncePerRequestFilter.doFilter(OncePerRequestFilter.java:116)
	at org.springframework.security.web.FilterChainProxy$VirtualFilterChain.doFilter(FilterChainProxy.java:374)
	at org.springframework.security.web.header.HeaderWriterFilter.doHeadersAfter(HeaderWriterFilter.java:90)
	at org.springframework.security.web.header.HeaderWriterFilter.doFilterInternal(HeaderWriterFilter.java:75)
	at org.springframework.web.filter.OncePerRequestFilter.doFilter(OncePerRequestFilter.java:116)
	at org.springframework.security.web.FilterChainProxy$VirtualFilterChain.doFilter(FilterChainProxy.java:374)
	at org.springframework.security.web.context.SecurityContextHolderFilter.doFilter(SecurityContextHolderFilter.java:82)
	at org.springframework.security.web.context.SecurityContextHolderFilter.doFilter(SecurityContextHolderFilter.java:69)
	at org.springframework.security.web.FilterChainProxy$VirtualFilterChain.doFilter(FilterChainProxy.java:374)
	at org.springframework.security.web.context.request.async.WebAsyncManagerIntegrationFilter.doFilterInternal(WebAsyncManagerIntegrationFilter.java:62)
	at org.springframework.web.filter.OncePerRequestFilter.doFilter(OncePerRequestFilter.java:116)
	at org.springframework.security.web.FilterChainProxy$VirtualFilterChain.doFilter(FilterChainProxy.java:374)
	at org.springframework.security.web.session.DisableEncodeUrlFilter.doFilterInternal(DisableEncodeUrlFilter.java:42)
	at org.springframework.web.filter.OncePerRequestFilter.doFilter(OncePerRequestFilter.java:116)
	at org.springframework.security.web.FilterChainProxy$VirtualFilterChain.doFilter(FilterChainProxy.java:374)
	at org.springframework.security.web.FilterChainProxy.doFilterInternal(FilterChainProxy.java:233)
	at org.springframework.security.web.FilterChainProxy.doFilter(FilterChainProxy.java:191)
	at org.springframework.web.filter.CompositeFilter$VirtualFilterChain.doFilter(CompositeFilter.java:113)
	at org.springframework.web.servlet.handler.HandlerMappingIntrospector.lambda$createCacheFilter$3(HandlerMappingIntrospector.java:243)
	at org.springframework.web.filter.CompositeFilter$VirtualFilterChain.doFilter(CompositeFilter.java:113)
	at org.springframework.web.filter.CompositeFilter.doFilter(CompositeFilter.java:74)
	at org.springframework.security.config.annotation.web.configuration.WebMvcSecurityConfiguration$CompositeFilterChainProxy.doFilter(WebMvcSecurityConfiguration.java:238)
	at org.springframework.web.filter.DelegatingFilterProxy.invokeDelegate(DelegatingFilterProxy.java:362)
	at org.springframework.web.filter.DelegatingFilterProxy.doFilter(DelegatingFilterProxy.java:278)
	at org.apache.catalina.core.ApplicationFilterChain.internalDoFilter(ApplicationFilterChain.java:164)
	at org.apache.catalina.core.ApplicationFilterChain.doFilter(ApplicationFilterChain.java:140)
	at org.springframework.web.filter.RequestContextFilter.doFilterInternal(RequestContextFilter.java:100)
	at org.springframework.web.filter.OncePerRequestFilter.doFilter(OncePerRequestFilter.java:116)
	at org.apache.catalina.core.ApplicationFilterChain.internalDoFilter(ApplicationFilterChain.java:164)
	at org.apache.catalina.core.ApplicationFilterChain.doFilter(ApplicationFilterChain.java:140)
	at org.springframework.web.filter.FormContentFilter.doFilterInternal(FormContentFilter.java:93)
	at org.springframework.web.filter.OncePerRequestFilter.doFilter(OncePerRequestFilter.java:116)
	at org.apache.catalina.core.ApplicationFilterChain.internalDoFilter(ApplicationFilterChain.java:164)
	at org.apache.catalina.core.ApplicationFilterChain.doFilter(ApplicationFilterChain.java:140)
	at org.springframework.web.filter.CharacterEncodingFilter.doFilterInternal(CharacterEncodingFilter.java:201)
	at org.springframework.web.filter.OncePerRequestFilter.doFilter(OncePerRequestFilter.java:116)
	at org.apache.catalina.core.ApplicationFilterChain.internalDoFilter(ApplicationFilterChain.java:164)
	at org.apache.catalina.core.ApplicationFilterChain.doFilter(ApplicationFilterChain.java:140)
	at com.datansh.EmployeeManagment.security.RequestLoggingFilter.doFilterInternal(RequestLoggingFilter.java:47)
	at org.springframework.web.filter.OncePerRequestFilter.doFilter(OncePerRequestFilter.java:116)
	at org.apache.catalina.core.ApplicationFilterChain.internalDoFilter(ApplicationFilterChain.java:164)
	at org.apache.catalina.core.ApplicationFilterChain.doFilter(ApplicationFilterChain.java:140)
	at org.apache.catalina.core.StandardWrapperValve.invoke(StandardWrapperValve.java:167)
	at org.apache.catalina.core.StandardContextValve.invoke(StandardContextValve.java:90)
	at org.apache.catalina.authenticator.AuthenticatorBase.invoke(AuthenticatorBase.java:483)
	at org.apache.catalina.core.StandardHostValve.invoke(StandardHostValve.java:115)
	at org.apache.catalina.valves.ErrorReportValve.invoke(ErrorReportValve.java:93)
	at org.apache.catalina.core.StandardEngineValve.invoke(StandardEngineValve.java:74)
	at org.apache.catalina.connector.CoyoteAdapter.service(CoyoteAdapter.java:344)
	at org.apache.coyote.http11.Http11Processor.service(Http11Processor.java:397)
	at org.apache.coyote.AbstractProcessorLight.process(AbstractProcessorLight.java:63)
	at org.apache.coyote.AbstractProtocol$ConnectionHandler.process(AbstractProtocol.java:905)
	at org.apache.tomcat.util.net.NioEndpoint$SocketProcessor.doRun(NioEndpoint.java:1743)
	at org.apache.tomcat.util.net.SocketProcessorBase.run(SocketProcessorBase.java:52)
	at org.apache.tomcat.util.threads.ThreadPoolExecutor.runWorker(ThreadPoolExecutor.java:1190)
	at org.apache.tomcat.util.threads.ThreadPoolExecutor$Worker.run(ThreadPoolExecutor.java:659)
	at org.apache.tomcat.util.threads.TaskThread$WrappingRunnable.run(TaskThread.java:63)
	at java.base/java.lang.Thread.run(Thread.java:1570)

2026-09-07 14:38:20.019  WARN [http-nio-8080-exec-9] [trace:42e63faf] .m.m.a.ExceptionHandlerExceptionResolver : Resolved [org.springframework.web.servlet.resource.NoResourceFoundException: No static resource attendance/today.]
2026-09-07 14:38:20.019 ERROR [http-nio-8080-exec-9] [trace:42e63faf] c.d.E.security.RequestLoggingFilter      : [HTTP OUT] GET /attendance/today -> 500 (25ms)
2026-09-07 14:38:22.065  INFO [http-nio-8080-exec-10] [trace:e53c82a2] c.d.E.security.RequestLoggingFilter      : [HTTP IN]  GET /attendance/records from IP 0:0:0:0:0:0:0:1
2026-09-07 14:38:22.131  INFO [http-nio-8080-exec-10] [trace:e53c82a2] c.d.E.security.RequestLoggingFilter      : [HTTP OUT] GET /attendance/records -> 200 (66ms)
2026-09-07 14:38:54.025  INFO [http-nio-8080-exec-1] [trace:60e7f672] c.d.E.security.RequestLoggingFilter      : [HTTP IN]  POST /auth/login from IP 0:0:0:0:0:0:0:1
2026-09-07 14:38:54.430  INFO [http-nio-8080-exec-1] [trace:60e7f672] c.d.E.service.AuthService                : [AUTH] User authenticated successfully: userId=103, publicId=ef6341dc-6aff-4252-983e-e5f2b16caaf1, email=admin@ems.local
2026-09-07 14:38:54.438  INFO [http-nio-8080-exec-1] [trace:60e7f672] c.d.E.security.RequestLoggingFilter      : [HTTP OUT] POST /auth/login -> 200 (413ms)
2026-09-07 14:38:56.509  INFO [http-nio-8080-exec-3] [trace:6d8b1396] c.d.E.security.RequestLoggingFilter      : [HTTP IN]  GET /auth/me from IP 0:0:0:0:0:0:0:1
2026-09-07 14:38:56.525  INFO [http-nio-8080-exec-3] [trace:6d8b1396] c.d.E.security.RequestLoggingFilter      : [HTTP OUT] GET /auth/me -> 200 (16ms)
2026-09-07 14:38:58.562  INFO [http-nio-8080-exec-2] [trace:e2ff776f] c.d.E.security.RequestLoggingFilter      : [HTTP IN]  GET /auth/roles from IP 0:0:0:0:0:0:0:1
2026-09-07 14:38:58.624  INFO [http-nio-8080-exec-2] [trace:e2ff776f] c.d.E.security.RequestLoggingFilter      : [HTTP OUT] GET /auth/roles -> 200 (62ms)
2026-09-07 14:39:00.679  INFO [http-nio-8080-exec-4] [trace:0a1d00c1] c.d.E.security.RequestLoggingFilter      : [HTTP IN]  GET /auth/permissions from IP 0:0:0:0:0:0:0:1
2026-09-07 14:39:00.693  INFO [http-nio-8080-exec-4] [trace:0a1d00c1] c.d.E.security.RequestLoggingFilter      : [HTTP OUT] GET /auth/permissions -> 200 (14ms)
2026-09-07 14:39:02.748  INFO [http-nio-8080-exec-5] [trace:34219415] c.d.E.security.RequestLoggingFilter      : [HTTP IN]  GET /auth/pending-users from IP 0:0:0:0:0:0:0:1
2026-09-07 14:39:02.836  INFO [http-nio-8080-exec-5] [trace:34219415] c.d.E.security.RequestLoggingFilter      : [HTTP OUT] GET /auth/pending-users -> 200 (88ms)
2026-09-07 14:39:04.904  INFO [http-nio-8080-exec-6] [trace:4dad2aa6] c.d.E.security.RequestLoggingFilter      : [HTTP IN]  GET /employees/search from IP 0:0:0:0:0:0:0:1
2026-09-07 14:39:04.927  INFO [http-nio-8080-exec-6] [trace:4dad2aa6] c.d.E.security.RequestLoggingFilter      : [HTTP OUT] GET /employees/search -> 200 (23ms)
2026-09-07 14:39:06.978  INFO [http-nio-8080-exec-7] [trace:84c571c8] c.d.E.security.RequestLoggingFilter      : [HTTP IN]  GET /departments from IP 0:0:0:0:0:0:0:1
2026-09-07 14:39:06.985  WARN [http-nio-8080-exec-7] [trace:84c571c8] c.d.E.config.CacheConfig                 : [CACHE WARNING] Redis cache get failed for key 'list_0_null' in cache 'departments': Unable to connect to Redis. Falling back to database query.
2026-09-07 14:39:07.017  WARN [http-nio-8080-exec-7] [trace:84c571c8] c.d.E.config.CacheConfig                 : [CACHE WARNING] Redis cache put failed for key 'list_0_null' in cache 'departments': Unable to connect to Redis. Continuing execution.
2026-09-07 14:39:07.018  INFO [http-nio-8080-exec-7] [trace:84c571c8] c.d.E.security.RequestLoggingFilter      : [HTTP OUT] GET /departments -> 200 (40ms)
2026-09-07 14:39:09.077  INFO [http-nio-8080-exec-8] [trace:8fd95b16] c.d.E.security.RequestLoggingFilter      : [HTTP IN]  GET /departments/designations from IP 0:0:0:0:0:0:0:1
2026-09-07 14:39:09.089  WARN [http-nio-8080-exec-8] [trace:8fd95b16] c.d.E.exception.GlobalExceptionHandler   : [ILLEGAL ARGUMENT] 400: Invalid UUID string: designations
2026-09-07 14:39:09.091  WARN [http-nio-8080-exec-8] [trace:8fd95b16] .m.m.a.ExceptionHandlerExceptionResolver : Resolved [java.lang.IllegalArgumentException: Invalid UUID string: designations]
2026-09-07 14:39:09.091  WARN [http-nio-8080-exec-8] [trace:8fd95b16] c.d.E.security.RequestLoggingFilter      : [HTTP OUT] GET /departments/designations -> 400 (14ms)
2026-09-07 14:39:11.118  INFO [http-nio-8080-exec-9] [trace:de8a2f1e] c.d.E.security.RequestLoggingFilter      : [HTTP IN]  GET /attendance/today from IP 0:0:0:0:0:0:0:1
2026-09-07 14:39:11.124 ERROR [http-nio-8080-exec-9] [trace:de8a2f1e] c.d.E.exception.GlobalExceptionHandler   : [INTERNAL SERVER ERROR] 500: No static resource attendance/today.

org.springframework.web.servlet.resource.NoResourceFoundException: No static resource attendance/today.
	at org.springframework.web.servlet.resource.ResourceHttpRequestHandler.handleRequest(ResourceHttpRequestHandler.java:585)
	at org.springframework.web.servlet.mvc.HttpRequestHandlerAdapter.handle(HttpRequestHandlerAdapter.java:52)
	at org.springframework.web.servlet.DispatcherServlet.doDispatch(DispatcherServlet.java:1088)
	at org.springframework.web.servlet.DispatcherServlet.doService(DispatcherServlet.java:978)
	at org.springframework.web.servlet.FrameworkServlet.processRequest(FrameworkServlet.java:1014)
	at org.springframework.web.servlet.FrameworkServlet.doGet(FrameworkServlet.java:903)
	at jakarta.servlet.http.HttpServlet.service(HttpServlet.java:564)
	at org.springframework.web.servlet.FrameworkServlet.service(FrameworkServlet.java:885)
	at jakarta.servlet.http.HttpServlet.service(HttpServlet.java:658)
	at org.apache.catalina.core.ApplicationFilterChain.internalDoFilter(ApplicationFilterChain.java:195)
	at org.apache.catalina.core.ApplicationFilterChain.doFilter(ApplicationFilterChain.java:140)
	at org.apache.tomcat.websocket.server.WsFilter.doFilter(WsFilter.java:51)
	at org.apache.catalina.core.ApplicationFilterChain.internalDoFilter(ApplicationFilterChain.java:164)
	at org.apache.catalina.core.ApplicationFilterChain.doFilter(ApplicationFilterChain.java:140)
	at org.springframework.web.filter.OncePerRequestFilter.doFilter(OncePerRequestFilter.java:110)
	at org.apache.catalina.core.ApplicationFilterChain.internalDoFilter(ApplicationFilterChain.java:164)
	at org.apache.catalina.core.ApplicationFilterChain.doFilter(ApplicationFilterChain.java:140)
	at org.springframework.web.filter.CompositeFilter$VirtualFilterChain.doFilter(CompositeFilter.java:108)
	at org.springframework.security.web.FilterChainProxy.lambda$doFilterInternal$3(FilterChainProxy.java:231)
	at org.springframework.security.web.FilterChainProxy$VirtualFilterChain.doFilter(FilterChainProxy.java:365)
	at org.springframework.security.web.access.intercept.AuthorizationFilter.doFilter(AuthorizationFilter.java:101)
	at org.springframework.security.web.FilterChainProxy$VirtualFilterChain.doFilter(FilterChainProxy.java:374)
	at org.springframework.security.web.access.ExceptionTranslationFilter.doFilter(ExceptionTranslationFilter.java:126)
	at org.springframework.security.web.access.ExceptionTranslationFilter.doFilter(ExceptionTranslationFilter.java:120)
	at org.springframework.security.web.FilterChainProxy$VirtualFilterChain.doFilter(FilterChainProxy.java:374)
	at org.springframework.security.web.session.SessionManagementFilter.doFilter(SessionManagementFilter.java:131)
	at org.springframework.security.web.session.SessionManagementFilter.doFilter(SessionManagementFilter.java:85)
	at org.springframework.security.web.FilterChainProxy$VirtualFilterChain.doFilter(FilterChainProxy.java:374)
	at org.springframework.security.web.authentication.AnonymousAuthenticationFilter.doFilter(AnonymousAuthenticationFilter.java:100)
	at org.springframework.security.web.FilterChainProxy$VirtualFilterChain.doFilter(FilterChainProxy.java:374)
	at org.springframework.security.web.servletapi.SecurityContextHolderAwareRequestFilter.doFilter(SecurityContextHolderAwareRequestFilter.java:179)
	at org.springframework.security.web.FilterChainProxy$VirtualFilterChain.doFilter(FilterChainProxy.java:374)
	at org.springframework.security.web.savedrequest.RequestCacheAwareFilter.doFilter(RequestCacheAwareFilter.java:63)
	at org.springframework.security.web.FilterChainProxy$VirtualFilterChain.doFilter(FilterChainProxy.java:374)
	at com.datansh.EmployeeManagment.security.JwtAuthenticationFilter.doFilterInternal(JwtAuthenticationFilter.java:53)
	at org.springframework.web.filter.OncePerRequestFilter.doFilter(OncePerRequestFilter.java:116)
	at org.springframework.security.web.FilterChainProxy$VirtualFilterChain.doFilter(FilterChainProxy.java:374)
	at org.springframework.web.filter.OncePerRequestFilter.doFilter(OncePerRequestFilter.java:110)
	at org.springframework.security.web.FilterChainProxy$VirtualFilterChain.doFilter(FilterChainProxy.java:374)
	at org.springframework.security.web.authentication.logout.LogoutFilter.doFilter(LogoutFilter.java:107)
	at org.springframework.security.web.authentication.logout.LogoutFilter.doFilter(LogoutFilter.java:93)
	at org.springframework.security.web.FilterChainProxy$VirtualFilterChain.doFilter(FilterChainProxy.java:374)
	at org.springframework.web.filter.CorsFilter.doFilterInternal(CorsFilter.java:91)
	at org.springframework.web.filter.OncePerRequestFilter.doFilter(OncePerRequestFilter.java:116)
	at org.springframework.security.web.FilterChainProxy$VirtualFilterChain.doFilter(FilterChainProxy.java:374)
	at org.springframework.security.web.header.HeaderWriterFilter.doHeadersAfter(HeaderWriterFilter.java:90)
	at org.springframework.security.web.header.HeaderWriterFilter.doFilterInternal(HeaderWriterFilter.java:75)
	at org.springframework.web.filter.OncePerRequestFilter.doFilter(OncePerRequestFilter.java:116)
	at org.springframework.security.web.FilterChainProxy$VirtualFilterChain.doFilter(FilterChainProxy.java:374)
	at org.springframework.security.web.context.SecurityContextHolderFilter.doFilter(SecurityContextHolderFilter.java:82)
	at org.springframework.security.web.context.SecurityContextHolderFilter.doFilter(SecurityContextHolderFilter.java:69)
	at org.springframework.security.web.FilterChainProxy$VirtualFilterChain.doFilter(FilterChainProxy.java:374)
	at org.springframework.security.web.context.request.async.WebAsyncManagerIntegrationFilter.doFilterInternal(WebAsyncManagerIntegrationFilter.java:62)
	at org.springframework.web.filter.OncePerRequestFilter.doFilter(OncePerRequestFilter.java:116)
	at org.springframework.security.web.FilterChainProxy$VirtualFilterChain.doFilter(FilterChainProxy.java:374)
	at org.springframework.security.web.session.DisableEncodeUrlFilter.doFilterInternal(DisableEncodeUrlFilter.java:42)
	at org.springframework.web.filter.OncePerRequestFilter.doFilter(OncePerRequestFilter.java:116)
	at org.springframework.security.web.FilterChainProxy$VirtualFilterChain.doFilter(FilterChainProxy.java:374)
	at org.springframework.security.web.FilterChainProxy.doFilterInternal(FilterChainProxy.java:233)
	at org.springframework.security.web.FilterChainProxy.doFilter(FilterChainProxy.java:191)
	at org.springframework.web.filter.CompositeFilter$VirtualFilterChain.doFilter(CompositeFilter.java:113)
	at org.springframework.web.servlet.handler.HandlerMappingIntrospector.lambda$createCacheFilter$3(HandlerMappingIntrospector.java:243)
	at org.springframework.web.filter.CompositeFilter$VirtualFilterChain.doFilter(CompositeFilter.java:113)
	at org.springframework.web.filter.CompositeFilter.doFilter(CompositeFilter.java:74)
	at org.springframework.security.config.annotation.web.configuration.WebMvcSecurityConfiguration$CompositeFilterChainProxy.doFilter(WebMvcSecurityConfiguration.java:238)
	at org.springframework.web.filter.DelegatingFilterProxy.invokeDelegate(DelegatingFilterProxy.java:362)
	at org.springframework.web.filter.DelegatingFilterProxy.doFilter(DelegatingFilterProxy.java:278)
	at org.apache.catalina.core.ApplicationFilterChain.internalDoFilter(ApplicationFilterChain.java:164)
	at org.apache.catalina.core.ApplicationFilterChain.doFilter(ApplicationFilterChain.java:140)
	at org.springframework.web.filter.RequestContextFilter.doFilterInternal(RequestContextFilter.java:100)
	at org.springframework.web.filter.OncePerRequestFilter.doFilter(OncePerRequestFilter.java:116)
	at org.apache.catalina.core.ApplicationFilterChain.internalDoFilter(ApplicationFilterChain.java:164)
	at org.apache.catalina.core.ApplicationFilterChain.doFilter(ApplicationFilterChain.java:140)
	at org.springframework.web.filter.FormContentFilter.doFilterInternal(FormContentFilter.java:93)
	at org.springframework.web.filter.OncePerRequestFilter.doFilter(OncePerRequestFilter.java:116)
	at org.apache.catalina.core.ApplicationFilterChain.internalDoFilter(ApplicationFilterChain.java:164)
	at org.apache.catalina.core.ApplicationFilterChain.doFilter(ApplicationFilterChain.java:140)
	at org.springframework.web.filter.CharacterEncodingFilter.doFilterInternal(CharacterEncodingFilter.java:201)
	at org.springframework.web.filter.OncePerRequestFilter.doFilter(OncePerRequestFilter.java:116)
	at org.apache.catalina.core.ApplicationFilterChain.internalDoFilter(ApplicationFilterChain.java:164)
	at org.apache.catalina.core.ApplicationFilterChain.doFilter(ApplicationFilterChain.java:140)
	at com.datansh.EmployeeManagment.security.RequestLoggingFilter.doFilterInternal(RequestLoggingFilter.java:47)
	at org.springframework.web.filter.OncePerRequestFilter.doFilter(OncePerRequestFilter.java:116)
	at org.apache.catalina.core.ApplicationFilterChain.internalDoFilter(ApplicationFilterChain.java:164)
	at org.apache.catalina.core.ApplicationFilterChain.doFilter(ApplicationFilterChain.java:140)
	at org.apache.catalina.core.StandardWrapperValve.invoke(StandardWrapperValve.java:167)
	at org.apache.catalina.core.StandardContextValve.invoke(StandardContextValve.java:90)
	at org.apache.catalina.authenticator.AuthenticatorBase.invoke(AuthenticatorBase.java:483)
	at org.apache.catalina.core.StandardHostValve.invoke(StandardHostValve.java:115)
	at org.apache.catalina.valves.ErrorReportValve.invoke(ErrorReportValve.java:93)
	at org.apache.catalina.core.StandardEngineValve.invoke(StandardEngineValve.java:74)
	at org.apache.catalina.connector.CoyoteAdapter.service(CoyoteAdapter.java:344)
	at org.apache.coyote.http11.Http11Processor.service(Http11Processor.java:397)
	at org.apache.coyote.AbstractProcessorLight.process(AbstractProcessorLight.java:63)
	at org.apache.coyote.AbstractProtocol$ConnectionHandler.process(AbstractProtocol.java:905)
	at org.apache.tomcat.util.net.NioEndpoint$SocketProcessor.doRun(NioEndpoint.java:1743)
	at org.apache.tomcat.util.net.SocketProcessorBase.run(SocketProcessorBase.java:52)
	at org.apache.tomcat.util.threads.ThreadPoolExecutor.runWorker(ThreadPoolExecutor.java:1190)
	at org.apache.tomcat.util.threads.ThreadPoolExecutor$Worker.run(ThreadPoolExecutor.java:659)
	at org.apache.tomcat.util.threads.TaskThread$WrappingRunnable.run(TaskThread.java:63)
	at java.base/java.lang.Thread.run(Thread.java:1570)

2026-09-07 14:39:11.126  WARN [http-nio-8080-exec-9] [trace:de8a2f1e] .m.m.a.ExceptionHandlerExceptionResolver : Resolved [org.springframework.web.servlet.resource.NoResourceFoundException: No static resource attendance/today.]
2026-09-07 14:39:11.126 ERROR [http-nio-8080-exec-9] [trace:de8a2f1e] c.d.E.security.RequestLoggingFilter      : [HTTP OUT] GET /attendance/today -> 500 (8ms)
2026-09-07 14:39:13.164  INFO [http-nio-8080-exec-10] [trace:665e0391] c.d.E.security.RequestLoggingFilter      : [HTTP IN]  GET /attendance/records from IP 0:0:0:0:0:0:0:1
2026-09-07 14:39:13.188  INFO [http-nio-8080-exec-10] [trace:665e0391] c.d.E.security.RequestLoggingFilter      : [HTTP OUT] GET /attendance/records -> 200 (24ms)
2026-09-07 14:39:15.246  INFO [http-nio-8080-exec-1] [trace:0fb81409] c.d.E.security.RequestLoggingFilter      : [HTTP IN]  GET /attendance/stats from IP 0:0:0:0:0:0:0:1
2026-09-07 14:39:15.260 ERROR [http-nio-8080-exec-1] [trace:0fb81409] c.d.E.exception.GlobalExceptionHandler   : [INTERNAL SERVER ERROR] 500: No static resource attendance/stats.

org.springframework.web.servlet.resource.NoResourceFoundException: No static resource attendance/stats.
	at org.springframework.web.servlet.resource.ResourceHttpRequestHandler.handleRequest(ResourceHttpRequestHandler.java:585)
	at org.springframework.web.servlet.mvc.HttpRequestHandlerAdapter.handle(HttpRequestHandlerAdapter.java:52)
	at org.springframework.web.servlet.DispatcherServlet.doDispatch(DispatcherServlet.java:1088)
	at org.springframework.web.servlet.DispatcherServlet.doService(DispatcherServlet.java:978)
	at org.springframework.web.servlet.FrameworkServlet.processRequest(FrameworkServlet.java:1014)
	at org.springframework.web.servlet.FrameworkServlet.doGet(FrameworkServlet.java:903)
	at jakarta.servlet.http.HttpServlet.service(HttpServlet.java:564)
	at org.springframework.web.servlet.FrameworkServlet.service(FrameworkServlet.java:885)
	at jakarta.servlet.http.HttpServlet.service(HttpServlet.java:658)
	at org.apache.catalina.core.ApplicationFilterChain.internalDoFilter(ApplicationFilterChain.java:195)
	at org.apache.catalina.core.ApplicationFilterChain.doFilter(ApplicationFilterChain.java:140)
	at org.apache.tomcat.websocket.server.WsFilter.doFilter(WsFilter.java:51)
	at org.apache.catalina.core.ApplicationFilterChain.internalDoFilter(ApplicationFilterChain.java:164)
	at org.apache.catalina.core.ApplicationFilterChain.doFilter(ApplicationFilterChain.java:140)
	at org.springframework.web.filter.OncePerRequestFilter.doFilter(OncePerRequestFilter.java:110)
	at org.apache.catalina.core.ApplicationFilterChain.internalDoFilter(ApplicationFilterChain.java:164)
	at org.apache.catalina.core.ApplicationFilterChain.doFilter(ApplicationFilterChain.java:140)
	at org.springframework.web.filter.CompositeFilter$VirtualFilterChain.doFilter(CompositeFilter.java:108)
	at org.springframework.security.web.FilterChainProxy.lambda$doFilterInternal$3(FilterChainProxy.java:231)
	at org.springframework.security.web.FilterChainProxy$VirtualFilterChain.doFilter(FilterChainProxy.java:365)
	at org.springframework.security.web.access.intercept.AuthorizationFilter.doFilter(AuthorizationFilter.java:101)
	at org.springframework.security.web.FilterChainProxy$VirtualFilterChain.doFilter(FilterChainProxy.java:374)
	at org.springframework.security.web.access.ExceptionTranslationFilter.doFilter(ExceptionTranslationFilter.java:126)
	at org.springframework.security.web.access.ExceptionTranslationFilter.doFilter(ExceptionTranslationFilter.java:120)
	at org.springframework.security.web.FilterChainProxy$VirtualFilterChain.doFilter(FilterChainProxy.java:374)
	at org.springframework.security.web.session.SessionManagementFilter.doFilter(SessionManagementFilter.java:131)
	at org.springframework.security.web.session.SessionManagementFilter.doFilter(SessionManagementFilter.java:85)
	at org.springframework.security.web.FilterChainProxy$VirtualFilterChain.doFilter(FilterChainProxy.java:374)
	at org.springframework.security.web.authentication.AnonymousAuthenticationFilter.doFilter(AnonymousAuthenticationFilter.java:100)
	at org.springframework.security.web.FilterChainProxy$VirtualFilterChain.doFilter(FilterChainProxy.java:374)
	at org.springframework.security.web.servletapi.SecurityContextHolderAwareRequestFilter.doFilter(SecurityContextHolderAwareRequestFilter.java:179)
	at org.springframework.security.web.FilterChainProxy$VirtualFilterChain.doFilter(FilterChainProxy.java:374)
	at org.springframework.security.web.savedrequest.RequestCacheAwareFilter.doFilter(RequestCacheAwareFilter.java:63)
	at org.springframework.security.web.FilterChainProxy$VirtualFilterChain.doFilter(FilterChainProxy.java:374)
	at com.datansh.EmployeeManagment.security.JwtAuthenticationFilter.doFilterInternal(JwtAuthenticationFilter.java:53)
	at org.springframework.web.filter.OncePerRequestFilter.doFilter(OncePerRequestFilter.java:116)
	at org.springframework.security.web.FilterChainProxy$VirtualFilterChain.doFilter(FilterChainProxy.java:374)
	at org.springframework.web.filter.OncePerRequestFilter.doFilter(OncePerRequestFilter.java:110)
	at org.springframework.security.web.FilterChainProxy$VirtualFilterChain.doFilter(FilterChainProxy.java:374)
	at org.springframework.security.web.authentication.logout.LogoutFilter.doFilter(LogoutFilter.java:107)
	at org.springframework.security.web.authentication.logout.LogoutFilter.doFilter(LogoutFilter.java:93)
	at org.springframework.security.web.FilterChainProxy$VirtualFilterChain.doFilter(FilterChainProxy.java:374)
	at org.springframework.web.filter.CorsFilter.doFilterInternal(CorsFilter.java:91)
	at org.springframework.web.filter.OncePerRequestFilter.doFilter(OncePerRequestFilter.java:116)
	at org.springframework.security.web.FilterChainProxy$VirtualFilterChain.doFilter(FilterChainProxy.java:374)
	at org.springframework.security.web.header.HeaderWriterFilter.doHeadersAfter(HeaderWriterFilter.java:90)
	at org.springframework.security.web.header.HeaderWriterFilter.doFilterInternal(HeaderWriterFilter.java:75)
	at org.springframework.web.filter.OncePerRequestFilter.doFilter(OncePerRequestFilter.java:116)
	at org.springframework.security.web.FilterChainProxy$VirtualFilterChain.doFilter(FilterChainProxy.java:374)
	at org.springframework.security.web.context.SecurityContextHolderFilter.doFilter(SecurityContextHolderFilter.java:82)
	at org.springframework.security.web.context.SecurityContextHolderFilter.doFilter(SecurityContextHolderFilter.java:69)
	at org.springframework.security.web.FilterChainProxy$VirtualFilterChain.doFilter(FilterChainProxy.java:374)
	at org.springframework.security.web.context.request.async.WebAsyncManagerIntegrationFilter.doFilterInternal(WebAsyncManagerIntegrationFilter.java:62)
	at org.springframework.web.filter.OncePerRequestFilter.doFilter(OncePerRequestFilter.java:116)
	at org.springframework.security.web.FilterChainProxy$VirtualFilterChain.doFilter(FilterChainProxy.java:374)
	at org.springframework.security.web.session.DisableEncodeUrlFilter.doFilterInternal(DisableEncodeUrlFilter.java:42)
	at org.springframework.web.filter.OncePerRequestFilter.doFilter(OncePerRequestFilter.java:116)
	at org.springframework.security.web.FilterChainProxy$VirtualFilterChain.doFilter(FilterChainProxy.java:374)
	at org.springframework.security.web.FilterChainProxy.doFilterInternal(FilterChainProxy.java:233)
	at org.springframework.security.web.FilterChainProxy.doFilter(FilterChainProxy.java:191)
	at org.springframework.web.filter.CompositeFilter$VirtualFilterChain.doFilter(CompositeFilter.java:113)
	at org.springframework.web.servlet.handler.HandlerMappingIntrospector.lambda$createCacheFilter$3(HandlerMappingIntrospector.java:243)
	at org.springframework.web.filter.CompositeFilter$VirtualFilterChain.doFilter(CompositeFilter.java:113)
	at org.springframework.web.filter.CompositeFilter.doFilter(CompositeFilter.java:74)
	at org.springframework.security.config.annotation.web.configuration.WebMvcSecurityConfiguration$CompositeFilterChainProxy.doFilter(WebMvcSecurityConfiguration.java:238)
	at org.springframework.web.filter.DelegatingFilterProxy.invokeDelegate(DelegatingFilterProxy.java:362)
	at org.springframework.web.filter.DelegatingFilterProxy.doFilter(DelegatingFilterProxy.java:278)
	at org.apache.catalina.core.ApplicationFilterChain.internalDoFilter(ApplicationFilterChain.java:164)
	at org.apache.catalina.core.ApplicationFilterChain.doFilter(ApplicationFilterChain.java:140)
	at org.springframework.web.filter.RequestContextFilter.doFilterInternal(RequestContextFilter.java:100)
	at org.springframework.web.filter.OncePerRequestFilter.doFilter(OncePerRequestFilter.java:116)
	at org.apache.catalina.core.ApplicationFilterChain.internalDoFilter(ApplicationFilterChain.java:164)
	at org.apache.catalina.core.ApplicationFilterChain.doFilter(ApplicationFilterChain.java:140)
	at org.springframework.web.filter.FormContentFilter.doFilterInternal(FormContentFilter.java:93)
	at org.springframework.web.filter.OncePerRequestFilter.doFilter(OncePerRequestFilter.java:116)
	at org.apache.catalina.core.ApplicationFilterChain.internalDoFilter(ApplicationFilterChain.java:164)
	at org.apache.catalina.core.ApplicationFilterChain.doFilter(ApplicationFilterChain.java:140)
	at org.springframework.web.filter.CharacterEncodingFilter.doFilterInternal(CharacterEncodingFilter.java:201)
	at org.springframework.web.filter.OncePerRequestFilter.doFilter(OncePerRequestFilter.java:116)
	at org.apache.catalina.core.ApplicationFilterChain.internalDoFilter(ApplicationFilterChain.java:164)
	at org.apache.catalina.core.ApplicationFilterChain.doFilter(ApplicationFilterChain.java:140)
	at com.datansh.EmployeeManagment.security.RequestLoggingFilter.doFilterInternal(RequestLoggingFilter.java:47)
	at org.springframework.web.filter.OncePerRequestFilter.doFilter(OncePerRequestFilter.java:116)
	at org.apache.catalina.core.ApplicationFilterChain.internalDoFilter(ApplicationFilterChain.java:164)
	at org.apache.catalina.core.ApplicationFilterChain.doFilter(ApplicationFilterChain.java:140)
	at org.apache.catalina.core.StandardWrapperValve.invoke(StandardWrapperValve.java:167)
	at org.apache.catalina.core.StandardContextValve.invoke(StandardContextValve.java:90)
	at org.apache.catalina.authenticator.AuthenticatorBase.invoke(AuthenticatorBase.java:483)
	at org.apache.catalina.core.StandardHostValve.invoke(StandardHostValve.java:115)
	at org.apache.catalina.valves.ErrorReportValve.invoke(ErrorReportValve.java:93)
	at org.apache.catalina.core.StandardEngineValve.invoke(StandardEngineValve.java:74)
	at org.apache.catalina.connector.CoyoteAdapter.service(CoyoteAdapter.java:344)
	at org.apache.coyote.http11.Http11Processor.service(Http11Processor.java:397)
	at org.apache.coyote.AbstractProcessorLight.process(AbstractProcessorLight.java:63)
	at org.apache.coyote.AbstractProtocol$ConnectionHandler.process(AbstractProtocol.java:905)
	at org.apache.tomcat.util.net.NioEndpoint$SocketProcessor.doRun(NioEndpoint.java:1743)
	at org.apache.tomcat.util.net.SocketProcessorBase.run(SocketProcessorBase.java:52)
	at org.apache.tomcat.util.threads.ThreadPoolExecutor.runWorker(ThreadPoolExecutor.java:1190)
	at org.apache.tomcat.util.threads.ThreadPoolExecutor$Worker.run(ThreadPoolExecutor.java:659)
	at org.apache.tomcat.util.threads.TaskThread$WrappingRunnable.run(TaskThread.java:63)
	at java.base/java.lang.Thread.run(Thread.java:1570)

2026-09-07 14:39:15.262  WARN [http-nio-8080-exec-1] [trace:0fb81409] .m.m.a.ExceptionHandlerExceptionResolver : Resolved [org.springframework.web.servlet.resource.NoResourceFoundException: No static resource attendance/stats.]
2026-09-07 14:39:15.263 ERROR [http-nio-8080-exec-1] [trace:0fb81409] c.d.E.security.RequestLoggingFilter      : [HTTP OUT] GET /attendance/stats -> 500 (17ms)
2026-09-07 14:39:17.320  INFO [http-nio-8080-exec-3] [trace:70b0c9d3] c.d.E.security.RequestLoggingFilter      : [HTTP IN]  GET /leaves/types from IP 0:0:0:0:0:0:0:1
2026-09-07 14:39:17.338  WARN [http-nio-8080-exec-3] [trace:70b0c9d3] c.d.E.config.CacheConfig                 : [CACHE WARNING] Redis cache get failed for key 'all' in cache 'leave_types': Unable to connect to Redis. Falling back to database query.
2026-09-07 14:39:17.363  WARN [http-nio-8080-exec-3] [trace:70b0c9d3] c.d.E.config.CacheConfig                 : [CACHE WARNING] Redis cache put failed for key 'all' in cache 'leave_types': Unable to connect to Redis. Continuing execution.
2026-09-07 14:39:17.367  INFO [http-nio-8080-exec-3] [trace:70b0c9d3] c.d.E.security.RequestLoggingFilter      : [HTTP OUT] GET /leaves/types -> 200 (47ms)
2026-09-07 14:39:19.397  INFO [http-nio-8080-exec-2] [trace:7fb013ff] c.d.E.security.RequestLoggingFilter      : [HTTP IN]  GET /leaves/balances/me from IP 0:0:0:0:0:0:0:1
2026-09-07 14:39:19.432  INFO [http-nio-8080-exec-2] [trace:7fb013ff] c.d.E.security.RequestLoggingFilter      : [HTTP OUT] GET /leaves/balances/me -> 200 (35ms)
2026-09-07 14:39:21.496  INFO [http-nio-8080-exec-4] [trace:42274523] c.d.E.security.RequestLoggingFilter      : [HTTP IN]  GET /leaves/requests from IP 0:0:0:0:0:0:0:1
2026-09-07 14:39:21.647  INFO [http-nio-8080-exec-4] [trace:42274523] c.d.E.security.RequestLoggingFilter      : [HTTP OUT] GET /leaves/requests -> 200 (151ms)
2026-09-07 14:39:23.730  INFO [http-nio-8080-exec-5] [trace:5590c03f] c.d.E.security.RequestLoggingFilter      : [HTTP IN]  GET /salaries from IP 0:0:0:0:0:0:0:1
2026-09-07 14:39:23.793  INFO [http-nio-8080-exec-5] [trace:5590c03f] c.d.E.security.RequestLoggingFilter      : [HTTP OUT] GET /salaries -> 200 (63ms)
2026-09-07 14:39:25.847  INFO [http-nio-8080-exec-6] [trace:719584cc] c.d.E.security.RequestLoggingFilter      : [HTTP IN]  GET /payroll/summary from IP 0:0:0:0:0:0:0:1
2026-09-07 14:39:25.864 ERROR [http-nio-8080-exec-6] [trace:719584cc] c.d.E.exception.GlobalExceptionHandler   : [INTERNAL SERVER ERROR] 500: No static resource payroll/summary.

org.springframework.web.servlet.resource.NoResourceFoundException: No static resource payroll/summary.
	at org.springframework.web.servlet.resource.ResourceHttpRequestHandler.handleRequest(ResourceHttpRequestHandler.java:585)
	at org.springframework.web.servlet.mvc.HttpRequestHandlerAdapter.handle(HttpRequestHandlerAdapter.java:52)
	at org.springframework.web.servlet.DispatcherServlet.doDispatch(DispatcherServlet.java:1088)
	at org.springframework.web.servlet.DispatcherServlet.doService(DispatcherServlet.java:978)
	at org.springframework.web.servlet.FrameworkServlet.processRequest(FrameworkServlet.java:1014)
	at org.springframework.web.servlet.FrameworkServlet.doGet(FrameworkServlet.java:903)
	at jakarta.servlet.http.HttpServlet.service(HttpServlet.java:564)
	at org.springframework.web.servlet.FrameworkServlet.service(FrameworkServlet.java:885)
	at jakarta.servlet.http.HttpServlet.service(HttpServlet.java:658)
	at org.apache.catalina.core.ApplicationFilterChain.internalDoFilter(ApplicationFilterChain.java:195)
	at org.apache.catalina.core.ApplicationFilterChain.doFilter(ApplicationFilterChain.java:140)
	at org.apache.tomcat.websocket.server.WsFilter.doFilter(WsFilter.java:51)
	at org.apache.catalina.core.ApplicationFilterChain.internalDoFilter(ApplicationFilterChain.java:164)
	at org.apache.catalina.core.ApplicationFilterChain.doFilter(ApplicationFilterChain.java:140)
	at org.springframework.web.filter.OncePerRequestFilter.doFilter(OncePerRequestFilter.java:110)
	at org.apache.catalina.core.ApplicationFilterChain.internalDoFilter(ApplicationFilterChain.java:164)
	at org.apache.catalina.core.ApplicationFilterChain.doFilter(ApplicationFilterChain.java:140)
	at org.springframework.web.filter.CompositeFilter$VirtualFilterChain.doFilter(CompositeFilter.java:108)
	at org.springframework.security.web.FilterChainProxy.lambda$doFilterInternal$3(FilterChainProxy.java:231)
	at org.springframework.security.web.FilterChainProxy$VirtualFilterChain.doFilter(FilterChainProxy.java:365)
	at org.springframework.security.web.access.intercept.AuthorizationFilter.doFilter(AuthorizationFilter.java:101)
	at org.springframework.security.web.FilterChainProxy$VirtualFilterChain.doFilter(FilterChainProxy.java:374)
	at org.springframework.security.web.access.ExceptionTranslationFilter.doFilter(ExceptionTranslationFilter.java:126)
	at org.springframework.security.web.access.ExceptionTranslationFilter.doFilter(ExceptionTranslationFilter.java:120)
	at org.springframework.security.web.FilterChainProxy$VirtualFilterChain.doFilter(FilterChainProxy.java:374)
	at org.springframework.security.web.session.SessionManagementFilter.doFilter(SessionManagementFilter.java:131)
	at org.springframework.security.web.session.SessionManagementFilter.doFilter(SessionManagementFilter.java:85)
	at org.springframework.security.web.FilterChainProxy$VirtualFilterChain.doFilter(FilterChainProxy.java:374)
	at org.springframework.security.web.authentication.AnonymousAuthenticationFilter.doFilter(AnonymousAuthenticationFilter.java:100)
	at org.springframework.security.web.FilterChainProxy$VirtualFilterChain.doFilter(FilterChainProxy.java:374)
	at org.springframework.security.web.servletapi.SecurityContextHolderAwareRequestFilter.doFilter(SecurityContextHolderAwareRequestFilter.java:179)
	at org.springframework.security.web.FilterChainProxy$VirtualFilterChain.doFilter(FilterChainProxy.java:374)
	at org.springframework.security.web.savedrequest.RequestCacheAwareFilter.doFilter(RequestCacheAwareFilter.java:63)
	at org.springframework.security.web.FilterChainProxy$VirtualFilterChain.doFilter(FilterChainProxy.java:374)
	at com.datansh.EmployeeManagment.security.JwtAuthenticationFilter.doFilterInternal(JwtAuthenticationFilter.java:53)
	at org.springframework.web.filter.OncePerRequestFilter.doFilter(OncePerRequestFilter.java:116)
	at org.springframework.security.web.FilterChainProxy$VirtualFilterChain.doFilter(FilterChainProxy.java:374)
	at org.springframework.web.filter.OncePerRequestFilter.doFilter(OncePerRequestFilter.java:110)
	at org.springframework.security.web.FilterChainProxy$VirtualFilterChain.doFilter(FilterChainProxy.java:374)
	at org.springframework.security.web.authentication.logout.LogoutFilter.doFilter(LogoutFilter.java:107)
	at org.springframework.security.web.authentication.logout.LogoutFilter.doFilter(LogoutFilter.java:93)
	at org.springframework.security.web.FilterChainProxy$VirtualFilterChain.doFilter(FilterChainProxy.java:374)
	at org.springframework.web.filter.CorsFilter.doFilterInternal(CorsFilter.java:91)
	at org.springframework.web.filter.OncePerRequestFilter.doFilter(OncePerRequestFilter.java:116)
	at org.springframework.security.web.FilterChainProxy$VirtualFilterChain.doFilter(FilterChainProxy.java:374)
	at org.springframework.security.web.header.HeaderWriterFilter.doHeadersAfter(HeaderWriterFilter.java:90)
	at org.springframework.security.web.header.HeaderWriterFilter.doFilterInternal(HeaderWriterFilter.java:75)
	at org.springframework.web.filter.OncePerRequestFilter.doFilter(OncePerRequestFilter.java:116)
	at org.springframework.security.web.FilterChainProxy$VirtualFilterChain.doFilter(FilterChainProxy.java:374)
	at org.springframework.security.web.context.SecurityContextHolderFilter.doFilter(SecurityContextHolderFilter.java:82)
	at org.springframework.security.web.context.SecurityContextHolderFilter.doFilter(SecurityContextHolderFilter.java:69)
	at org.springframework.security.web.FilterChainProxy$VirtualFilterChain.doFilter(FilterChainProxy.java:374)
	at org.springframework.security.web.context.request.async.WebAsyncManagerIntegrationFilter.doFilterInternal(WebAsyncManagerIntegrationFilter.java:62)
	at org.springframework.web.filter.OncePerRequestFilter.doFilter(OncePerRequestFilter.java:116)
	at org.springframework.security.web.FilterChainProxy$VirtualFilterChain.doFilter(FilterChainProxy.java:374)
	at org.springframework.security.web.session.DisableEncodeUrlFilter.doFilterInternal(DisableEncodeUrlFilter.java:42)
	at org.springframework.web.filter.OncePerRequestFilter.doFilter(OncePerRequestFilter.java:116)
	at org.springframework.security.web.FilterChainProxy$VirtualFilterChain.doFilter(FilterChainProxy.java:374)
	at org.springframework.security.web.FilterChainProxy.doFilterInternal(FilterChainProxy.java:233)
	at org.springframework.security.web.FilterChainProxy.doFilter(FilterChainProxy.java:191)
	at org.springframework.web.filter.CompositeFilter$VirtualFilterChain.doFilter(CompositeFilter.java:113)
	at org.springframework.web.servlet.handler.HandlerMappingIntrospector.lambda$createCacheFilter$3(HandlerMappingIntrospector.java:243)
	at org.springframework.web.filter.CompositeFilter$VirtualFilterChain.doFilter(CompositeFilter.java:113)
	at org.springframework.web.filter.CompositeFilter.doFilter(CompositeFilter.java:74)
	at org.springframework.security.config.annotation.web.configuration.WebMvcSecurityConfiguration$CompositeFilterChainProxy.doFilter(WebMvcSecurityConfiguration.java:238)
	at org.springframework.web.filter.DelegatingFilterProxy.invokeDelegate(DelegatingFilterProxy.java:362)
	at org.springframework.web.filter.DelegatingFilterProxy.doFilter(DelegatingFilterProxy.java:278)
	at org.apache.catalina.core.ApplicationFilterChain.internalDoFilter(ApplicationFilterChain.java:164)
	at org.apache.catalina.core.ApplicationFilterChain.doFilter(ApplicationFilterChain.java:140)
	at org.springframework.web.filter.RequestContextFilter.doFilterInternal(RequestContextFilter.java:100)
	at org.springframework.web.filter.OncePerRequestFilter.doFilter(OncePerRequestFilter.java:116)
	at org.apache.catalina.core.ApplicationFilterChain.internalDoFilter(ApplicationFilterChain.java:164)
	at org.apache.catalina.core.ApplicationFilterChain.doFilter(ApplicationFilterChain.java:140)
	at org.springframework.web.filter.FormContentFilter.doFilterInternal(FormContentFilter.java:93)
	at org.springframework.web.filter.OncePerRequestFilter.doFilter(OncePerRequestFilter.java:116)
	at org.apache.catalina.core.ApplicationFilterChain.internalDoFilter(ApplicationFilterChain.java:164)
	at org.apache.catalina.core.ApplicationFilterChain.doFilter(ApplicationFilterChain.java:140)
	at org.springframework.web.filter.CharacterEncodingFilter.doFilterInternal(CharacterEncodingFilter.java:201)
	at org.springframework.web.filter.OncePerRequestFilter.doFilter(OncePerRequestFilter.java:116)
	at org.apache.catalina.core.ApplicationFilterChain.internalDoFilter(ApplicationFilterChain.java:164)
	at org.apache.catalina.core.ApplicationFilterChain.doFilter(ApplicationFilterChain.java:140)
	at com.datansh.EmployeeManagment.security.RequestLoggingFilter.doFilterInternal(RequestLoggingFilter.java:47)
	at org.springframework.web.filter.OncePerRequestFilter.doFilter(OncePerRequestFilter.java:116)
	at org.apache.catalina.core.ApplicationFilterChain.internalDoFilter(ApplicationFilterChain.java:164)
	at org.apache.catalina.core.ApplicationFilterChain.doFilter(ApplicationFilterChain.java:140)
	at org.apache.catalina.core.StandardWrapperValve.invoke(StandardWrapperValve.java:167)
	at org.apache.catalina.core.StandardContextValve.invoke(StandardContextValve.java:90)
	at org.apache.catalina.authenticator.AuthenticatorBase.invoke(AuthenticatorBase.java:483)
	at org.apache.catalina.core.StandardHostValve.invoke(StandardHostValve.java:115)
	at org.apache.catalina.valves.ErrorReportValve.invoke(ErrorReportValve.java:93)
	at org.apache.catalina.core.StandardEngineValve.invoke(StandardEngineValve.java:74)
	at org.apache.catalina.connector.CoyoteAdapter.service(CoyoteAdapter.java:344)
	at org.apache.coyote.http11.Http11Processor.service(Http11Processor.java:397)
	at org.apache.coyote.AbstractProcessorLight.process(AbstractProcessorLight.java:63)
	at org.apache.coyote.AbstractProtocol$ConnectionHandler.process(AbstractProtocol.java:905)
	at org.apache.tomcat.util.net.NioEndpoint$SocketProcessor.doRun(NioEndpoint.java:1743)
	at org.apache.tomcat.util.net.SocketProcessorBase.run(SocketProcessorBase.java:52)
	at org.apache.tomcat.util.threads.ThreadPoolExecutor.runWorker(ThreadPoolExecutor.java:1190)
	at org.apache.tomcat.util.threads.ThreadPoolExecutor$Worker.run(ThreadPoolExecutor.java:659)
	at org.apache.tomcat.util.threads.TaskThread$WrappingRunnable.run(TaskThread.java:63)
	at java.base/java.lang.Thread.run(Thread.java:1570)

2026-09-07 14:39:25.865  WARN [http-nio-8080-exec-6] [trace:719584cc] .m.m.a.ExceptionHandlerExceptionResolver : Resolved [org.springframework.web.servlet.resource.NoResourceFoundException: No static resource payroll/summary.]
2026-09-07 14:39:25.866 ERROR [http-nio-8080-exec-6] [trace:719584cc] c.d.E.security.RequestLoggingFilter      : [HTTP OUT] GET /payroll/summary -> 500 (19ms)
2026-09-07 14:39:27.939  INFO [http-nio-8080-exec-7] [trace:8a6e35d9] c.d.E.security.RequestLoggingFilter      : [HTTP IN]  GET /payroll from IP 0:0:0:0:0:0:0:1
2026-09-07 14:39:27.950 ERROR [http-nio-8080-exec-7] [trace:8a6e35d9] c.d.E.exception.GlobalExceptionHandler   : [INTERNAL SERVER ERROR] 500: No static resource payroll.

org.springframework.web.servlet.resource.NoResourceFoundException: No static resource payroll.
	at org.springframework.web.servlet.resource.ResourceHttpRequestHandler.handleRequest(ResourceHttpRequestHandler.java:585)
	at org.springframework.web.servlet.mvc.HttpRequestHandlerAdapter.handle(HttpRequestHandlerAdapter.java:52)
	at org.springframework.web.servlet.DispatcherServlet.doDispatch(DispatcherServlet.java:1088)
	at org.springframework.web.servlet.DispatcherServlet.doService(DispatcherServlet.java:978)
	at org.springframework.web.servlet.FrameworkServlet.processRequest(FrameworkServlet.java:1014)
	at org.springframework.web.servlet.FrameworkServlet.doGet(FrameworkServlet.java:903)
	at jakarta.servlet.http.HttpServlet.service(HttpServlet.java:564)
	at org.springframework.web.servlet.FrameworkServlet.service(FrameworkServlet.java:885)
	at jakarta.servlet.http.HttpServlet.service(HttpServlet.java:658)
	at org.apache.catalina.core.ApplicationFilterChain.internalDoFilter(ApplicationFilterChain.java:195)
	at org.apache.catalina.core.ApplicationFilterChain.doFilter(ApplicationFilterChain.java:140)
	at org.apache.tomcat.websocket.server.WsFilter.doFilter(WsFilter.java:51)
	at org.apache.catalina.core.ApplicationFilterChain.internalDoFilter(ApplicationFilterChain.java:164)
	at org.apache.catalina.core.ApplicationFilterChain.doFilter(ApplicationFilterChain.java:140)
	at org.springframework.web.filter.OncePerRequestFilter.doFilter(OncePerRequestFilter.java:110)
	at org.apache.catalina.core.ApplicationFilterChain.internalDoFilter(ApplicationFilterChain.java:164)
	at org.apache.catalina.core.ApplicationFilterChain.doFilter(ApplicationFilterChain.java:140)
	at org.springframework.web.filter.CompositeFilter$VirtualFilterChain.doFilter(CompositeFilter.java:108)
	at org.springframework.security.web.FilterChainProxy.lambda$doFilterInternal$3(FilterChainProxy.java:231)
	at org.springframework.security.web.FilterChainProxy$VirtualFilterChain.doFilter(FilterChainProxy.java:365)
	at org.springframework.security.web.access.intercept.AuthorizationFilter.doFilter(AuthorizationFilter.java:101)
	at org.springframework.security.web.FilterChainProxy$VirtualFilterChain.doFilter(FilterChainProxy.java:374)
	at org.springframework.security.web.access.ExceptionTranslationFilter.doFilter(ExceptionTranslationFilter.java:126)
	at org.springframework.security.web.access.ExceptionTranslationFilter.doFilter(ExceptionTranslationFilter.java:120)
	at org.springframework.security.web.FilterChainProxy$VirtualFilterChain.doFilter(FilterChainProxy.java:374)
	at org.springframework.security.web.session.SessionManagementFilter.doFilter(SessionManagementFilter.java:131)
	at org.springframework.security.web.session.SessionManagementFilter.doFilter(SessionManagementFilter.java:85)
	at org.springframework.security.web.FilterChainProxy$VirtualFilterChain.doFilter(FilterChainProxy.java:374)
	at org.springframework.security.web.authentication.AnonymousAuthenticationFilter.doFilter(AnonymousAuthenticationFilter.java:100)
	at org.springframework.security.web.FilterChainProxy$VirtualFilterChain.doFilter(FilterChainProxy.java:374)
	at org.springframework.security.web.servletapi.SecurityContextHolderAwareRequestFilter.doFilter(SecurityContextHolderAwareRequestFilter.java:179)
	at org.springframework.security.web.FilterChainProxy$VirtualFilterChain.doFilter(FilterChainProxy.java:374)
	at org.springframework.security.web.savedrequest.RequestCacheAwareFilter.doFilter(RequestCacheAwareFilter.java:63)
	at org.springframework.security.web.FilterChainProxy$VirtualFilterChain.doFilter(FilterChainProxy.java:374)
	at com.datansh.EmployeeManagment.security.JwtAuthenticationFilter.doFilterInternal(JwtAuthenticationFilter.java:53)
	at org.springframework.web.filter.OncePerRequestFilter.doFilter(OncePerRequestFilter.java:116)
	at org.springframework.security.web.FilterChainProxy$VirtualFilterChain.doFilter(FilterChainProxy.java:374)
	at org.springframework.web.filter.OncePerRequestFilter.doFilter(OncePerRequestFilter.java:110)
	at org.springframework.security.web.FilterChainProxy$VirtualFilterChain.doFilter(FilterChainProxy.java:374)
	at org.springframework.security.web.authentication.logout.LogoutFilter.doFilter(LogoutFilter.java:107)
	at org.springframework.security.web.authentication.logout.LogoutFilter.doFilter(LogoutFilter.java:93)
	at org.springframework.security.web.FilterChainProxy$VirtualFilterChain.doFilter(FilterChainProxy.java:374)
	at org.springframework.web.filter.CorsFilter.doFilterInternal(CorsFilter.java:91)
	at org.springframework.web.filter.OncePerRequestFilter.doFilter(OncePerRequestFilter.java:116)
	at org.springframework.security.web.FilterChainProxy$VirtualFilterChain.doFilter(FilterChainProxy.java:374)
	at org.springframework.security.web.header.HeaderWriterFilter.doHeadersAfter(HeaderWriterFilter.java:90)
	at org.springframework.security.web.header.HeaderWriterFilter.doFilterInternal(HeaderWriterFilter.java:75)
	at org.springframework.web.filter.OncePerRequestFilter.doFilter(OncePerRequestFilter.java:116)
	at org.springframework.security.web.FilterChainProxy$VirtualFilterChain.doFilter(FilterChainProxy.java:374)
	at org.springframework.security.web.context.SecurityContextHolderFilter.doFilter(SecurityContextHolderFilter.java:82)
	at org.springframework.security.web.context.SecurityContextHolderFilter.doFilter(SecurityContextHolderFilter.java:69)
	at org.springframework.security.web.FilterChainProxy$VirtualFilterChain.doFilter(FilterChainProxy.java:374)
	at org.springframework.security.web.context.request.async.WebAsyncManagerIntegrationFilter.doFilterInternal(WebAsyncManagerIntegrationFilter.java:62)
	at org.springframework.web.filter.OncePerRequestFilter.doFilter(OncePerRequestFilter.java:116)
	at org.springframework.security.web.FilterChainProxy$VirtualFilterChain.doFilter(FilterChainProxy.java:374)
	at org.springframework.security.web.session.DisableEncodeUrlFilter.doFilterInternal(DisableEncodeUrlFilter.java:42)
	at org.springframework.web.filter.OncePerRequestFilter.doFilter(OncePerRequestFilter.java:116)
	at org.springframework.security.web.FilterChainProxy$VirtualFilterChain.doFilter(FilterChainProxy.java:374)
	at org.springframework.security.web.FilterChainProxy.doFilterInternal(FilterChainProxy.java:233)
	at org.springframework.security.web.FilterChainProxy.doFilter(FilterChainProxy.java:191)
	at org.springframework.web.filter.CompositeFilter$VirtualFilterChain.doFilter(CompositeFilter.java:113)
	at org.springframework.web.servlet.handler.HandlerMappingIntrospector.lambda$createCacheFilter$3(HandlerMappingIntrospector.java:243)
	at org.springframework.web.filter.CompositeFilter$VirtualFilterChain.doFilter(CompositeFilter.java:113)
	at org.springframework.web.filter.CompositeFilter.doFilter(CompositeFilter.java:74)
	at org.springframework.security.config.annotation.web.configuration.WebMvcSecurityConfiguration$CompositeFilterChainProxy.doFilter(WebMvcSecurityConfiguration.java:238)
	at org.springframework.web.filter.DelegatingFilterProxy.invokeDelegate(DelegatingFilterProxy.java:362)
	at org.springframework.web.filter.DelegatingFilterProxy.doFilter(DelegatingFilterProxy.java:278)
	at org.apache.catalina.core.ApplicationFilterChain.internalDoFilter(ApplicationFilterChain.java:164)
	at org.apache.catalina.core.ApplicationFilterChain.doFilter(ApplicationFilterChain.java:140)
	at org.springframework.web.filter.RequestContextFilter.doFilterInternal(RequestContextFilter.java:100)
	at org.springframework.web.filter.OncePerRequestFilter.doFilter(OncePerRequestFilter.java:116)
	at org.apache.catalina.core.ApplicationFilterChain.internalDoFilter(ApplicationFilterChain.java:164)
	at org.apache.catalina.core.ApplicationFilterChain.doFilter(ApplicationFilterChain.java:140)
	at org.springframework.web.filter.FormContentFilter.doFilterInternal(FormContentFilter.java:93)
	at org.springframework.web.filter.OncePerRequestFilter.doFilter(OncePerRequestFilter.java:116)
	at org.apache.catalina.core.ApplicationFilterChain.internalDoFilter(ApplicationFilterChain.java:164)
	at org.apache.catalina.core.ApplicationFilterChain.doFilter(ApplicationFilterChain.java:140)
	at org.springframework.web.filter.CharacterEncodingFilter.doFilterInternal(CharacterEncodingFilter.java:201)
	at org.springframework.web.filter.OncePerRequestFilter.doFilter(OncePerRequestFilter.java:116)
	at org.apache.catalina.core.ApplicationFilterChain.internalDoFilter(ApplicationFilterChain.java:164)
	at org.apache.catalina.core.ApplicationFilterChain.doFilter(ApplicationFilterChain.java:140)
	at com.datansh.EmployeeManagment.security.RequestLoggingFilter.doFilterInternal(RequestLoggingFilter.java:47)
	at org.springframework.web.filter.OncePerRequestFilter.doFilter(OncePerRequestFilter.java:116)
	at org.apache.catalina.core.ApplicationFilterChain.internalDoFilter(ApplicationFilterChain.java:164)
	at org.apache.catalina.core.ApplicationFilterChain.doFilter(ApplicationFilterChain.java:140)
	at org.apache.catalina.core.StandardWrapperValve.invoke(StandardWrapperValve.java:167)
	at org.apache.catalina.core.StandardContextValve.invoke(StandardContextValve.java:90)
	at org.apache.catalina.authenticator.AuthenticatorBase.invoke(AuthenticatorBase.java:483)
	at org.apache.catalina.core.StandardHostValve.invoke(StandardHostValve.java:115)
	at org.apache.catalina.valves.ErrorReportValve.invoke(ErrorReportValve.java:93)
	at org.apache.catalina.core.StandardEngineValve.invoke(StandardEngineValve.java:74)
	at org.apache.catalina.connector.CoyoteAdapter.service(CoyoteAdapter.java:344)
	at org.apache.coyote.http11.Http11Processor.service(Http11Processor.java:397)
	at org.apache.coyote.AbstractProcessorLight.process(AbstractProcessorLight.java:63)
	at org.apache.coyote.AbstractProtocol$ConnectionHandler.process(AbstractProtocol.java:905)
	at org.apache.tomcat.util.net.NioEndpoint$SocketProcessor.doRun(NioEndpoint.java:1743)
	at org.apache.tomcat.util.net.SocketProcessorBase.run(SocketProcessorBase.java:52)
	at org.apache.tomcat.util.threads.ThreadPoolExecutor.runWorker(ThreadPoolExecutor.java:1190)
	at org.apache.tomcat.util.threads.ThreadPoolExecutor$Worker.run(ThreadPoolExecutor.java:659)
	at org.apache.tomcat.util.threads.TaskThread$WrappingRunnable.run(TaskThread.java:63)
	at java.base/java.lang.Thread.run(Thread.java:1570)

2026-09-07 14:39:27.951  WARN [http-nio-8080-exec-7] [trace:8a6e35d9] .m.m.a.ExceptionHandlerExceptionResolver : Resolved [org.springframework.web.servlet.resource.NoResourceFoundException: No static resource payroll.]
2026-09-07 14:39:27.951 ERROR [http-nio-8080-exec-7] [trace:8a6e35d9] c.d.E.security.RequestLoggingFilter      : [HTTP OUT] GET /payroll -> 500 (12ms)
2026-09-07 14:39:30.035  INFO [http-nio-8080-exec-8] [trace:0d36996b] c.d.E.security.RequestLoggingFilter      : [HTTP IN]  GET /projects from IP 0:0:0:0:0:0:0:1
2026-09-07 14:39:30.092  INFO [http-nio-8080-exec-8] [trace:0d36996b] c.d.E.security.RequestLoggingFilter      : [HTTP OUT] GET /projects -> 200 (57ms)
2026-09-07 14:39:32.145  INFO [http-nio-8080-exec-9] [trace:e4ae261c] c.d.E.security.RequestLoggingFilter      : [HTTP IN]  GET /reviews from IP 0:0:0:0:0:0:0:1
2026-09-07 14:39:32.174  INFO [http-nio-8080-exec-9] [trace:e4ae261c] c.d.E.security.RequestLoggingFilter      : [HTTP OUT] GET /reviews -> 200 (29ms)
2026-09-07 14:39:34.264  INFO [http-nio-8080-exec-10] [trace:b8bf420c] c.d.E.security.RequestLoggingFilter      : [HTTP IN]  GET /announcements from IP 0:0:0:0:0:0:0:1
2026-09-07 14:39:34.290  INFO [http-nio-8080-exec-10] [trace:b8bf420c] c.d.E.security.RequestLoggingFilter      : [HTTP OUT] GET /announcements -> 200 (26ms)
2026-09-07 14:39:36.342  INFO [http-nio-8080-exec-1] [trace:8ebc08a2] c.d.E.security.RequestLoggingFilter      : [HTTP IN]  GET /holidays from IP 0:0:0:0:0:0:0:1
2026-09-07 14:39:36.359  WARN [http-nio-8080-exec-1] [trace:8ebc08a2] c.d.E.config.CacheConfig                 : [CACHE WARNING] Redis cache get failed for key 'all_all_0_null' in cache 'holidays': Unable to connect to Redis. Falling back to database query.
2026-09-07 14:39:36.383  WARN [http-nio-8080-exec-1] [trace:8ebc08a2] c.d.E.config.CacheConfig                 : [CACHE WARNING] Redis cache put failed for key 'all_all_0_null' in cache 'holidays': Unable to connect to Redis. Continuing execution.
2026-09-07 14:39:36.388  INFO [http-nio-8080-exec-1] [trace:8ebc08a2] c.d.E.security.RequestLoggingFilter      : [HTTP OUT] GET /holidays -> 200 (46ms)
2026-09-07 14:39:36.667  INFO [http-nio-8080-exec-3] [trace:91e5b9b7] c.d.E.security.RequestLoggingFilter      : [HTTP IN]  POST /auth/login from IP 0:0:0:0:0:0:0:1
2026-09-07 14:39:37.019  INFO [http-nio-8080-exec-3] [trace:91e5b9b7] c.d.E.service.AuthService                : [AUTH] User authenticated successfully: userId=103, publicId=ef6341dc-6aff-4252-983e-e5f2b16caaf1, email=admin@ems.local
2026-09-07 14:39:37.026  INFO [http-nio-8080-exec-3] [trace:91e5b9b7] c.d.E.security.RequestLoggingFilter      : [HTTP OUT] POST /auth/login -> 200 (359ms)
2026-09-07 14:39:38.415  INFO [http-nio-8080-exec-2] [trace:d3751746] c.d.E.security.RequestLoggingFilter      : [HTTP IN]  GET /audit-logs from IP 0:0:0:0:0:0:0:1
2026-09-07 14:39:38.466  INFO [http-nio-8080-exec-2] [trace:d3751746] c.d.E.security.RequestLoggingFilter      : [HTTP OUT] GET /audit-logs -> 200 (51ms)
2026-09-07 14:39:39.947  INFO [http-nio-8080-exec-4] [trace:ba2b4b55] c.d.E.security.RequestLoggingFilter      : [HTTP IN]  GET /auth/me from IP 0:0:0:0:0:0:0:1
2026-09-07 14:39:39.967  INFO [http-nio-8080-exec-4] [trace:ba2b4b55] c.d.E.security.RequestLoggingFilter      : [HTTP OUT] GET /auth/me -> 200 (20ms)
2026-09-07 14:39:40.500  INFO [http-nio-8080-exec-5] [trace:fecf10e2] c.d.E.security.RequestLoggingFilter      : [HTTP IN]  GET /documents from IP 0:0:0:0:0:0:0:1
2026-09-07 14:39:40.516 ERROR [http-nio-8080-exec-5] [trace:fecf10e2] c.d.E.exception.GlobalExceptionHandler   : [INTERNAL SERVER ERROR] 500: No static resource documents.

org.springframework.web.servlet.resource.NoResourceFoundException: No static resource documents.
	at org.springframework.web.servlet.resource.ResourceHttpRequestHandler.handleRequest(ResourceHttpRequestHandler.java:585)
	at org.springframework.web.servlet.mvc.HttpRequestHandlerAdapter.handle(HttpRequestHandlerAdapter.java:52)
	at org.springframework.web.servlet.DispatcherServlet.doDispatch(DispatcherServlet.java:1088)
	at org.springframework.web.servlet.DispatcherServlet.doService(DispatcherServlet.java:978)
	at org.springframework.web.servlet.FrameworkServlet.processRequest(FrameworkServlet.java:1014)
	at org.springframework.web.servlet.FrameworkServlet.doGet(FrameworkServlet.java:903)
	at jakarta.servlet.http.HttpServlet.service(HttpServlet.java:564)
	at org.springframework.web.servlet.FrameworkServlet.service(FrameworkServlet.java:885)
	at jakarta.servlet.http.HttpServlet.service(HttpServlet.java:658)
	at org.apache.catalina.core.ApplicationFilterChain.internalDoFilter(ApplicationFilterChain.java:195)
	at org.apache.catalina.core.ApplicationFilterChain.doFilter(ApplicationFilterChain.java:140)
	at org.apache.tomcat.websocket.server.WsFilter.doFilter(WsFilter.java:51)
	at org.apache.catalina.core.ApplicationFilterChain.internalDoFilter(ApplicationFilterChain.java:164)
	at org.apache.catalina.core.ApplicationFilterChain.doFilter(ApplicationFilterChain.java:140)
	at org.springframework.web.filter.OncePerRequestFilter.doFilter(OncePerRequestFilter.java:110)
	at org.apache.catalina.core.ApplicationFilterChain.internalDoFilter(ApplicationFilterChain.java:164)
	at org.apache.catalina.core.ApplicationFilterChain.doFilter(ApplicationFilterChain.java:140)
	at org.springframework.web.filter.CompositeFilter$VirtualFilterChain.doFilter(CompositeFilter.java:108)
	at org.springframework.security.web.FilterChainProxy.lambda$doFilterInternal$3(FilterChainProxy.java:231)
	at org.springframework.security.web.FilterChainProxy$VirtualFilterChain.doFilter(FilterChainProxy.java:365)
	at org.springframework.security.web.access.intercept.AuthorizationFilter.doFilter(AuthorizationFilter.java:101)
	at org.springframework.security.web.FilterChainProxy$VirtualFilterChain.doFilter(FilterChainProxy.java:374)
	at org.springframework.security.web.access.ExceptionTranslationFilter.doFilter(ExceptionTranslationFilter.java:126)
	at org.springframework.security.web.access.ExceptionTranslationFilter.doFilter(ExceptionTranslationFilter.java:120)
	at org.springframework.security.web.FilterChainProxy$VirtualFilterChain.doFilter(FilterChainProxy.java:374)
	at org.springframework.security.web.session.SessionManagementFilter.doFilter(SessionManagementFilter.java:131)
	at org.springframework.security.web.session.SessionManagementFilter.doFilter(SessionManagementFilter.java:85)
	at org.springframework.security.web.FilterChainProxy$VirtualFilterChain.doFilter(FilterChainProxy.java:374)
	at org.springframework.security.web.authentication.AnonymousAuthenticationFilter.doFilter(AnonymousAuthenticationFilter.java:100)
	at org.springframework.security.web.FilterChainProxy$VirtualFilterChain.doFilter(FilterChainProxy.java:374)
	at org.springframework.security.web.servletapi.SecurityContextHolderAwareRequestFilter.doFilter(SecurityContextHolderAwareRequestFilter.java:179)
	at org.springframework.security.web.FilterChainProxy$VirtualFilterChain.doFilter(FilterChainProxy.java:374)
	at org.springframework.security.web.savedrequest.RequestCacheAwareFilter.doFilter(RequestCacheAwareFilter.java:63)
	at org.springframework.security.web.FilterChainProxy$VirtualFilterChain.doFilter(FilterChainProxy.java:374)
	at com.datansh.EmployeeManagment.security.JwtAuthenticationFilter.doFilterInternal(JwtAuthenticationFilter.java:53)
	at org.springframework.web.filter.OncePerRequestFilter.doFilter(OncePerRequestFilter.java:116)
	at org.springframework.security.web.FilterChainProxy$VirtualFilterChain.doFilter(FilterChainProxy.java:374)
	at org.springframework.web.filter.OncePerRequestFilter.doFilter(OncePerRequestFilter.java:110)
	at org.springframework.security.web.FilterChainProxy$VirtualFilterChain.doFilter(FilterChainProxy.java:374)
	at org.springframework.security.web.authentication.logout.LogoutFilter.doFilter(LogoutFilter.java:107)
	at org.springframework.security.web.authentication.logout.LogoutFilter.doFilter(LogoutFilter.java:93)
	at org.springframework.security.web.FilterChainProxy$VirtualFilterChain.doFilter(FilterChainProxy.java:374)
	at org.springframework.web.filter.CorsFilter.doFilterInternal(CorsFilter.java:91)
	at org.springframework.web.filter.OncePerRequestFilter.doFilter(OncePerRequestFilter.java:116)
	at org.springframework.security.web.FilterChainProxy$VirtualFilterChain.doFilter(FilterChainProxy.java:374)
	at org.springframework.security.web.header.HeaderWriterFilter.doHeadersAfter(HeaderWriterFilter.java:90)
	at org.springframework.security.web.header.HeaderWriterFilter.doFilterInternal(HeaderWriterFilter.java:75)
	at org.springframework.web.filter.OncePerRequestFilter.doFilter(OncePerRequestFilter.java:116)
	at org.springframework.security.web.FilterChainProxy$VirtualFilterChain.doFilter(FilterChainProxy.java:374)
	at org.springframework.security.web.context.SecurityContextHolderFilter.doFilter(SecurityContextHolderFilter.java:82)
	at org.springframework.security.web.context.SecurityContextHolderFilter.doFilter(SecurityContextHolderFilter.java:69)
	at org.springframework.security.web.FilterChainProxy$VirtualFilterChain.doFilter(FilterChainProxy.java:374)
	at org.springframework.security.web.context.request.async.WebAsyncManagerIntegrationFilter.doFilterInternal(WebAsyncManagerIntegrationFilter.java:62)
	at org.springframework.web.filter.OncePerRequestFilter.doFilter(OncePerRequestFilter.java:116)
	at org.springframework.security.web.FilterChainProxy$VirtualFilterChain.doFilter(FilterChainProxy.java:374)
	at org.springframework.security.web.session.DisableEncodeUrlFilter.doFilterInternal(DisableEncodeUrlFilter.java:42)
	at org.springframework.web.filter.OncePerRequestFilter.doFilter(OncePerRequestFilter.java:116)
	at org.springframework.security.web.FilterChainProxy$VirtualFilterChain.doFilter(FilterChainProxy.java:374)
	at org.springframework.security.web.FilterChainProxy.doFilterInternal(FilterChainProxy.java:233)
	at org.springframework.security.web.FilterChainProxy.doFilter(FilterChainProxy.java:191)
	at org.springframework.web.filter.CompositeFilter$VirtualFilterChain.doFilter(CompositeFilter.java:113)
	at org.springframework.web.servlet.handler.HandlerMappingIntrospector.lambda$createCacheFilter$3(HandlerMappingIntrospector.java:243)
	at org.springframework.web.filter.CompositeFilter$VirtualFilterChain.doFilter(CompositeFilter.java:113)
	at org.springframework.web.filter.CompositeFilter.doFilter(CompositeFilter.java:74)
	at org.springframework.security.config.annotation.web.configuration.WebMvcSecurityConfiguration$CompositeFilterChainProxy.doFilter(WebMvcSecurityConfiguration.java:238)
	at org.springframework.web.filter.DelegatingFilterProxy.invokeDelegate(DelegatingFilterProxy.java:362)
	at org.springframework.web.filter.DelegatingFilterProxy.doFilter(DelegatingFilterProxy.java:278)
	at org.apache.catalina.core.ApplicationFilterChain.internalDoFilter(ApplicationFilterChain.java:164)
	at org.apache.catalina.core.ApplicationFilterChain.doFilter(ApplicationFilterChain.java:140)
	at org.springframework.web.filter.RequestContextFilter.doFilterInternal(RequestContextFilter.java:100)
	at org.springframework.web.filter.OncePerRequestFilter.doFilter(OncePerRequestFilter.java:116)
	at org.apache.catalina.core.ApplicationFilterChain.internalDoFilter(ApplicationFilterChain.java:164)
	at org.apache.catalina.core.ApplicationFilterChain.doFilter(ApplicationFilterChain.java:140)
	at org.springframework.web.filter.FormContentFilter.doFilterInternal(FormContentFilter.java:93)
	at org.springframework.web.filter.OncePerRequestFilter.doFilter(OncePerRequestFilter.java:116)
	at org.apache.catalina.core.ApplicationFilterChain.internalDoFilter(ApplicationFilterChain.java:164)
	at org.apache.catalina.core.ApplicationFilterChain.doFilter(ApplicationFilterChain.java:140)
	at org.springframework.web.filter.CharacterEncodingFilter.doFilterInternal(CharacterEncodingFilter.java:201)
	at org.springframework.web.filter.OncePerRequestFilter.doFilter(OncePerRequestFilter.java:116)
	at org.apache.catalina.core.ApplicationFilterChain.internalDoFilter(ApplicationFilterChain.java:164)
	at org.apache.catalina.core.ApplicationFilterChain.doFilter(ApplicationFilterChain.java:140)
	at com.datansh.EmployeeManagment.security.RequestLoggingFilter.doFilterInternal(RequestLoggingFilter.java:47)
	at org.springframework.web.filter.OncePerRequestFilter.doFilter(OncePerRequestFilter.java:116)
	at org.apache.catalina.core.ApplicationFilterChain.internalDoFilter(ApplicationFilterChain.java:164)
	at org.apache.catalina.core.ApplicationFilterChain.doFilter(ApplicationFilterChain.java:140)
	at org.apache.catalina.core.StandardWrapperValve.invoke(StandardWrapperValve.java:167)
	at org.apache.catalina.core.StandardContextValve.invoke(StandardContextValve.java:90)
	at org.apache.catalina.authenticator.AuthenticatorBase.invoke(AuthenticatorBase.java:483)
	at org.apache.catalina.core.StandardHostValve.invoke(StandardHostValve.java:115)
	at org.apache.catalina.valves.ErrorReportValve.invoke(ErrorReportValve.java:93)
	at org.apache.catalina.core.StandardEngineValve.invoke(StandardEngineValve.java:74)
	at org.apache.catalina.connector.CoyoteAdapter.service(CoyoteAdapter.java:344)
	at org.apache.coyote.http11.Http11Processor.service(Http11Processor.java:397)
	at org.apache.coyote.AbstractProcessorLight.process(AbstractProcessorLight.java:63)
	at org.apache.coyote.AbstractProtocol$ConnectionHandler.process(AbstractProtocol.java:905)
	at org.apache.tomcat.util.net.NioEndpoint$SocketProcessor.doRun(NioEndpoint.java:1743)
	at org.apache.tomcat.util.net.SocketProcessorBase.run(SocketProcessorBase.java:52)
	at org.apache.tomcat.util.threads.ThreadPoolExecutor.runWorker(ThreadPoolExecutor.java:1190)
	at org.apache.tomcat.util.threads.ThreadPoolExecutor$Worker.run(ThreadPoolExecutor.java:659)
	at org.apache.tomcat.util.threads.TaskThread$WrappingRunnable.run(TaskThread.java:63)
	at java.base/java.lang.Thread.run(Thread.java:1570)

2026-09-07 14:39:40.518  WARN [http-nio-8080-exec-5] [trace:fecf10e2] .m.m.a.ExceptionHandlerExceptionResolver : Resolved [org.springframework.web.servlet.resource.NoResourceFoundException: No static resource documents.]
2026-09-07 14:39:40.518 ERROR [http-nio-8080-exec-5] [trace:fecf10e2] c.d.E.security.RequestLoggingFilter      : [HTTP OUT] GET /documents -> 500 (18ms)
2026-09-07 14:39:42.040  INFO [http-nio-8080-exec-6] [trace:30a5b3eb] c.d.E.security.RequestLoggingFilter      : [HTTP IN]  GET /auth/roles from IP 0:0:0:0:0:0:0:1
2026-09-07 14:39:42.063  INFO [http-nio-8080-exec-6] [trace:30a5b3eb] c.d.E.security.RequestLoggingFilter      : [HTTP OUT] GET /auth/roles -> 200 (23ms)
2026-09-07 14:39:44.171  INFO [http-nio-8080-exec-7] [trace:84aa0f7e] c.d.E.security.RequestLoggingFilter      : [HTTP IN]  GET /auth/permissions from IP 0:0:0:0:0:0:0:1
2026-09-07 14:39:44.190  INFO [http-nio-8080-exec-7] [trace:84aa0f7e] c.d.E.security.RequestLoggingFilter      : [HTTP OUT] GET /auth/permissions -> 200 (19ms)
2026-09-07 14:39:46.348  INFO [http-nio-8080-exec-8] [trace:9afdfd5a] c.d.E.security.RequestLoggingFilter      : [HTTP IN]  GET /auth/pending-users from IP 0:0:0:0:0:0:0:1
2026-09-07 14:39:46.479  INFO [http-nio-8080-exec-8] [trace:9afdfd5a] c.d.E.security.RequestLoggingFilter      : [HTTP OUT] GET /auth/pending-users -> 200 (131ms)
2026-09-07 14:39:48.560  INFO [http-nio-8080-exec-9] [trace:638db1f1] c.d.E.security.RequestLoggingFilter      : [HTTP IN]  GET /employees/search from IP 0:0:0:0:0:0:0:1
2026-09-07 14:39:48.589  INFO [http-nio-8080-exec-9] [trace:638db1f1] c.d.E.security.RequestLoggingFilter      : [HTTP OUT] GET /employees/search -> 200 (29ms)
2026-09-07 14:39:51.302  INFO [http-nio-8080-exec-10] [trace:a1be5088] c.d.E.security.RequestLoggingFilter      : [HTTP IN]  GET /departments from IP 0:0:0:0:0:0:0:1
2026-09-07 14:39:51.319  WARN [http-nio-8080-exec-10] [trace:a1be5088] c.d.E.config.CacheConfig                 : [CACHE WARNING] Redis cache get failed for key 'list_0_null' in cache 'departments': Unable to connect to Redis. Falling back to database query.
2026-09-07 14:39:51.335  WARN [http-nio-8080-exec-10] [trace:a1be5088] c.d.E.config.CacheConfig                 : [CACHE WARNING] Redis cache put failed for key 'list_0_null' in cache 'departments': Unable to connect to Redis. Continuing execution.
2026-09-07 14:39:51.340  INFO [http-nio-8080-exec-10] [trace:a1be5088] c.d.E.security.RequestLoggingFilter      : [HTTP OUT] GET /departments -> 200 (38ms)
2026-09-07 14:39:53.827  INFO [http-nio-8080-exec-1] [trace:5092bd21] c.d.E.security.RequestLoggingFilter      : [HTTP IN]  GET /departments/designations from IP 0:0:0:0:0:0:0:1
2026-09-07 14:39:53.835  WARN [http-nio-8080-exec-1] [trace:5092bd21] c.d.E.exception.GlobalExceptionHandler   : [ILLEGAL ARGUMENT] 400: Invalid UUID string: designations
2026-09-07 14:39:53.836  WARN [http-nio-8080-exec-1] [trace:5092bd21] .m.m.a.ExceptionHandlerExceptionResolver : Resolved [java.lang.IllegalArgumentException: Invalid UUID string: designations]
2026-09-07 14:39:53.836  WARN [http-nio-8080-exec-1] [trace:5092bd21] c.d.E.security.RequestLoggingFilter      : [HTTP OUT] GET /departments/designations -> 400 (9ms)
2026-09-07 14:39:55.879  INFO [http-nio-8080-exec-3] [trace:c405071f] c.d.E.security.RequestLoggingFilter      : [HTTP IN]  GET /attendance/today from IP 0:0:0:0:0:0:0:1
2026-09-07 14:39:55.889 ERROR [http-nio-8080-exec-3] [trace:c405071f] c.d.E.exception.GlobalExceptionHandler   : [INTERNAL SERVER ERROR] 500: No static resource attendance/today.

org.springframework.web.servlet.resource.NoResourceFoundException: No static resource attendance/today.
	at org.springframework.web.servlet.resource.ResourceHttpRequestHandler.handleRequest(ResourceHttpRequestHandler.java:585)
	at org.springframework.web.servlet.mvc.HttpRequestHandlerAdapter.handle(HttpRequestHandlerAdapter.java:52)
	at org.springframework.web.servlet.DispatcherServlet.doDispatch(DispatcherServlet.java:1088)
	at org.springframework.web.servlet.DispatcherServlet.doService(DispatcherServlet.java:978)
	at org.springframework.web.servlet.FrameworkServlet.processRequest(FrameworkServlet.java:1014)
	at org.springframework.web.servlet.FrameworkServlet.doGet(FrameworkServlet.java:903)
	at jakarta.servlet.http.HttpServlet.service(HttpServlet.java:564)
	at org.springframework.web.servlet.FrameworkServlet.service(FrameworkServlet.java:885)
	at jakarta.servlet.http.HttpServlet.service(HttpServlet.java:658)
	at org.apache.catalina.core.ApplicationFilterChain.internalDoFilter(ApplicationFilterChain.java:195)
	at org.apache.catalina.core.ApplicationFilterChain.doFilter(ApplicationFilterChain.java:140)
	at org.apache.tomcat.websocket.server.WsFilter.doFilter(WsFilter.java:51)
	at org.apache.catalina.core.ApplicationFilterChain.internalDoFilter(ApplicationFilterChain.java:164)
	at org.apache.catalina.core.ApplicationFilterChain.doFilter(ApplicationFilterChain.java:140)
	at org.springframework.web.filter.OncePerRequestFilter.doFilter(OncePerRequestFilter.java:110)
	at org.apache.catalina.core.ApplicationFilterChain.internalDoFilter(ApplicationFilterChain.java:164)
	at org.apache.catalina.core.ApplicationFilterChain.doFilter(ApplicationFilterChain.java:140)
	at org.springframework.web.filter.CompositeFilter$VirtualFilterChain.doFilter(CompositeFilter.java:108)
	at org.springframework.security.web.FilterChainProxy.lambda$doFilterInternal$3(FilterChainProxy.java:231)
	at org.springframework.security.web.FilterChainProxy$VirtualFilterChain.doFilter(FilterChainProxy.java:365)
	at org.springframework.security.web.access.intercept.AuthorizationFilter.doFilter(AuthorizationFilter.java:101)
	at org.springframework.security.web.FilterChainProxy$VirtualFilterChain.doFilter(FilterChainProxy.java:374)
	at org.springframework.security.web.access.ExceptionTranslationFilter.doFilter(ExceptionTranslationFilter.java:126)
	at org.springframework.security.web.access.ExceptionTranslationFilter.doFilter(ExceptionTranslationFilter.java:120)
	at org.springframework.security.web.FilterChainProxy$VirtualFilterChain.doFilter(FilterChainProxy.java:374)
	at org.springframework.security.web.session.SessionManagementFilter.doFilter(SessionManagementFilter.java:131)
	at org.springframework.security.web.session.SessionManagementFilter.doFilter(SessionManagementFilter.java:85)
	at org.springframework.security.web.FilterChainProxy$VirtualFilterChain.doFilter(FilterChainProxy.java:374)
	at org.springframework.security.web.authentication.AnonymousAuthenticationFilter.doFilter(AnonymousAuthenticationFilter.java:100)
	at org.springframework.security.web.FilterChainProxy$VirtualFilterChain.doFilter(FilterChainProxy.java:374)
	at org.springframework.security.web.servletapi.SecurityContextHolderAwareRequestFilter.doFilter(SecurityContextHolderAwareRequestFilter.java:179)
	at org.springframework.security.web.FilterChainProxy$VirtualFilterChain.doFilter(FilterChainProxy.java:374)
	at org.springframework.security.web.savedrequest.RequestCacheAwareFilter.doFilter(RequestCacheAwareFilter.java:63)
	at org.springframework.security.web.FilterChainProxy$VirtualFilterChain.doFilter(FilterChainProxy.java:374)
	at com.datansh.EmployeeManagment.security.JwtAuthenticationFilter.doFilterInternal(JwtAuthenticationFilter.java:53)
	at org.springframework.web.filter.OncePerRequestFilter.doFilter(OncePerRequestFilter.java:116)
	at org.springframework.security.web.FilterChainProxy$VirtualFilterChain.doFilter(FilterChainProxy.java:374)
	at org.springframework.web.filter.OncePerRequestFilter.doFilter(OncePerRequestFilter.java:110)
	at org.springframework.security.web.FilterChainProxy$VirtualFilterChain.doFilter(FilterChainProxy.java:374)
	at org.springframework.security.web.authentication.logout.LogoutFilter.doFilter(LogoutFilter.java:107)
	at org.springframework.security.web.authentication.logout.LogoutFilter.doFilter(LogoutFilter.java:93)
	at org.springframework.security.web.FilterChainProxy$VirtualFilterChain.doFilter(FilterChainProxy.java:374)
	at org.springframework.web.filter.CorsFilter.doFilterInternal(CorsFilter.java:91)
	at org.springframework.web.filter.OncePerRequestFilter.doFilter(OncePerRequestFilter.java:116)
	at org.springframework.security.web.FilterChainProxy$VirtualFilterChain.doFilter(FilterChainProxy.java:374)
	at org.springframework.security.web.header.HeaderWriterFilter.doHeadersAfter(HeaderWriterFilter.java:90)
	at org.springframework.security.web.header.HeaderWriterFilter.doFilterInternal(HeaderWriterFilter.java:75)
	at org.springframework.web.filter.OncePerRequestFilter.doFilter(OncePerRequestFilter.java:116)
	at org.springframework.security.web.FilterChainProxy$VirtualFilterChain.doFilter(FilterChainProxy.java:374)
	at org.springframework.security.web.context.SecurityContextHolderFilter.doFilter(SecurityContextHolderFilter.java:82)
	at org.springframework.security.web.context.SecurityContextHolderFilter.doFilter(SecurityContextHolderFilter.java:69)
	at org.springframework.security.web.FilterChainProxy$VirtualFilterChain.doFilter(FilterChainProxy.java:374)
	at org.springframework.security.web.context.request.async.WebAsyncManagerIntegrationFilter.doFilterInternal(WebAsyncManagerIntegrationFilter.java:62)
	at org.springframework.web.filter.OncePerRequestFilter.doFilter(OncePerRequestFilter.java:116)
	at org.springframework.security.web.FilterChainProxy$VirtualFilterChain.doFilter(FilterChainProxy.java:374)
	at org.springframework.security.web.session.DisableEncodeUrlFilter.doFilterInternal(DisableEncodeUrlFilter.java:42)
	at org.springframework.web.filter.OncePerRequestFilter.doFilter(OncePerRequestFilter.java:116)
	at org.springframework.security.web.FilterChainProxy$VirtualFilterChain.doFilter(FilterChainProxy.java:374)
	at org.springframework.security.web.FilterChainProxy.doFilterInternal(FilterChainProxy.java:233)
	at org.springframework.security.web.FilterChainProxy.doFilter(FilterChainProxy.java:191)
	at org.springframework.web.filter.CompositeFilter$VirtualFilterChain.doFilter(CompositeFilter.java:113)
	at org.springframework.web.servlet.handler.HandlerMappingIntrospector.lambda$createCacheFilter$3(HandlerMappingIntrospector.java:243)
	at org.springframework.web.filter.CompositeFilter$VirtualFilterChain.doFilter(CompositeFilter.java:113)
	at org.springframework.web.filter.CompositeFilter.doFilter(CompositeFilter.java:74)
	at org.springframework.security.config.annotation.web.configuration.WebMvcSecurityConfiguration$CompositeFilterChainProxy.doFilter(WebMvcSecurityConfiguration.java:238)
	at org.springframework.web.filter.DelegatingFilterProxy.invokeDelegate(DelegatingFilterProxy.java:362)
	at org.springframework.web.filter.DelegatingFilterProxy.doFilter(DelegatingFilterProxy.java:278)
	at org.apache.catalina.core.ApplicationFilterChain.internalDoFilter(ApplicationFilterChain.java:164)
	at org.apache.catalina.core.ApplicationFilterChain.doFilter(ApplicationFilterChain.java:140)
	at org.springframework.web.filter.RequestContextFilter.doFilterInternal(RequestContextFilter.java:100)
	at org.springframework.web.filter.OncePerRequestFilter.doFilter(OncePerRequestFilter.java:116)
	at org.apache.catalina.core.ApplicationFilterChain.internalDoFilter(ApplicationFilterChain.java:164)
	at org.apache.catalina.core.ApplicationFilterChain.doFilter(ApplicationFilterChain.java:140)
	at org.springframework.web.filter.FormContentFilter.doFilterInternal(FormContentFilter.java:93)
	at org.springframework.web.filter.OncePerRequestFilter.doFilter(OncePerRequestFilter.java:116)
	at org.apache.catalina.core.ApplicationFilterChain.internalDoFilter(ApplicationFilterChain.java:164)
	at org.apache.catalina.core.ApplicationFilterChain.doFilter(ApplicationFilterChain.java:140)
	at org.springframework.web.filter.CharacterEncodingFilter.doFilterInternal(CharacterEncodingFilter.java:201)
	at org.springframework.web.filter.OncePerRequestFilter.doFilter(OncePerRequestFilter.java:116)
	at org.apache.catalina.core.ApplicationFilterChain.internalDoFilter(ApplicationFilterChain.java:164)
	at org.apache.catalina.core.ApplicationFilterChain.doFilter(ApplicationFilterChain.java:140)
	at com.datansh.EmployeeManagment.security.RequestLoggingFilter.doFilterInternal(RequestLoggingFilter.java:47)
	at org.springframework.web.filter.OncePerRequestFilter.doFilter(OncePerRequestFilter.java:116)
	at org.apache.catalina.core.ApplicationFilterChain.internalDoFilter(ApplicationFilterChain.java:164)
	at org.apache.catalina.core.ApplicationFilterChain.doFilter(ApplicationFilterChain.java:140)
	at org.apache.catalina.core.StandardWrapperValve.invoke(StandardWrapperValve.java:167)
	at org.apache.catalina.core.StandardContextValve.invoke(StandardContextValve.java:90)
	at org.apache.catalina.authenticator.AuthenticatorBase.invoke(AuthenticatorBase.java:483)
	at org.apache.catalina.core.StandardHostValve.invoke(StandardHostValve.java:115)
	at org.apache.catalina.valves.ErrorReportValve.invoke(ErrorReportValve.java:93)
	at org.apache.catalina.core.StandardEngineValve.invoke(StandardEngineValve.java:74)
	at org.apache.catalina.connector.CoyoteAdapter.service(CoyoteAdapter.java:344)
	at org.apache.coyote.http11.Http11Processor.service(Http11Processor.java:397)
	at org.apache.coyote.AbstractProcessorLight.process(AbstractProcessorLight.java:63)
	at org.apache.coyote.AbstractProtocol$ConnectionHandler.process(AbstractProtocol.java:905)
	at org.apache.tomcat.util.net.NioEndpoint$SocketProcessor.doRun(NioEndpoint.java:1743)
	at org.apache.tomcat.util.net.SocketProcessorBase.run(SocketProcessorBase.java:52)
	at org.apache.tomcat.util.threads.ThreadPoolExecutor.runWorker(ThreadPoolExecutor.java:1190)
	at org.apache.tomcat.util.threads.ThreadPoolExecutor$Worker.run(ThreadPoolExecutor.java:659)
	at org.apache.tomcat.util.threads.TaskThread$WrappingRunnable.run(TaskThread.java:63)
	at java.base/java.lang.Thread.run(Thread.java:1570)

2026-09-07 14:39:55.892  WARN [http-nio-8080-exec-3] [trace:c405071f] .m.m.a.ExceptionHandlerExceptionResolver : Resolved [org.springframework.web.servlet.resource.NoResourceFoundException: No static resource attendance/today.]
2026-09-07 14:39:55.893 ERROR [http-nio-8080-exec-3] [trace:c405071f] c.d.E.security.RequestLoggingFilter      : [HTTP OUT] GET /attendance/today -> 500 (14ms)
2026-09-07 14:39:58.072  INFO [http-nio-8080-exec-2] [trace:e5737f00] c.d.E.security.RequestLoggingFilter      : [HTTP IN]  GET /attendance/records from IP 0:0:0:0:0:0:0:1
2026-09-07 14:39:58.107  INFO [http-nio-8080-exec-2] [trace:e5737f00] c.d.E.security.RequestLoggingFilter      : [HTTP OUT] GET /attendance/records -> 200 (35ms)
2026-09-07 14:40:00.142  INFO [http-nio-8080-exec-4] [trace:0bfc0575] c.d.E.security.RequestLoggingFilter      : [HTTP IN]  GET /attendance/stats from IP 0:0:0:0:0:0:0:1
2026-09-07 14:40:00.153 ERROR [http-nio-8080-exec-4] [trace:0bfc0575] c.d.E.exception.GlobalExceptionHandler   : [INTERNAL SERVER ERROR] 500: No static resource attendance/stats.

org.springframework.web.servlet.resource.NoResourceFoundException: No static resource attendance/stats.
	at org.springframework.web.servlet.resource.ResourceHttpRequestHandler.handleRequest(ResourceHttpRequestHandler.java:585)
	at org.springframework.web.servlet.mvc.HttpRequestHandlerAdapter.handle(HttpRequestHandlerAdapter.java:52)
	at org.springframework.web.servlet.DispatcherServlet.doDispatch(DispatcherServlet.java:1088)
	at org.springframework.web.servlet.DispatcherServlet.doService(DispatcherServlet.java:978)
	at org.springframework.web.servlet.FrameworkServlet.processRequest(FrameworkServlet.java:1014)
	at org.springframework.web.servlet.FrameworkServlet.doGet(FrameworkServlet.java:903)
	at jakarta.servlet.http.HttpServlet.service(HttpServlet.java:564)
	at org.springframework.web.servlet.FrameworkServlet.service(FrameworkServlet.java:885)
	at jakarta.servlet.http.HttpServlet.service(HttpServlet.java:658)
	at org.apache.catalina.core.ApplicationFilterChain.internalDoFilter(ApplicationFilterChain.java:195)
	at org.apache.catalina.core.ApplicationFilterChain.doFilter(ApplicationFilterChain.java:140)
	at org.apache.tomcat.websocket.server.WsFilter.doFilter(WsFilter.java:51)
	at org.apache.catalina.core.ApplicationFilterChain.internalDoFilter(ApplicationFilterChain.java:164)
	at org.apache.catalina.core.ApplicationFilterChain.doFilter(ApplicationFilterChain.java:140)
	at org.springframework.web.filter.OncePerRequestFilter.doFilter(OncePerRequestFilter.java:110)
	at org.apache.catalina.core.ApplicationFilterChain.internalDoFilter(ApplicationFilterChain.java:164)
	at org.apache.catalina.core.ApplicationFilterChain.doFilter(ApplicationFilterChain.java:140)
	at org.springframework.web.filter.CompositeFilter$VirtualFilterChain.doFilter(CompositeFilter.java:108)
	at org.springframework.security.web.FilterChainProxy.lambda$doFilterInternal$3(FilterChainProxy.java:231)
	at org.springframework.security.web.FilterChainProxy$VirtualFilterChain.doFilter(FilterChainProxy.java:365)
	at org.springframework.security.web.access.intercept.AuthorizationFilter.doFilter(AuthorizationFilter.java:101)
	at org.springframework.security.web.FilterChainProxy$VirtualFilterChain.doFilter(FilterChainProxy.java:374)
	at org.springframework.security.web.access.ExceptionTranslationFilter.doFilter(ExceptionTranslationFilter.java:126)
	at org.springframework.security.web.access.ExceptionTranslationFilter.doFilter(ExceptionTranslationFilter.java:120)
	at org.springframework.security.web.FilterChainProxy$VirtualFilterChain.doFilter(FilterChainProxy.java:374)
	at org.springframework.security.web.session.SessionManagementFilter.doFilter(SessionManagementFilter.java:131)
	at org.springframework.security.web.session.SessionManagementFilter.doFilter(SessionManagementFilter.java:85)
	at org.springframework.security.web.FilterChainProxy$VirtualFilterChain.doFilter(FilterChainProxy.java:374)
	at org.springframework.security.web.authentication.AnonymousAuthenticationFilter.doFilter(AnonymousAuthenticationFilter.java:100)
	at org.springframework.security.web.FilterChainProxy$VirtualFilterChain.doFilter(FilterChainProxy.java:374)
	at org.springframework.security.web.servletapi.SecurityContextHolderAwareRequestFilter.doFilter(SecurityContextHolderAwareRequestFilter.java:179)
	at org.springframework.security.web.FilterChainProxy$VirtualFilterChain.doFilter(FilterChainProxy.java:374)
	at org.springframework.security.web.savedrequest.RequestCacheAwareFilter.doFilter(RequestCacheAwareFilter.java:63)
	at org.springframework.security.web.FilterChainProxy$VirtualFilterChain.doFilter(FilterChainProxy.java:374)
	at com.datansh.EmployeeManagment.security.JwtAuthenticationFilter.doFilterInternal(JwtAuthenticationFilter.java:53)
	at org.springframework.web.filter.OncePerRequestFilter.doFilter(OncePerRequestFilter.java:116)
	at org.springframework.security.web.FilterChainProxy$VirtualFilterChain.doFilter(FilterChainProxy.java:374)
	at org.springframework.web.filter.OncePerRequestFilter.doFilter(OncePerRequestFilter.java:110)
	at org.springframework.security.web.FilterChainProxy$VirtualFilterChain.doFilter(FilterChainProxy.java:374)
	at org.springframework.security.web.authentication.logout.LogoutFilter.doFilter(LogoutFilter.java:107)
	at org.springframework.security.web.authentication.logout.LogoutFilter.doFilter(LogoutFilter.java:93)
	at org.springframework.security.web.FilterChainProxy$VirtualFilterChain.doFilter(FilterChainProxy.java:374)
	at org.springframework.web.filter.CorsFilter.doFilterInternal(CorsFilter.java:91)
	at org.springframework.web.filter.OncePerRequestFilter.doFilter(OncePerRequestFilter.java:116)
	at org.springframework.security.web.FilterChainProxy$VirtualFilterChain.doFilter(FilterChainProxy.java:374)
	at org.springframework.security.web.header.HeaderWriterFilter.doHeadersAfter(HeaderWriterFilter.java:90)
	at org.springframework.security.web.header.HeaderWriterFilter.doFilterInternal(HeaderWriterFilter.java:75)
	at org.springframework.web.filter.OncePerRequestFilter.doFilter(OncePerRequestFilter.java:116)
	at org.springframework.security.web.FilterChainProxy$VirtualFilterChain.doFilter(FilterChainProxy.java:374)
	at org.springframework.security.web.context.SecurityContextHolderFilter.doFilter(SecurityContextHolderFilter.java:82)
	at org.springframework.security.web.context.SecurityContextHolderFilter.doFilter(SecurityContextHolderFilter.java:69)
	at org.springframework.security.web.FilterChainProxy$VirtualFilterChain.doFilter(FilterChainProxy.java:374)
	at org.springframework.security.web.context.request.async.WebAsyncManagerIntegrationFilter.doFilterInternal(WebAsyncManagerIntegrationFilter.java:62)
	at org.springframework.web.filter.OncePerRequestFilter.doFilter(OncePerRequestFilter.java:116)
	at org.springframework.security.web.FilterChainProxy$VirtualFilterChain.doFilter(FilterChainProxy.java:374)
	at org.springframework.security.web.session.DisableEncodeUrlFilter.doFilterInternal(DisableEncodeUrlFilter.java:42)
	at org.springframework.web.filter.OncePerRequestFilter.doFilter(OncePerRequestFilter.java:116)
	at org.springframework.security.web.FilterChainProxy$VirtualFilterChain.doFilter(FilterChainProxy.java:374)
	at org.springframework.security.web.FilterChainProxy.doFilterInternal(FilterChainProxy.java:233)
	at org.springframework.security.web.FilterChainProxy.doFilter(FilterChainProxy.java:191)
	at org.springframework.web.filter.CompositeFilter$VirtualFilterChain.doFilter(CompositeFilter.java:113)
	at org.springframework.web.servlet.handler.HandlerMappingIntrospector.lambda$createCacheFilter$3(HandlerMappingIntrospector.java:243)
	at org.springframework.web.filter.CompositeFilter$VirtualFilterChain.doFilter(CompositeFilter.java:113)
	at org.springframework.web.filter.CompositeFilter.doFilter(CompositeFilter.java:74)
	at org.springframework.security.config.annotation.web.configuration.WebMvcSecurityConfiguration$CompositeFilterChainProxy.doFilter(WebMvcSecurityConfiguration.java:238)
	at org.springframework.web.filter.DelegatingFilterProxy.invokeDelegate(DelegatingFilterProxy.java:362)
	at org.springframework.web.filter.DelegatingFilterProxy.doFilter(DelegatingFilterProxy.java:278)
	at org.apache.catalina.core.ApplicationFilterChain.internalDoFilter(ApplicationFilterChain.java:164)
	at org.apache.catalina.core.ApplicationFilterChain.doFilter(ApplicationFilterChain.java:140)
	at org.springframework.web.filter.RequestContextFilter.doFilterInternal(RequestContextFilter.java:100)
	at org.springframework.web.filter.OncePerRequestFilter.doFilter(OncePerRequestFilter.java:116)
	at org.apache.catalina.core.ApplicationFilterChain.internalDoFilter(ApplicationFilterChain.java:164)
	at org.apache.catalina.core.ApplicationFilterChain.doFilter(ApplicationFilterChain.java:140)
	at org.springframework.web.filter.FormContentFilter.doFilterInternal(FormContentFilter.java:93)
	at org.springframework.web.filter.OncePerRequestFilter.doFilter(OncePerRequestFilter.java:116)
	at org.apache.catalina.core.ApplicationFilterChain.internalDoFilter(ApplicationFilterChain.java:164)
	at org.apache.catalina.core.ApplicationFilterChain.doFilter(ApplicationFilterChain.java:140)
	at org.springframework.web.filter.CharacterEncodingFilter.doFilterInternal(CharacterEncodingFilter.java:201)
	at org.springframework.web.filter.OncePerRequestFilter.doFilter(OncePerRequestFilter.java:116)
	at org.apache.catalina.core.ApplicationFilterChain.internalDoFilter(ApplicationFilterChain.java:164)
	at org.apache.catalina.core.ApplicationFilterChain.doFilter(ApplicationFilterChain.java:140)
	at com.datansh.EmployeeManagment.security.RequestLoggingFilter.doFilterInternal(RequestLoggingFilter.java:47)
	at org.springframework.web.filter.OncePerRequestFilter.doFilter(OncePerRequestFilter.java:116)
	at org.apache.catalina.core.ApplicationFilterChain.internalDoFilter(ApplicationFilterChain.java:164)
	at org.apache.catalina.core.ApplicationFilterChain.doFilter(ApplicationFilterChain.java:140)
	at org.apache.catalina.core.StandardWrapperValve.invoke(StandardWrapperValve.java:167)
	at org.apache.catalina.core.StandardContextValve.invoke(StandardContextValve.java:90)
	at org.apache.catalina.authenticator.AuthenticatorBase.invoke(AuthenticatorBase.java:483)
	at org.apache.catalina.core.StandardHostValve.invoke(StandardHostValve.java:115)
	at org.apache.catalina.valves.ErrorReportValve.invoke(ErrorReportValve.java:93)
	at org.apache.catalina.core.StandardEngineValve.invoke(StandardEngineValve.java:74)
	at org.apache.catalina.connector.CoyoteAdapter.service(CoyoteAdapter.java:344)
	at org.apache.coyote.http11.Http11Processor.service(Http11Processor.java:397)
	at org.apache.coyote.AbstractProcessorLight.process(AbstractProcessorLight.java:63)
	at org.apache.coyote.AbstractProtocol$ConnectionHandler.process(AbstractProtocol.java:905)
	at org.apache.tomcat.util.net.NioEndpoint$SocketProcessor.doRun(NioEndpoint.java:1743)
	at org.apache.tomcat.util.net.SocketProcessorBase.run(SocketProcessorBase.java:52)
	at org.apache.tomcat.util.threads.ThreadPoolExecutor.runWorker(ThreadPoolExecutor.java:1190)
	at org.apache.tomcat.util.threads.ThreadPoolExecutor$Worker.run(ThreadPoolExecutor.java:659)
	at org.apache.tomcat.util.threads.TaskThread$WrappingRunnable.run(TaskThread.java:63)
	at java.base/java.lang.Thread.run(Thread.java:1570)

2026-09-07 14:40:00.156  WARN [http-nio-8080-exec-4] [trace:0bfc0575] .m.m.a.ExceptionHandlerExceptionResolver : Resolved [org.springframework.web.servlet.resource.NoResourceFoundException: No static resource attendance/stats.]
2026-09-07 14:40:00.157 ERROR [http-nio-8080-exec-4] [trace:0bfc0575] c.d.E.security.RequestLoggingFilter      : [HTTP OUT] GET /attendance/stats -> 500 (15ms)
2026-09-07 14:40:02.236  INFO [http-nio-8080-exec-5] [trace:806cf1e4] c.d.E.security.RequestLoggingFilter      : [HTTP IN]  GET /leaves/types from IP 0:0:0:0:0:0:0:1
2026-09-07 14:40:02.252  WARN [http-nio-8080-exec-5] [trace:806cf1e4] c.d.E.config.CacheConfig                 : [CACHE WARNING] Redis cache get failed for key 'all' in cache 'leave_types': Unable to connect to Redis. Falling back to database query.
2026-09-07 14:40:02.262  WARN [http-nio-8080-exec-5] [trace:806cf1e4] c.d.E.config.CacheConfig                 : [CACHE WARNING] Redis cache put failed for key 'all' in cache 'leave_types': Unable to connect to Redis. Continuing execution.
2026-09-07 14:40:02.264  INFO [http-nio-8080-exec-5] [trace:806cf1e4] c.d.E.security.RequestLoggingFilter      : [HTTP OUT] GET /leaves/types -> 200 (28ms)
2026-09-07 14:40:04.363  INFO [http-nio-8080-exec-6] [trace:2f69dfba] c.d.E.security.RequestLoggingFilter      : [HTTP IN]  GET /leaves/balances/me from IP 0:0:0:0:0:0:0:1
2026-09-07 14:40:04.379  INFO [http-nio-8080-exec-6] [trace:2f69dfba] c.d.E.security.RequestLoggingFilter      : [HTTP OUT] GET /leaves/balances/me -> 200 (16ms)
2026-09-07 14:40:06.468  INFO [http-nio-8080-exec-7] [trace:32f7d9b6] c.d.E.security.RequestLoggingFilter      : [HTTP IN]  GET /leaves/requests from IP 0:0:0:0:0:0:0:1
2026-09-07 14:40:06.499  INFO [http-nio-8080-exec-7] [trace:32f7d9b6] c.d.E.security.RequestLoggingFilter      : [HTTP OUT] GET /leaves/requests -> 200 (31ms)
2026-09-07 14:40:08.572  INFO [http-nio-8080-exec-8] [trace:f880f80a] c.d.E.security.RequestLoggingFilter      : [HTTP IN]  GET /salaries from IP 0:0:0:0:0:0:0:1
2026-09-07 14:40:08.606  INFO [http-nio-8080-exec-8] [trace:f880f80a] c.d.E.security.RequestLoggingFilter      : [HTTP OUT] GET /salaries -> 200 (34ms)
2026-09-07 14:40:10.663  INFO [http-nio-8080-exec-9] [trace:05bea8eb] c.d.E.security.RequestLoggingFilter      : [HTTP IN]  GET /payroll/summary from IP 0:0:0:0:0:0:0:1
2026-09-07 14:40:10.674 ERROR [http-nio-8080-exec-9] [trace:05bea8eb] c.d.E.exception.GlobalExceptionHandler   : [INTERNAL SERVER ERROR] 500: No static resource payroll/summary.

org.springframework.web.servlet.resource.NoResourceFoundException: No static resource payroll/summary.
	at org.springframework.web.servlet.resource.ResourceHttpRequestHandler.handleRequest(ResourceHttpRequestHandler.java:585)
	at org.springframework.web.servlet.mvc.HttpRequestHandlerAdapter.handle(HttpRequestHandlerAdapter.java:52)
	at org.springframework.web.servlet.DispatcherServlet.doDispatch(DispatcherServlet.java:1088)
	at org.springframework.web.servlet.DispatcherServlet.doService(DispatcherServlet.java:978)
	at org.springframework.web.servlet.FrameworkServlet.processRequest(FrameworkServlet.java:1014)
	at org.springframework.web.servlet.FrameworkServlet.doGet(FrameworkServlet.java:903)
	at jakarta.servlet.http.HttpServlet.service(HttpServlet.java:564)
	at org.springframework.web.servlet.FrameworkServlet.service(FrameworkServlet.java:885)
	at jakarta.servlet.http.HttpServlet.service(HttpServlet.java:658)
	at org.apache.catalina.core.ApplicationFilterChain.internalDoFilter(ApplicationFilterChain.java:195)
	at org.apache.catalina.core.ApplicationFilterChain.doFilter(ApplicationFilterChain.java:140)
	at org.apache.tomcat.websocket.server.WsFilter.doFilter(WsFilter.java:51)
	at org.apache.catalina.core.ApplicationFilterChain.internalDoFilter(ApplicationFilterChain.java:164)
	at org.apache.catalina.core.ApplicationFilterChain.doFilter(ApplicationFilterChain.java:140)
	at org.springframework.web.filter.OncePerRequestFilter.doFilter(OncePerRequestFilter.java:110)
	at org.apache.catalina.core.ApplicationFilterChain.internalDoFilter(ApplicationFilterChain.java:164)
	at org.apache.catalina.core.ApplicationFilterChain.doFilter(ApplicationFilterChain.java:140)
	at org.springframework.web.filter.CompositeFilter$VirtualFilterChain.doFilter(CompositeFilter.java:108)
	at org.springframework.security.web.FilterChainProxy.lambda$doFilterInternal$3(FilterChainProxy.java:231)
	at org.springframework.security.web.FilterChainProxy$VirtualFilterChain.doFilter(FilterChainProxy.java:365)
	at org.springframework.security.web.access.intercept.AuthorizationFilter.doFilter(AuthorizationFilter.java:101)
	at org.springframework.security.web.FilterChainProxy$VirtualFilterChain.doFilter(FilterChainProxy.java:374)
	at org.springframework.security.web.access.ExceptionTranslationFilter.doFilter(ExceptionTranslationFilter.java:126)
	at org.springframework.security.web.access.ExceptionTranslationFilter.doFilter(ExceptionTranslationFilter.java:120)
	at org.springframework.security.web.FilterChainProxy$VirtualFilterChain.doFilter(FilterChainProxy.java:374)
	at org.springframework.security.web.session.SessionManagementFilter.doFilter(SessionManagementFilter.java:131)
	at org.springframework.security.web.session.SessionManagementFilter.doFilter(SessionManagementFilter.java:85)
	at org.springframework.security.web.FilterChainProxy$VirtualFilterChain.doFilter(FilterChainProxy.java:374)
	at org.springframework.security.web.authentication.AnonymousAuthenticationFilter.doFilter(AnonymousAuthenticationFilter.java:100)
	at org.springframework.security.web.FilterChainProxy$VirtualFilterChain.doFilter(FilterChainProxy.java:374)
	at org.springframework.security.web.servletapi.SecurityContextHolderAwareRequestFilter.doFilter(SecurityContextHolderAwareRequestFilter.java:179)
	at org.springframework.security.web.FilterChainProxy$VirtualFilterChain.doFilter(FilterChainProxy.java:374)
	at org.springframework.security.web.savedrequest.RequestCacheAwareFilter.doFilter(RequestCacheAwareFilter.java:63)
	at org.springframework.security.web.FilterChainProxy$VirtualFilterChain.doFilter(FilterChainProxy.java:374)
	at com.datansh.EmployeeManagment.security.JwtAuthenticationFilter.doFilterInternal(JwtAuthenticationFilter.java:53)
	at org.springframework.web.filter.OncePerRequestFilter.doFilter(OncePerRequestFilter.java:116)
	at org.springframework.security.web.FilterChainProxy$VirtualFilterChain.doFilter(FilterChainProxy.java:374)
	at org.springframework.web.filter.OncePerRequestFilter.doFilter(OncePerRequestFilter.java:110)
	at org.springframework.security.web.FilterChainProxy$VirtualFilterChain.doFilter(FilterChainProxy.java:374)
	at org.springframework.security.web.authentication.logout.LogoutFilter.doFilter(LogoutFilter.java:107)
	at org.springframework.security.web.authentication.logout.LogoutFilter.doFilter(LogoutFilter.java:93)
	at org.springframework.security.web.FilterChainProxy$VirtualFilterChain.doFilter(FilterChainProxy.java:374)
	at org.springframework.web.filter.CorsFilter.doFilterInternal(CorsFilter.java:91)
	at org.springframework.web.filter.OncePerRequestFilter.doFilter(OncePerRequestFilter.java:116)
	at org.springframework.security.web.FilterChainProxy$VirtualFilterChain.doFilter(FilterChainProxy.java:374)
	at org.springframework.security.web.header.HeaderWriterFilter.doHeadersAfter(HeaderWriterFilter.java:90)
	at org.springframework.security.web.header.HeaderWriterFilter.doFilterInternal(HeaderWriterFilter.java:75)
	at org.springframework.web.filter.OncePerRequestFilter.doFilter(OncePerRequestFilter.java:116)
	at org.springframework.security.web.FilterChainProxy$VirtualFilterChain.doFilter(FilterChainProxy.java:374)
	at org.springframework.security.web.context.SecurityContextHolderFilter.doFilter(SecurityContextHolderFilter.java:82)
	at org.springframework.security.web.context.SecurityContextHolderFilter.doFilter(SecurityContextHolderFilter.java:69)
	at org.springframework.security.web.FilterChainProxy$VirtualFilterChain.doFilter(FilterChainProxy.java:374)
	at org.springframework.security.web.context.request.async.WebAsyncManagerIntegrationFilter.doFilterInternal(WebAsyncManagerIntegrationFilter.java:62)
	at org.springframework.web.filter.OncePerRequestFilter.doFilter(OncePerRequestFilter.java:116)
	at org.springframework.security.web.FilterChainProxy$VirtualFilterChain.doFilter(FilterChainProxy.java:374)
	at org.springframework.security.web.session.DisableEncodeUrlFilter.doFilterInternal(DisableEncodeUrlFilter.java:42)
	at org.springframework.web.filter.OncePerRequestFilter.doFilter(OncePerRequestFilter.java:116)
	at org.springframework.security.web.FilterChainProxy$VirtualFilterChain.doFilter(FilterChainProxy.java:374)
	at org.springframework.security.web.FilterChainProxy.doFilterInternal(FilterChainProxy.java:233)
	at org.springframework.security.web.FilterChainProxy.doFilter(FilterChainProxy.java:191)
	at org.springframework.web.filter.CompositeFilter$VirtualFilterChain.doFilter(CompositeFilter.java:113)
	at org.springframework.web.servlet.handler.HandlerMappingIntrospector.lambda$createCacheFilter$3(HandlerMappingIntrospector.java:243)
	at org.springframework.web.filter.CompositeFilter$VirtualFilterChain.doFilter(CompositeFilter.java:113)
	at org.springframework.web.filter.CompositeFilter.doFilter(CompositeFilter.java:74)
	at org.springframework.security.config.annotation.web.configuration.WebMvcSecurityConfiguration$CompositeFilterChainProxy.doFilter(WebMvcSecurityConfiguration.java:238)
	at org.springframework.web.filter.DelegatingFilterProxy.invokeDelegate(DelegatingFilterProxy.java:362)
	at org.springframework.web.filter.DelegatingFilterProxy.doFilter(DelegatingFilterProxy.java:278)
	at org.apache.catalina.core.ApplicationFilterChain.internalDoFilter(ApplicationFilterChain.java:164)
	at org.apache.catalina.core.ApplicationFilterChain.doFilter(ApplicationFilterChain.java:140)
	at org.springframework.web.filter.RequestContextFilter.doFilterInternal(RequestContextFilter.java:100)
	at org.springframework.web.filter.OncePerRequestFilter.doFilter(OncePerRequestFilter.java:116)
	at org.apache.catalina.core.ApplicationFilterChain.internalDoFilter(ApplicationFilterChain.java:164)
	at org.apache.catalina.core.ApplicationFilterChain.doFilter(ApplicationFilterChain.java:140)
	at org.springframework.web.filter.FormContentFilter.doFilterInternal(FormContentFilter.java:93)
	at org.springframework.web.filter.OncePerRequestFilter.doFilter(OncePerRequestFilter.java:116)
	at org.apache.catalina.core.ApplicationFilterChain.internalDoFilter(ApplicationFilterChain.java:164)
	at org.apache.catalina.core.ApplicationFilterChain.doFilter(ApplicationFilterChain.java:140)
	at org.springframework.web.filter.CharacterEncodingFilter.doFilterInternal(CharacterEncodingFilter.java:201)
	at org.springframework.web.filter.OncePerRequestFilter.doFilter(OncePerRequestFilter.java:116)
	at org.apache.catalina.core.ApplicationFilterChain.internalDoFilter(ApplicationFilterChain.java:164)
	at org.apache.catalina.core.ApplicationFilterChain.doFilter(ApplicationFilterChain.java:140)
	at com.datansh.EmployeeManagment.security.RequestLoggingFilter.doFilterInternal(RequestLoggingFilter.java:47)
	at org.springframework.web.filter.OncePerRequestFilter.doFilter(OncePerRequestFilter.java:116)
	at org.apache.catalina.core.ApplicationFilterChain.internalDoFilter(ApplicationFilterChain.java:164)
	at org.apache.catalina.core.ApplicationFilterChain.doFilter(ApplicationFilterChain.java:140)
	at org.apache.catalina.core.StandardWrapperValve.invoke(StandardWrapperValve.java:167)
	at org.apache.catalina.core.StandardContextValve.invoke(StandardContextValve.java:90)
	at org.apache.catalina.authenticator.AuthenticatorBase.invoke(AuthenticatorBase.java:483)
	at org.apache.catalina.core.StandardHostValve.invoke(StandardHostValve.java:115)
	at org.apache.catalina.valves.ErrorReportValve.invoke(ErrorReportValve.java:93)
	at org.apache.catalina.core.StandardEngineValve.invoke(StandardEngineValve.java:74)
	at org.apache.catalina.connector.CoyoteAdapter.service(CoyoteAdapter.java:344)
	at org.apache.coyote.http11.Http11Processor.service(Http11Processor.java:397)
	at org.apache.coyote.AbstractProcessorLight.process(AbstractProcessorLight.java:63)
	at org.apache.coyote.AbstractProtocol$ConnectionHandler.process(AbstractProtocol.java:905)
	at org.apache.tomcat.util.net.NioEndpoint$SocketProcessor.doRun(NioEndpoint.java:1743)
	at org.apache.tomcat.util.net.SocketProcessorBase.run(SocketProcessorBase.java:52)
	at org.apache.tomcat.util.threads.ThreadPoolExecutor.runWorker(ThreadPoolExecutor.java:1190)
	at org.apache.tomcat.util.threads.ThreadPoolExecutor$Worker.run(ThreadPoolExecutor.java:659)
	at org.apache.tomcat.util.threads.TaskThread$WrappingRunnable.run(TaskThread.java:63)
	at java.base/java.lang.Thread.run(Thread.java:1570)

2026-09-07 14:40:10.677  WARN [http-nio-8080-exec-9] [trace:05bea8eb] .m.m.a.ExceptionHandlerExceptionResolver : Resolved [org.springframework.web.servlet.resource.NoResourceFoundException: No static resource payroll/summary.]
2026-09-07 14:40:10.677 ERROR [http-nio-8080-exec-9] [trace:05bea8eb] c.d.E.security.RequestLoggingFilter      : [HTTP OUT] GET /payroll/summary -> 500 (14ms)
2026-09-07 14:40:12.705  INFO [http-nio-8080-exec-10] [trace:6fc233af] c.d.E.security.RequestLoggingFilter      : [HTTP IN]  GET /payroll from IP 0:0:0:0:0:0:0:1
2026-09-07 14:40:12.717 ERROR [http-nio-8080-exec-10] [trace:6fc233af] c.d.E.exception.GlobalExceptionHandler   : [INTERNAL SERVER ERROR] 500: No static resource payroll.

org.springframework.web.servlet.resource.NoResourceFoundException: No static resource payroll.
	at org.springframework.web.servlet.resource.ResourceHttpRequestHandler.handleRequest(ResourceHttpRequestHandler.java:585)
	at org.springframework.web.servlet.mvc.HttpRequestHandlerAdapter.handle(HttpRequestHandlerAdapter.java:52)
	at org.springframework.web.servlet.DispatcherServlet.doDispatch(DispatcherServlet.java:1088)
	at org.springframework.web.servlet.DispatcherServlet.doService(DispatcherServlet.java:978)
	at org.springframework.web.servlet.FrameworkServlet.processRequest(FrameworkServlet.java:1014)
	at org.springframework.web.servlet.FrameworkServlet.doGet(FrameworkServlet.java:903)
	at jakarta.servlet.http.HttpServlet.service(HttpServlet.java:564)
	at org.springframework.web.servlet.FrameworkServlet.service(FrameworkServlet.java:885)
	at jakarta.servlet.http.HttpServlet.service(HttpServlet.java:658)
	at org.apache.catalina.core.ApplicationFilterChain.internalDoFilter(ApplicationFilterChain.java:195)
	at org.apache.catalina.core.ApplicationFilterChain.doFilter(ApplicationFilterChain.java:140)
	at org.apache.tomcat.websocket.server.WsFilter.doFilter(WsFilter.java:51)
	at org.apache.catalina.core.ApplicationFilterChain.internalDoFilter(ApplicationFilterChain.java:164)
	at org.apache.catalina.core.ApplicationFilterChain.doFilter(ApplicationFilterChain.java:140)
	at org.springframework.web.filter.OncePerRequestFilter.doFilter(OncePerRequestFilter.java:110)
	at org.apache.catalina.core.ApplicationFilterChain.internalDoFilter(ApplicationFilterChain.java:164)
	at org.apache.catalina.core.ApplicationFilterChain.doFilter(ApplicationFilterChain.java:140)
	at org.springframework.web.filter.CompositeFilter$VirtualFilterChain.doFilter(CompositeFilter.java:108)
	at org.springframework.security.web.FilterChainProxy.lambda$doFilterInternal$3(FilterChainProxy.java:231)
	at org.springframework.security.web.FilterChainProxy$VirtualFilterChain.doFilter(FilterChainProxy.java:365)
	at org.springframework.security.web.access.intercept.AuthorizationFilter.doFilter(AuthorizationFilter.java:101)
	at org.springframework.security.web.FilterChainProxy$VirtualFilterChain.doFilter(FilterChainProxy.java:374)
	at org.springframework.security.web.access.ExceptionTranslationFilter.doFilter(ExceptionTranslationFilter.java:126)
	at org.springframework.security.web.access.ExceptionTranslationFilter.doFilter(ExceptionTranslationFilter.java:120)
	at org.springframework.security.web.FilterChainProxy$VirtualFilterChain.doFilter(FilterChainProxy.java:374)
	at org.springframework.security.web.session.SessionManagementFilter.doFilter(SessionManagementFilter.java:131)
	at org.springframework.security.web.session.SessionManagementFilter.doFilter(SessionManagementFilter.java:85)
	at org.springframework.security.web.FilterChainProxy$VirtualFilterChain.doFilter(FilterChainProxy.java:374)
	at org.springframework.security.web.authentication.AnonymousAuthenticationFilter.doFilter(AnonymousAuthenticationFilter.java:100)
	at org.springframework.security.web.FilterChainProxy$VirtualFilterChain.doFilter(FilterChainProxy.java:374)
	at org.springframework.security.web.servletapi.SecurityContextHolderAwareRequestFilter.doFilter(SecurityContextHolderAwareRequestFilter.java:179)
	at org.springframework.security.web.FilterChainProxy$VirtualFilterChain.doFilter(FilterChainProxy.java:374)
	at org.springframework.security.web.savedrequest.RequestCacheAwareFilter.doFilter(RequestCacheAwareFilter.java:63)
	at org.springframework.security.web.FilterChainProxy$VirtualFilterChain.doFilter(FilterChainProxy.java:374)
	at com.datansh.EmployeeManagment.security.JwtAuthenticationFilter.doFilterInternal(JwtAuthenticationFilter.java:53)
	at org.springframework.web.filter.OncePerRequestFilter.doFilter(OncePerRequestFilter.java:116)
	at org.springframework.security.web.FilterChainProxy$VirtualFilterChain.doFilter(FilterChainProxy.java:374)
	at org.springframework.web.filter.OncePerRequestFilter.doFilter(OncePerRequestFilter.java:110)
	at org.springframework.security.web.FilterChainProxy$VirtualFilterChain.doFilter(FilterChainProxy.java:374)
	at org.springframework.security.web.authentication.logout.LogoutFilter.doFilter(LogoutFilter.java:107)
	at org.springframework.security.web.authentication.logout.LogoutFilter.doFilter(LogoutFilter.java:93)
	at org.springframework.security.web.FilterChainProxy$VirtualFilterChain.doFilter(FilterChainProxy.java:374)
	at org.springframework.web.filter.CorsFilter.doFilterInternal(CorsFilter.java:91)
	at org.springframework.web.filter.OncePerRequestFilter.doFilter(OncePerRequestFilter.java:116)
	at org.springframework.security.web.FilterChainProxy$VirtualFilterChain.doFilter(FilterChainProxy.java:374)
	at org.springframework.security.web.header.HeaderWriterFilter.doHeadersAfter(HeaderWriterFilter.java:90)
	at org.springframework.security.web.header.HeaderWriterFilter.doFilterInternal(HeaderWriterFilter.java:75)
	at org.springframework.web.filter.OncePerRequestFilter.doFilter(OncePerRequestFilter.java:116)
	at org.springframework.security.web.FilterChainProxy$VirtualFilterChain.doFilter(FilterChainProxy.java:374)
	at org.springframework.security.web.context.SecurityContextHolderFilter.doFilter(SecurityContextHolderFilter.java:82)
	at org.springframework.security.web.context.SecurityContextHolderFilter.doFilter(SecurityContextHolderFilter.java:69)
	at org.springframework.security.web.FilterChainProxy$VirtualFilterChain.doFilter(FilterChainProxy.java:374)
	at org.springframework.security.web.context.request.async.WebAsyncManagerIntegrationFilter.doFilterInternal(WebAsyncManagerIntegrationFilter.java:62)
	at org.springframework.web.filter.OncePerRequestFilter.doFilter(OncePerRequestFilter.java:116)
	at org.springframework.security.web.FilterChainProxy$VirtualFilterChain.doFilter(FilterChainProxy.java:374)
	at org.springframework.security.web.session.DisableEncodeUrlFilter.doFilterInternal(DisableEncodeUrlFilter.java:42)
	at org.springframework.web.filter.OncePerRequestFilter.doFilter(OncePerRequestFilter.java:116)
	at org.springframework.security.web.FilterChainProxy$VirtualFilterChain.doFilter(FilterChainProxy.java:374)
	at org.springframework.security.web.FilterChainProxy.doFilterInternal(FilterChainProxy.java:233)
	at org.springframework.security.web.FilterChainProxy.doFilter(FilterChainProxy.java:191)
	at org.springframework.web.filter.CompositeFilter$VirtualFilterChain.doFilter(CompositeFilter.java:113)
	at org.springframework.web.servlet.handler.HandlerMappingIntrospector.lambda$createCacheFilter$3(HandlerMappingIntrospector.java:243)
	at org.springframework.web.filter.CompositeFilter$VirtualFilterChain.doFilter(CompositeFilter.java:113)
	at org.springframework.web.filter.CompositeFilter.doFilter(CompositeFilter.java:74)
	at org.springframework.security.config.annotation.web.configuration.WebMvcSecurityConfiguration$CompositeFilterChainProxy.doFilter(WebMvcSecurityConfiguration.java:238)
	at org.springframework.web.filter.DelegatingFilterProxy.invokeDelegate(DelegatingFilterProxy.java:362)
	at org.springframework.web.filter.DelegatingFilterProxy.doFilter(DelegatingFilterProxy.java:278)
	at org.apache.catalina.core.ApplicationFilterChain.internalDoFilter(ApplicationFilterChain.java:164)
	at org.apache.catalina.core.ApplicationFilterChain.doFilter(ApplicationFilterChain.java:140)
	at org.springframework.web.filter.RequestContextFilter.doFilterInternal(RequestContextFilter.java:100)
	at org.springframework.web.filter.OncePerRequestFilter.doFilter(OncePerRequestFilter.java:116)
	at org.apache.catalina.core.ApplicationFilterChain.internalDoFilter(ApplicationFilterChain.java:164)
	at org.apache.catalina.core.ApplicationFilterChain.doFilter(ApplicationFilterChain.java:140)
	at org.springframework.web.filter.FormContentFilter.doFilterInternal(FormContentFilter.java:93)
	at org.springframework.web.filter.OncePerRequestFilter.doFilter(OncePerRequestFilter.java:116)
	at org.apache.catalina.core.ApplicationFilterChain.internalDoFilter(ApplicationFilterChain.java:164)
	at org.apache.catalina.core.ApplicationFilterChain.doFilter(ApplicationFilterChain.java:140)
	at org.springframework.web.filter.CharacterEncodingFilter.doFilterInternal(CharacterEncodingFilter.java:201)
	at org.springframework.web.filter.OncePerRequestFilter.doFilter(OncePerRequestFilter.java:116)
	at org.apache.catalina.core.ApplicationFilterChain.internalDoFilter(ApplicationFilterChain.java:164)
	at org.apache.catalina.core.ApplicationFilterChain.doFilter(ApplicationFilterChain.java:140)
	at com.datansh.EmployeeManagment.security.RequestLoggingFilter.doFilterInternal(RequestLoggingFilter.java:47)
	at org.springframework.web.filter.OncePerRequestFilter.doFilter(OncePerRequestFilter.java:116)
	at org.apache.catalina.core.ApplicationFilterChain.internalDoFilter(ApplicationFilterChain.java:164)
	at org.apache.catalina.core.ApplicationFilterChain.doFilter(ApplicationFilterChain.java:140)
	at org.apache.catalina.core.StandardWrapperValve.invoke(StandardWrapperValve.java:167)
	at org.apache.catalina.core.StandardContextValve.invoke(StandardContextValve.java:90)
	at org.apache.catalina.authenticator.AuthenticatorBase.invoke(AuthenticatorBase.java:483)
	at org.apache.catalina.core.StandardHostValve.invoke(StandardHostValve.java:115)
	at org.apache.catalina.valves.ErrorReportValve.invoke(ErrorReportValve.java:93)
	at org.apache.catalina.core.StandardEngineValve.invoke(StandardEngineValve.java:74)
	at org.apache.catalina.connector.CoyoteAdapter.service(CoyoteAdapter.java:344)
	at org.apache.coyote.http11.Http11Processor.service(Http11Processor.java:397)
	at org.apache.coyote.AbstractProcessorLight.process(AbstractProcessorLight.java:63)
	at org.apache.coyote.AbstractProtocol$ConnectionHandler.process(AbstractProtocol.java:905)
	at org.apache.tomcat.util.net.NioEndpoint$SocketProcessor.doRun(NioEndpoint.java:1743)
	at org.apache.tomcat.util.net.SocketProcessorBase.run(SocketProcessorBase.java:52)
	at org.apache.tomcat.util.threads.ThreadPoolExecutor.runWorker(ThreadPoolExecutor.java:1190)
	at org.apache.tomcat.util.threads.ThreadPoolExecutor$Worker.run(ThreadPoolExecutor.java:659)
	at org.apache.tomcat.util.threads.TaskThread$WrappingRunnable.run(TaskThread.java:63)
	at java.base/java.lang.Thread.run(Thread.java:1570)

2026-09-07 14:40:12.719  WARN [http-nio-8080-exec-10] [trace:6fc233af] .m.m.a.ExceptionHandlerExceptionResolver : Resolved [org.springframework.web.servlet.resource.NoResourceFoundException: No static resource payroll.]
2026-09-07 14:40:12.719 ERROR [http-nio-8080-exec-10] [trace:6fc233af] c.d.E.security.RequestLoggingFilter      : [HTTP OUT] GET /payroll -> 500 (14ms)
2026-09-07 14:40:14.782  INFO [http-nio-8080-exec-1] [trace:0476271f] c.d.E.security.RequestLoggingFilter      : [HTTP IN]  GET /projects from IP 0:0:0:0:0:0:0:1
2026-09-07 14:40:14.800  INFO [http-nio-8080-exec-1] [trace:0476271f] c.d.E.security.RequestLoggingFilter      : [HTTP OUT] GET /projects -> 200 (18ms)
2026-09-07 14:40:16.864  INFO [http-nio-8080-exec-3] [trace:8de1ac00] c.d.E.security.RequestLoggingFilter      : [HTTP IN]  GET /reviews from IP 0:0:0:0:0:0:0:1
2026-09-07 14:40:16.877  INFO [http-nio-8080-exec-3] [trace:8de1ac00] c.d.E.security.RequestLoggingFilter      : [HTTP OUT] GET /reviews -> 200 (13ms)
2026-09-07 14:40:18.948  INFO [http-nio-8080-exec-2] [trace:061c3de9] c.d.E.security.RequestLoggingFilter      : [HTTP IN]  GET /announcements from IP 0:0:0:0:0:0:0:1
2026-09-07 14:40:18.961  INFO [http-nio-8080-exec-2] [trace:061c3de9] c.d.E.security.RequestLoggingFilter      : [HTTP OUT] GET /announcements -> 200 (13ms)
2026-09-07 14:40:21.624  INFO [http-nio-8080-exec-4] [trace:52d0ce19] c.d.E.security.RequestLoggingFilter      : [HTTP IN]  GET /holidays from IP 0:0:0:0:0:0:0:1
2026-09-07 14:40:21.656  WARN [http-nio-8080-exec-4] [trace:52d0ce19] c.d.E.config.CacheConfig                 : [CACHE WARNING] Redis cache get failed for key 'all_all_0_null' in cache 'holidays': Unable to connect to Redis. Falling back to database query.
2026-09-07 14:40:21.665  WARN [http-nio-8080-exec-4] [trace:52d0ce19] c.d.E.config.CacheConfig                 : [CACHE WARNING] Redis cache put failed for key 'all_all_0_null' in cache 'holidays': Unable to connect to Redis. Continuing execution.
2026-09-07 14:40:21.666  INFO [http-nio-8080-exec-4] [trace:52d0ce19] c.d.E.security.RequestLoggingFilter      : [HTTP OUT] GET /holidays -> 200 (42ms)
2026-09-07 14:40:23.740  INFO [http-nio-8080-exec-5] [trace:821e890e] c.d.E.security.RequestLoggingFilter      : [HTTP IN]  GET /audit-logs from IP 0:0:0:0:0:0:0:1
2026-09-07 14:40:23.758  INFO [http-nio-8080-exec-5] [trace:821e890e] c.d.E.security.RequestLoggingFilter      : [HTTP OUT] GET /audit-logs -> 200 (18ms)
2026-09-07 14:40:25.803  INFO [http-nio-8080-exec-6] [trace:6c00c912] c.d.E.security.RequestLoggingFilter      : [HTTP IN]  GET /documents from IP 0:0:0:0:0:0:0:1
2026-09-07 14:40:25.815 ERROR [http-nio-8080-exec-6] [trace:6c00c912] c.d.E.exception.GlobalExceptionHandler   : [INTERNAL SERVER ERROR] 500: No static resource documents.

org.springframework.web.servlet.resource.NoResourceFoundException: No static resource documents.
	at org.springframework.web.servlet.resource.ResourceHttpRequestHandler.handleRequest(ResourceHttpRequestHandler.java:585)
	at org.springframework.web.servlet.mvc.HttpRequestHandlerAdapter.handle(HttpRequestHandlerAdapter.java:52)
	at org.springframework.web.servlet.DispatcherServlet.doDispatch(DispatcherServlet.java:1088)
	at org.springframework.web.servlet.DispatcherServlet.doService(DispatcherServlet.java:978)
	at org.springframework.web.servlet.FrameworkServlet.processRequest(FrameworkServlet.java:1014)
	at org.springframework.web.servlet.FrameworkServlet.doGet(FrameworkServlet.java:903)
	at jakarta.servlet.http.HttpServlet.service(HttpServlet.java:564)
	at org.springframework.web.servlet.FrameworkServlet.service(FrameworkServlet.java:885)
	at jakarta.servlet.http.HttpServlet.service(HttpServlet.java:658)
	at org.apache.catalina.core.ApplicationFilterChain.internalDoFilter(ApplicationFilterChain.java:195)
	at org.apache.catalina.core.ApplicationFilterChain.doFilter(ApplicationFilterChain.java:140)
	at org.apache.tomcat.websocket.server.WsFilter.doFilter(WsFilter.java:51)
	at org.apache.catalina.core.ApplicationFilterChain.internalDoFilter(ApplicationFilterChain.java:164)
	at org.apache.catalina.core.ApplicationFilterChain.doFilter(ApplicationFilterChain.java:140)
	at org.springframework.web.filter.OncePerRequestFilter.doFilter(OncePerRequestFilter.java:110)
	at org.apache.catalina.core.ApplicationFilterChain.internalDoFilter(ApplicationFilterChain.java:164)
	at org.apache.catalina.core.ApplicationFilterChain.doFilter(ApplicationFilterChain.java:140)
	at org.springframework.web.filter.CompositeFilter$VirtualFilterChain.doFilter(CompositeFilter.java:108)
	at org.springframework.security.web.FilterChainProxy.lambda$doFilterInternal$3(FilterChainProxy.java:231)
	at org.springframework.security.web.FilterChainProxy$VirtualFilterChain.doFilter(FilterChainProxy.java:365)
	at org.springframework.security.web.access.intercept.AuthorizationFilter.doFilter(AuthorizationFilter.java:101)
	at org.springframework.security.web.FilterChainProxy$VirtualFilterChain.doFilter(FilterChainProxy.java:374)
	at org.springframework.security.web.access.ExceptionTranslationFilter.doFilter(ExceptionTranslationFilter.java:126)
	at org.springframework.security.web.access.ExceptionTranslationFilter.doFilter(ExceptionTranslationFilter.java:120)
	at org.springframework.security.web.FilterChainProxy$VirtualFilterChain.doFilter(FilterChainProxy.java:374)
	at org.springframework.security.web.session.SessionManagementFilter.doFilter(SessionManagementFilter.java:131)
	at org.springframework.security.web.session.SessionManagementFilter.doFilter(SessionManagementFilter.java:85)
	at org.springframework.security.web.FilterChainProxy$VirtualFilterChain.doFilter(FilterChainProxy.java:374)
	at org.springframework.security.web.authentication.AnonymousAuthenticationFilter.doFilter(AnonymousAuthenticationFilter.java:100)
	at org.springframework.security.web.FilterChainProxy$VirtualFilterChain.doFilter(FilterChainProxy.java:374)
	at org.springframework.security.web.servletapi.SecurityContextHolderAwareRequestFilter.doFilter(SecurityContextHolderAwareRequestFilter.java:179)
	at org.springframework.security.web.FilterChainProxy$VirtualFilterChain.doFilter(FilterChainProxy.java:374)
	at org.springframework.security.web.savedrequest.RequestCacheAwareFilter.doFilter(RequestCacheAwareFilter.java:63)
	at org.springframework.security.web.FilterChainProxy$VirtualFilterChain.doFilter(FilterChainProxy.java:374)
	at com.datansh.EmployeeManagment.security.JwtAuthenticationFilter.doFilterInternal(JwtAuthenticationFilter.java:53)
	at org.springframework.web.filter.OncePerRequestFilter.doFilter(OncePerRequestFilter.java:116)
	at org.springframework.security.web.FilterChainProxy$VirtualFilterChain.doFilter(FilterChainProxy.java:374)
	at org.springframework.web.filter.OncePerRequestFilter.doFilter(OncePerRequestFilter.java:110)
	at org.springframework.security.web.FilterChainProxy$VirtualFilterChain.doFilter(FilterChainProxy.java:374)
	at org.springframework.security.web.authentication.logout.LogoutFilter.doFilter(LogoutFilter.java:107)
	at org.springframework.security.web.authentication.logout.LogoutFilter.doFilter(LogoutFilter.java:93)
	at org.springframework.security.web.FilterChainProxy$VirtualFilterChain.doFilter(FilterChainProxy.java:374)
	at org.springframework.web.filter.CorsFilter.doFilterInternal(CorsFilter.java:91)
	at org.springframework.web.filter.OncePerRequestFilter.doFilter(OncePerRequestFilter.java:116)
	at org.springframework.security.web.FilterChainProxy$VirtualFilterChain.doFilter(FilterChainProxy.java:374)
	at org.springframework.security.web.header.HeaderWriterFilter.doHeadersAfter(HeaderWriterFilter.java:90)
	at org.springframework.security.web.header.HeaderWriterFilter.doFilterInternal(HeaderWriterFilter.java:75)
	at org.springframework.web.filter.OncePerRequestFilter.doFilter(OncePerRequestFilter.java:116)
	at org.springframework.security.web.FilterChainProxy$VirtualFilterChain.doFilter(FilterChainProxy.java:374)
	at org.springframework.security.web.context.SecurityContextHolderFilter.doFilter(SecurityContextHolderFilter.java:82)
	at org.springframework.security.web.context.SecurityContextHolderFilter.doFilter(SecurityContextHolderFilter.java:69)
	at org.springframework.security.web.FilterChainProxy$VirtualFilterChain.doFilter(FilterChainProxy.java:374)
	at org.springframework.security.web.context.request.async.WebAsyncManagerIntegrationFilter.doFilterInternal(WebAsyncManagerIntegrationFilter.java:62)
	at org.springframework.web.filter.OncePerRequestFilter.doFilter(OncePerRequestFilter.java:116)
	at org.springframework.security.web.FilterChainProxy$VirtualFilterChain.doFilter(FilterChainProxy.java:374)
	at org.springframework.security.web.session.DisableEncodeUrlFilter.doFilterInternal(DisableEncodeUrlFilter.java:42)
	at org.springframework.web.filter.OncePerRequestFilter.doFilter(OncePerRequestFilter.java:116)
	at org.springframework.security.web.FilterChainProxy$VirtualFilterChain.doFilter(FilterChainProxy.java:374)
	at org.springframework.security.web.FilterChainProxy.doFilterInternal(FilterChainProxy.java:233)
	at org.springframework.security.web.FilterChainProxy.doFilter(FilterChainProxy.java:191)
	at org.springframework.web.filter.CompositeFilter$VirtualFilterChain.doFilter(CompositeFilter.java:113)
	at org.springframework.web.servlet.handler.HandlerMappingIntrospector.lambda$createCacheFilter$3(HandlerMappingIntrospector.java:243)
	at org.springframework.web.filter.CompositeFilter$VirtualFilterChain.doFilter(CompositeFilter.java:113)
	at org.springframework.web.filter.CompositeFilter.doFilter(CompositeFilter.java:74)
	at org.springframework.security.config.annotation.web.configuration.WebMvcSecurityConfiguration$CompositeFilterChainProxy.doFilter(WebMvcSecurityConfiguration.java:238)
	at org.springframework.web.filter.DelegatingFilterProxy.invokeDelegate(DelegatingFilterProxy.java:362)
	at org.springframework.web.filter.DelegatingFilterProxy.doFilter(DelegatingFilterProxy.java:278)
	at org.apache.catalina.core.ApplicationFilterChain.internalDoFilter(ApplicationFilterChain.java:164)
	at org.apache.catalina.core.ApplicationFilterChain.doFilter(ApplicationFilterChain.java:140)
	at org.springframework.web.filter.RequestContextFilter.doFilterInternal(RequestContextFilter.java:100)
	at org.springframework.web.filter.OncePerRequestFilter.doFilter(OncePerRequestFilter.java:116)
	at org.apache.catalina.core.ApplicationFilterChain.internalDoFilter(ApplicationFilterChain.java:164)
	at org.apache.catalina.core.ApplicationFilterChain.doFilter(ApplicationFilterChain.java:140)
	at org.springframework.web.filter.FormContentFilter.doFilterInternal(FormContentFilter.java:93)
	at org.springframework.web.filter.OncePerRequestFilter.doFilter(OncePerRequestFilter.java:116)
	at org.apache.catalina.core.ApplicationFilterChain.internalDoFilter(ApplicationFilterChain.java:164)
	at org.apache.catalina.core.ApplicationFilterChain.doFilter(ApplicationFilterChain.java:140)
	at org.springframework.web.filter.CharacterEncodingFilter.doFilterInternal(CharacterEncodingFilter.java:201)
	at org.springframework.web.filter.OncePerRequestFilter.doFilter(OncePerRequestFilter.java:116)
	at org.apache.catalina.core.ApplicationFilterChain.internalDoFilter(ApplicationFilterChain.java:164)
	at org.apache.catalina.core.ApplicationFilterChain.doFilter(ApplicationFilterChain.java:140)
	at com.datansh.EmployeeManagment.security.RequestLoggingFilter.doFilterInternal(RequestLoggingFilter.java:47)
	at org.springframework.web.filter.OncePerRequestFilter.doFilter(OncePerRequestFilter.java:116)
	at org.apache.catalina.core.ApplicationFilterChain.internalDoFilter(ApplicationFilterChain.java:164)
	at org.apache.catalina.core.ApplicationFilterChain.doFilter(ApplicationFilterChain.java:140)
	at org.apache.catalina.core.StandardWrapperValve.invoke(StandardWrapperValve.java:167)
	at org.apache.catalina.core.StandardContextValve.invoke(StandardContextValve.java:90)
	at org.apache.catalina.authenticator.AuthenticatorBase.invoke(AuthenticatorBase.java:483)
	at org.apache.catalina.core.StandardHostValve.invoke(StandardHostValve.java:115)
	at org.apache.catalina.valves.ErrorReportValve.invoke(ErrorReportValve.java:93)
	at org.apache.catalina.core.StandardEngineValve.invoke(StandardEngineValve.java:74)
	at org.apache.catalina.connector.CoyoteAdapter.service(CoyoteAdapter.java:344)
	at org.apache.coyote.http11.Http11Processor.service(Http11Processor.java:397)
	at org.apache.coyote.AbstractProcessorLight.process(AbstractProcessorLight.java:63)
	at org.apache.coyote.AbstractProtocol$ConnectionHandler.process(AbstractProtocol.java:905)
	at org.apache.tomcat.util.net.NioEndpoint$SocketProcessor.doRun(NioEndpoint.java:1743)
	at org.apache.tomcat.util.net.SocketProcessorBase.run(SocketProcessorBase.java:52)
	at org.apache.tomcat.util.threads.ThreadPoolExecutor.runWorker(ThreadPoolExecutor.java:1190)
	at org.apache.tomcat.util.threads.ThreadPoolExecutor$Worker.run(ThreadPoolExecutor.java:659)
	at org.apache.tomcat.util.threads.TaskThread$WrappingRunnable.run(TaskThread.java:63)
	at java.base/java.lang.Thread.run(Thread.java:1570)

2026-09-07 14:40:25.816  WARN [http-nio-8080-exec-6] [trace:6c00c912] .m.m.a.ExceptionHandlerExceptionResolver : Resolved [org.springframework.web.servlet.resource.NoResourceFoundException: No static resource documents.]
2026-09-07 14:40:25.817 ERROR [http-nio-8080-exec-6] [trace:6c00c912] c.d.E.security.RequestLoggingFilter      : [HTTP OUT] GET /documents -> 500 (14ms)
2026-09-07 14:42:22.166  INFO [http-nio-8080-exec-7] [trace:5ef244b2] c.d.E.security.RequestLoggingFilter      : [HTTP IN]  POST /auth/login from IP 0:0:0:0:0:0:0:1
2026-09-07 14:42:22.431  INFO [http-nio-8080-exec-7] [trace:5ef244b2] c.d.E.service.AuthService                : [AUTH] User authenticated successfully: userId=103, publicId=ef6341dc-6aff-4252-983e-e5f2b16caaf1, email=admin@ems.local
2026-09-07 14:42:22.440  INFO [http-nio-8080-exec-7] [trace:5ef244b2] c.d.E.security.RequestLoggingFilter      : [HTTP OUT] POST /auth/login -> 200 (274ms)
2026-09-07 14:42:25.094  INFO [http-nio-8080-exec-8] [trace:94553d65] c.d.E.security.RequestLoggingFilter      : [HTTP IN]  GET /designations from IP 0:0:0:0:0:0:0:1
2026-09-07 14:42:25.109  WARN [http-nio-8080-exec-8] [trace:94553d65] c.d.E.config.CacheConfig                 : [CACHE WARNING] Redis cache get failed for key 'list_0_null' in cache 'designations': Unable to connect to Redis. Falling back to database query.
2026-09-07 14:42:25.145  WARN [http-nio-8080-exec-8] [trace:94553d65] c.d.E.config.CacheConfig                 : [CACHE WARNING] Redis cache put failed for key 'list_0_null' in cache 'designations': Unable to connect to Redis. Continuing execution.
2026-09-07 14:42:25.149  INFO [http-nio-8080-exec-8] [trace:94553d65] c.d.E.security.RequestLoggingFilter      : [HTTP OUT] GET /designations -> 200 (55ms)
2026-09-07 14:42:44.841  INFO [http-nio-8080-exec-9] [trace:9517f152] c.d.E.security.RequestLoggingFilter      : [HTTP IN]  POST /auth/login from IP 0:0:0:0:0:0:0:1
2026-09-07 14:42:45.196  INFO [http-nio-8080-exec-9] [trace:9517f152] c.d.E.service.AuthService                : [AUTH] User authenticated successfully: userId=103, publicId=ef6341dc-6aff-4252-983e-e5f2b16caaf1, email=admin@ems.local
2026-09-07 14:42:45.210  INFO [http-nio-8080-exec-9] [trace:9517f152] c.d.E.security.RequestLoggingFilter      : [HTTP OUT] POST /auth/login -> 200 (369ms)
2026-09-07 14:42:47.317  INFO [http-nio-8080-exec-10] [trace:6490e2a1] c.d.E.security.RequestLoggingFilter      : [HTTP IN]  GET /payroll/runs from IP 0:0:0:0:0:0:0:1
2026-09-07 14:42:47.412  INFO [http-nio-8080-exec-10] [trace:6490e2a1] c.d.E.security.RequestLoggingFilter      : [HTTP OUT] GET /payroll/runs -> 200 (95ms)
2026-09-07 14:42:49.465  INFO [http-nio-8080-exec-1] [trace:db8aff63] c.d.E.security.RequestLoggingFilter      : [HTTP IN]  GET /salaries from IP 0:0:0:0:0:0:0:1
2026-09-07 14:42:49.508  INFO [http-nio-8080-exec-1] [trace:db8aff63] c.d.E.security.RequestLoggingFilter      : [HTTP OUT] GET /salaries -> 200 (43ms)
2026-09-07 14:42:51.568  INFO [http-nio-8080-exec-3] [trace:8bc59b19] c.d.E.security.RequestLoggingFilter      : [HTTP IN]  GET /documents/pending from IP 0:0:0:0:0:0:0:1
2026-09-07 14:42:51.644  INFO [http-nio-8080-exec-3] [trace:8bc59b19] c.d.E.security.RequestLoggingFilter      : [HTTP OUT] GET /documents/pending -> 200 (76ms)
2026-09-07 15:58:12.957  INFO [http-nio-8080-exec-2] [trace:77ff03eb] c.d.E.security.RequestLoggingFilter      : [HTTP IN]  GET /health from IP 0:0:0:0:0:0:0:1
2026-09-07 15:58:13.811  INFO [http-nio-8080-exec-2] [trace:77ff03eb] c.d.E.security.RequestLoggingFilter      : [HTTP OUT] GET /health -> 200 (858ms)
2026-09-07 15:58:13.824  INFO [http-nio-8080-exec-4] [trace:e608d935] c.d.E.security.RequestLoggingFilter      : [HTTP IN]  GET /health from IP 0:0:0:0:0:0:0:1
2026-09-07 15:58:13.837  INFO [http-nio-8080-exec-4] [trace:e608d935] c.d.E.security.RequestLoggingFilter      : [HTTP OUT] GET /health -> 200 (13ms)
2026-09-07 15:58:33.457  INFO [http-nio-8080-exec-5] [trace:55bc2ace] c.d.E.security.RequestLoggingFilter      : [HTTP IN]  GET /health from IP 0:0:0:0:0:0:0:1
2026-09-07 15:58:33.473  INFO [http-nio-8080-exec-5] [trace:55bc2ace] c.d.E.security.RequestLoggingFilter      : [HTTP OUT] GET /health -> 200 (16ms)
2026-09-07 15:58:33.481  INFO [http-nio-8080-exec-6] [trace:203555a5] c.d.E.security.RequestLoggingFilter      : [HTTP IN]  GET /health from IP 0:0:0:0:0:0:0:1
2026-09-07 15:58:33.490  INFO [http-nio-8080-exec-6] [trace:203555a5] c.d.E.security.RequestLoggingFilter      : [HTTP OUT] GET /health -> 200 (9ms)
2026-09-07 15:58:33.620  INFO [http-nio-8080-exec-7] [trace:f9fd9c0b] c.d.E.security.RequestLoggingFilter      : [HTTP IN]  OPTIONS /leaves/balances/me from IP 0:0:0:0:0:0:0:1
2026-09-07 15:58:33.631  INFO [http-nio-8080-exec-1] [trace:2303d48f] c.d.E.security.RequestLoggingFilter      : [HTTP IN]  OPTIONS /departments from IP 0:0:0:0:0:0:0:1
2026-09-07 15:58:33.663  INFO [http-nio-8080-exec-9] [trace:9018ff04] c.d.E.security.RequestLoggingFilter      : [HTTP IN]  OPTIONS /payroll/runs?limit=100 from IP 0:0:0:0:0:0:0:1
2026-09-07 15:58:33.663  INFO [http-nio-8080-exec-8] [trace:a7362a52] c.d.E.security.RequestLoggingFilter      : [HTTP IN]  OPTIONS /leaves/requests?limit=100 from IP 0:0:0:0:0:0:0:1
2026-09-07 15:58:33.663  INFO [http-nio-8080-exec-10] [trace:46e41dc4] c.d.E.security.RequestLoggingFilter      : [HTTP IN]  OPTIONS /payroll/runs?limit=100 from IP 0:0:0:0:0:0:0:1
2026-09-07 15:58:33.663  INFO [http-nio-8080-exec-3] [trace:3ec8474c] c.d.E.security.RequestLoggingFilter      : [HTTP IN]  OPTIONS /attendance/records?limit=100 from IP 0:0:0:0:0:0:0:1
2026-09-07 15:58:33.669  INFO [http-nio-8080-exec-3] [trace:3ec8474c] c.d.E.security.RequestLoggingFilter      : [HTTP OUT] OPTIONS /attendance/records?limit=100 -> 200 (6ms)
2026-09-07 15:58:33.669  INFO [http-nio-8080-exec-7] [trace:f9fd9c0b] c.d.E.security.RequestLoggingFilter      : [HTTP OUT] OPTIONS /leaves/balances/me -> 200 (49ms)
2026-09-07 15:58:33.669  INFO [http-nio-8080-exec-1] [trace:2303d48f] c.d.E.security.RequestLoggingFilter      : [HTTP OUT] OPTIONS /departments -> 200 (38ms)
2026-09-07 15:58:33.675  INFO [http-nio-8080-exec-2] [trace:a970c3d4] c.d.E.security.RequestLoggingFilter      : [HTTP IN]  OPTIONS /reviews? from IP 0:0:0:0:0:0:0:1
2026-09-07 15:58:33.675  INFO [http-nio-8080-exec-4] [trace:f059e782] c.d.E.security.RequestLoggingFilter      : [HTTP IN]  OPTIONS /projects from IP 0:0:0:0:0:0:0:1
2026-09-07 15:58:33.675  INFO [http-nio-8080-exec-5] [trace:187f72b4] c.d.E.security.RequestLoggingFilter      : [HTTP IN]  OPTIONS /auth/pending-users from IP 0:0:0:0:0:0:0:1
2026-09-07 15:58:33.695  INFO [http-nio-8080-exec-2] [trace:a970c3d4] c.d.E.security.RequestLoggingFilter      : [HTTP OUT] OPTIONS /reviews? -> 200 (20ms)
2026-09-07 15:58:33.696  INFO [http-nio-8080-exec-8] [trace:a7362a52] c.d.E.security.RequestLoggingFilter      : [HTTP OUT] OPTIONS /leaves/requests?limit=100 -> 200 (33ms)
2026-09-07 15:58:33.696  INFO [http-nio-8080-exec-4] [trace:f059e782] c.d.E.security.RequestLoggingFilter      : [HTTP OUT] OPTIONS /projects -> 200 (21ms)
2026-09-07 15:58:33.696  INFO [http-nio-8080-exec-10] [trace:46e41dc4] c.d.E.security.RequestLoggingFilter      : [HTTP OUT] OPTIONS /payroll/runs?limit=100 -> 200 (33ms)
2026-09-07 15:58:33.695  INFO [http-nio-8080-exec-9] [trace:9018ff04] c.d.E.security.RequestLoggingFilter      : [HTTP OUT] OPTIONS /payroll/runs?limit=100 -> 200 (32ms)
2026-09-07 15:58:33.696  INFO [http-nio-8080-exec-5] [trace:187f72b4] c.d.E.security.RequestLoggingFilter      : [HTTP OUT] OPTIONS /auth/pending-users -> 200 (21ms)
2026-09-07 15:58:33.704  INFO [http-nio-8080-exec-6] [trace:eb78bbad] c.d.E.security.RequestLoggingFilter      : [HTTP IN]  OPTIONS /auth/pending-users from IP 0:0:0:0:0:0:0:1
2026-09-07 15:58:33.707  INFO [http-nio-8080-exec-3] [trace:e751b986] c.d.E.security.RequestLoggingFilter      : [HTTP IN]  OPTIONS /employees/search?limit=100 from IP 0:0:0:0:0:0:0:1
2026-09-07 15:58:33.715  INFO [http-nio-8080-exec-6] [trace:eb78bbad] c.d.E.security.RequestLoggingFilter      : [HTTP OUT] OPTIONS /auth/pending-users -> 200 (11ms)
2026-09-07 15:58:33.718  INFO [http-nio-8080-exec-3] [trace:e751b986] c.d.E.security.RequestLoggingFilter      : [HTTP OUT] OPTIONS /employees/search?limit=100 -> 200 (11ms)
2026-09-07 15:59:10.605  INFO [http-nio-8080-exec-7] [trace:80051158] c.d.E.security.RequestLoggingFilter      : [HTTP IN]  GET /health from IP 0:0:0:0:0:0:0:1
2026-09-07 15:59:10.619  INFO [http-nio-8080-exec-7] [trace:80051158] c.d.E.security.RequestLoggingFilter      : [HTTP OUT] GET /health -> 200 (14ms)
2026-09-07 15:59:10.620  INFO [http-nio-8080-exec-1] [trace:b002c884] c.d.E.security.RequestLoggingFilter      : [HTTP IN]  GET /health from IP 0:0:0:0:0:0:0:1
2026-09-07 15:59:10.627  INFO [http-nio-8080-exec-1] [trace:b002c884] c.d.E.security.RequestLoggingFilter      : [HTTP OUT] GET /health -> 200 (7ms)
2026-09-07 15:59:25.616  INFO [http-nio-8080-exec-8] [trace:e6db9a91] c.d.E.security.RequestLoggingFilter      : [HTTP IN]  GET /health from IP 0:0:0:0:0:0:0:1
2026-09-07 15:59:25.633  INFO [http-nio-8080-exec-8] [trace:e6db9a91] c.d.E.security.RequestLoggingFilter      : [HTTP OUT] GET /health -> 200 (17ms)
2026-09-07 15:59:40.611  INFO [http-nio-8080-exec-5] [trace:63b029cc] c.d.E.security.RequestLoggingFilter      : [HTTP IN]  GET /health from IP 0:0:0:0:0:0:0:1
2026-09-07 15:59:40.620  INFO [http-nio-8080-exec-5] [trace:63b029cc] c.d.E.security.RequestLoggingFilter      : [HTTP OUT] GET /health -> 200 (9ms)
2026-09-07 15:59:55.608  INFO [http-nio-8080-exec-6] [trace:32482f60] c.d.E.security.RequestLoggingFilter      : [HTTP IN]  GET /health from IP 0:0:0:0:0:0:0:1
2026-09-07 15:59:55.616  INFO [http-nio-8080-exec-6] [trace:32482f60] c.d.E.security.RequestLoggingFilter      : [HTTP OUT] GET /health -> 200 (8ms)
2026-09-07 16:00:10.601  INFO [http-nio-8080-exec-3] [trace:1ceba68a] c.d.E.security.RequestLoggingFilter      : [HTTP IN]  GET /health from IP 0:0:0:0:0:0:0:1
2026-09-07 16:00:10.613  INFO [http-nio-8080-exec-3] [trace:1ceba68a] c.d.E.security.RequestLoggingFilter      : [HTTP OUT] GET /health -> 200 (12ms)
2026-09-07 16:00:25.610  INFO [http-nio-8080-exec-1] [trace:b6183b10] c.d.E.security.RequestLoggingFilter      : [HTTP IN]  GET /health from IP 0:0:0:0:0:0:0:1
2026-09-07 16:00:25.618  INFO [http-nio-8080-exec-1] [trace:b6183b10] c.d.E.security.RequestLoggingFilter      : [HTTP OUT] GET /health -> 200 (8ms)
2026-09-07 17:17:09.281  WARN [HikariPool-1 housekeeper] [trace:NONE] com.zaxxer.hikari.pool.HikariPool        : HikariPool-1 - Thread starvation or clock leap detected (housekeeper delta=13m5s566ms231µs300ns).
